season,sport,conference,conference_code,team,player_name,first_name,last_name,position,team_code,name,checkname,linkup_name,games_played,games_started,uniform,year,hitting_stats_at_bats,hitting_stats_runs,hitting_stats_hits,hitting_stats_runs_batted_in,hitting_stats_doubles,hitting_stats_triples,hitting_stats_home_runs,hitting_stats_walks,hitting_stats_intentional_walks,hitting_stats_hit_by_pitch,hitting_stats_strikeouts,hitting_stats_strikeouts_looking,hitting_stats_stolen_bases,hitting_stats_caught_stealing,hitting_stats_sacrifice_hits,hitting_stats_sacrifice_flies,hitting_stats_reached_on_catchers_interference,hitting_stats_reached_on_error,hitting_stats_reached_on_fielders_choice,hitting_stats_grounded_into_doubleplay,hitting_stats_picked_off,hitting_stats_total_double_plays,hitting_stats_total_triple_plays,hitting_stats_onbase_percentage,hitting_stats_total_bases,hitting_stats_total_plate_appearances,hitting_stats_stolen_base_attempts,hitting_stats_stolen_base_percentage,hitting_stats_batting_average,hitting_stats_slugging_percentage,fielding_stats_putouts,fielding_stats_assists,fielding_stats_errors,fielding_stats_passed_balls,fielding_stats_catchers_interference,fielding_stats_stolen_bases_against,fielding_stats_caught_stealing_by,fielding_stats_involved_in_double_plays,fielding_stats_involved_in_triple_plays,fielding_stats_total_chances,fielding_stats_fielding_percentage,fielding_stats_stolen_bases_against_attempts,fielding_stats_stolen_bases_against_percentage,pitching_stats,hitting_summary_stats_times_reached_base_on_error,hitting_summary_stats_times_reached_base_on_fielders_choice,hitting_summary_stats_times_grouded_out,hitting_summary_stats_times_flied_out,hitting_summary_stats_hits_ab_with_2_outs,hitting_summary_stats_batting_avg_with_2_outs,hitting_summary_stats_hits_with_2_outs,hitting_summary_stats_ab_with_2_outs,hitting_summary_stats_hits_ab_with_runners_on_base,hitting_summary_stats_batting_avg_with_runners_on_base,hitting_summary_stats_hits_with_runners_on_base,hitting_summary_stats_ab_with_runners_on_base,hitting_summary_stats_hits_ab_with_runners_in_scoring_position,hitting_summary_stats_batting_avg_with_runners_in_scoring_position,hitting_summary_stats_hits_with_runners_in_scoring_position,hitting_summary_stats_ab_with_runners_in_scoring_position,hitting_summary_stats_hits_ab_vs_left_handed_pitchers,hitting_summary_stats_batting_avg_vs_left_handed_pitchers,hitting_summary_stats_hits_vs_left_handed_pitchers,hitting_summary_stats_ab_vs_left_handed_pitchers,hitting_summary_stats_hits_ab_vs_right_handed_pitchers,hitting_summary_stats_batting_avg_vs_right_handed_pitchers,hitting_summary_stats_hits_vs_right_handed_pitchers,hitting_summary_stats_ab_vs_right_handed_pitchers,hitting_summary_stats_success_opps_as_leadoff_batter_in_inning,hitting_summary_stats_success_opps_to_drive_in_runner_from_3rd_with_less_than_2_outs,hitting_summary_stats_number_of_runners_advanced_ab,hitting_summary_stats_hits_ab_with_bases_loaded,hitting_summary_stats_batting_avg_with_bases_loaded,hitting_summary_stats_hits_with_bases_loaded,hitting_summary_stats_ab_with_bases_loaded,hitting_summary_stats_hits_ab_as_pinch_hitter,hitting_summary_stats_batting_avg_as_pinch_hitter,hitting_summary_stats_hits_as_pinch_hitter,hitting_summary_stats_ab_as_pinch_hitter,hitting_summary_stats_times_advanced_at_least_1_runner_with_an_out,hitting_summary_stats_runners_left_on_base,hitting_summary_stats_two_out_rbis,pitching_summary_stats,team_name,team_id,sdrm_id,this_is_softball,pitching_stats_hits_allowed,pitching_stats_appearances,pitching_stats_games_started,pitching_stats_wins,pitching_stats_losses,pitching_stats_saves,pitching_stats_complete_games,pitching_stats_shutouts,pitching_stats_credit_for_combined_shutout,pitching_stats_games_finished,pitching_stats_innings_pitched,pitching_stats_runs_allowed,pitching_stats_earned_runs_allowed,pitching_stats_walks_allowed,pitching_stats_strikeouts,pitching_stats_doubles_allowed,pitching_stats_triples_allowed,pitching_stats_home_runs_allowed,pitching_stats_earned_run_average,pitching_stats_opponents_at_bats,pitching_stats_batters_faced,pitching_stats_wild_pitches,pitching_stats_hit_batters,pitching_stats_balks,pitching_stats_sacrifice_flies_allowed,pitching_stats_sacrifice_hits_allowed,pitching_stats_catchers_interference_allowed,pitching_stats_intentional_walks,pitching_stats_strikeouts_looking,pitching_stats_opponent_batting_average,pitching_summary_stats_fly_outs_allowed,pitching_summary_stats_ground_outs_allowed,pitching_summary_stats_runners_picked_off,pitching_summary_stats_success_opps_vs_leadoff_batters,pitching_summary_stats_hits_ab_with_runners_on_base,pitching_summary_stats_hits_ab_vs_left_handed_batters,pitching_summary_stats_hits_ab_vs_right_handed_batters,pitching_summary_stats_hits_ab_with_2_outs,hitting_stats,fielding_stats,hitting_summary_stats,composite_score,global_rank,rating
2026-27,softball,American Rivers Conference (ARC),arc,Simpson,Megan Heidelbauer,Megan,Heidelbauer,,641,Megan Heidelbauer,0,0SIMPSON,47,47,,,158,51,66,69,16,6,10,11,0,2,17,5,9,0,2,2,0,0,0,0,0,1,0,0.457,124,175,9,1.000,.418,.785,287,6,3,0,0,0,0,3,0,296,.990,0,.000,,6,3,27,45,"20,44",0.45,20,44,"48,105",0.46,48,105,"40,83",0.48,40,83,"1,5",0.20,1,5,0,0,0,0,"7,16","13,20","61,110",124,0,0,0,"1,1",1.00,1,1,12,24,0,,Simpson,SIMPSON,0,True,,,,,,,,,,,,,,,,,,,,,,,,,,,,,,,,,,,,,,,,,,14.921024321052478,1,99
2026-27,softball,American Rivers Conference (ARC),arc,Simpson,Ashlyn Steen,Ashlyn,Steen,,641,Ashlyn Steen,0,0SIMPSON,48,48,,,148,68,72,32,13,8,5,21,1,13,8,2,44,4,1,1,0,0,0,0,0,3,0,0.579,116,184,48,.917,.486,.784,75,6,3,0,0,0,0,2,0,84,.964,0,.000,,11,2,32,29,"26,43",0.60,26,43,"30,58",0.52,30,58,"21,39",0.54,21,39,"2,5",0.40,2,5,0,0,0,0,"44,73","8,16","47,67",2,0,0,0,0,0,0,0,10,17,0,,Simpson,SIMPSON,0,True,,,,,,,,,,,,,,,,,,,,,,,,,,,,,,,,,,,,,,,,,,14.650158338878251,2,99
2026-27,softball,American Rivers Conference (ARC),arc,Wartburg,Madi Petersen,Madi,Petersen,,750,Madi Petersen,0,0WARTBURG,1,0,,,1,1,1,0,1,0,0,0,0,0,0,0,0,0,0,0,0,0,0,0,0,0,0,1.000,2,1,0,.000,1.000,2.000,0,0,0,0,0,0,0,0,0,0,0.000,0,.000,,0,0,0,0,0,0,0,0,"1,1",1.00,1,1,"1,1",1.00,1,1,0,0,0,0,0,0,0,0,0,0,"1,1",0,0,0,0,11,0,0,0,0,0,0,,Wartburg,WARTBURG,1048-6004,True,,,,,,,,,,,,,,,,,,,,,,,,,,,,,,,,,,,,,,,,,,13.822567717221553,3,99
2026-27,softball,American Rivers Conference (ARC),arc,Loras,Kiya Steger,Kiya,Steger,,364,Kiya Steger,0,0LORAS,47,47,,,145,24,53,53,11,2,10,12,0,4,21,4,1,0,0,2,0,0,0,0,0,1,0,0.423,98,163,1,1.000,.366,.676,43,7,1,0,0,11,1,0,0,51,.980,12,.917,,3,6,24,46,"30,67",0.45,30,67,"42,95",0.44,42,95,"34,69",0.49,34,69,"1,6",0.17,1,6,0,0,0,0,"5,24","7,14","55,100",124,0,0,0,1,0,0,0,6,41,0,,Loras,LORAS,1045-4121,True,90,1,14,7,7,3,7,1,0,0,88.0,47,37,29,73,26,1,7,2.94,355,392,3,2,0,3,3,0,0,25,.254,120,69,0,"4,11","11,27","2,4",0,"13,25",,,,13.403823361466728,4,98
2026-27,softball,American Rivers Conference (ARC),arc,Central,Sydney Hoskins,Sydney,Hoskins,,126,Sydney Hoskins,0,0CENTRAL,2,0,,,2,1,2,4,1,0,0,1,0,0,0,0,0,0,0,1,0,0,0,0,0,0,0,0.750,3,4,0,.000,1.000,1.500,3,0,0,0,0,0,0,0,0,3,1.000,0,.000,,0,0,0,1,"2,2",1.00,2,2,"1,1",1.00,1,1,"1,1",1.00,1,1,0,0,0,0,0,0,0,0,0,"1,1","2,2",55,0,0,0,55,0,0,0,2,0,0,,Central,CENTRAL,1041-2888,True,,,,,,,,,,,,,,,,,,,,,,,,,,,,,,,,,,,,,,,,,,10.950513635484707,5,98
2026-27,softball,American Rivers Conference (ARC),arc,Wartburg,Reagan Hassel,Reagan,Hassel,,750,Reagan Hassel,0,0WARTBURG,43,43,,,156,45,61,40,13,2,5,9,0,0,11,7,31,3,2,3,0,0,0,0,0,0,0,0.417,93,170,34,.912,.391,.596,54,96,13,0,0,0,0,9,0,163,.920,0,.000,,9,4,31,51,"14,41",0.34,14,41,"34,85",0.40,34,85,"20,60",0.33,20,60,"3,12",0.25,3,12,0,0,0,0,"14,33","12,17","55,91",124,0,0,0,0,0,0,0,18,32,0,,Wartburg,WARTBURG,1048-5208,True,,,,,,,,,,,,,,,,,,,,,,,,,,,,,,,,,,,,,,,,,,10.888349335459136,6,98
2026-27,softball,American Rivers Conference (ARC),arc,Central,Maddy Shannon,Maddy,Shannon,,126,Maddy Shannon,0,0CENTRAL,24,0,,,1,8,1,0,0,0,0,0,0,0,0,0,2,1,0,0,0,0,0,0,0,0,0,1.000,1,1,3,.667,1.000,1.000,0,0,0,0,0,0,0,0,0,0,0.000,0,.000,,0,0,0,0,0,0,0,0,"1,1",1.00,1,1,0,0,0,0,0,0,0,0,0,0,0,0,0,0,"1,1",0,0,0,0,22,0,0,0,0,0,0,,Central,CENTRAL,1041-2437,True,,,,,,,,,,,,,,,,,,,,,,,,,,,,,,,,,,,,,,,,,,10.487554975795803,7,97
2026-27,softball,American Rivers Conference (ARC),arc,Loras,Kaili Henning,Kaili,Henning,,364,Kaili Henning,0,0LORAS,47,47,,,157,33,51,27,15,0,2,12,1,3,19,3,2,1,0,2,0,0,0,1,0,3,0,0.379,72,174,3,.667,.325,.459,6,20,0,0,0,13,4,0,0,26,1.000,17,.765,,5,8,25,57,"17,46",0.37,17,46,"31,96",0.32,31,96,"18,57",0.32,18,57,"1,9",0.11,1,9,0,0,0,0,"6,22","8,22","50,103",9,0,0,0,44,0,0,0,11,24,0,,Loras,LORAS,1045-4070,True,97,1,21,15,6,4,16,10,0,0,147.0,54,45,66,160,23,2,11,2.14,525,610,6,3,0,2,14,0,0,37,.185,179,91,1,"10,24","8,46","1,5",0,"9,32",,,,10.10348627467162,8,97
2026-27,softball,American Rivers Conference (ARC),arc,Central,Rylee Dunkin,Rylee,Dunkin,,126,Rylee Dunkin,0,0CENTRAL,44,44,,,130,53,48,25,6,4,5,29,0,3,7,4,25,4,2,0,0,0,0,0,1,1,0,0.494,77,164,29,.862,.369,.592,177,30,1,7,0,39,12,0,0,208,.995,51,.765,,7,5,39,30,"9,31",0.29,9,31,"17,49",0.35,17,49,"14,35",0.40,14,35,"1,1",1.00,1,1,0,0,0,0,"42,74","6,10","37,56",55,0,0,0,0,0,0,0,10,20,0,,Central,CENTRAL,1041-2695,True,,,,,,,,,,,,,,,,,,,,,,,,,,,,,,,,,,,,,,,,,,10.03080885651033,9,97
2026-27,softball,American Rivers Conference (ARC),arc,Loras,Grace Vidmar,Grace,Vidmar,,364,Grace Vidmar,0,0LORAS,1,0,,,1,0,1,1,0,0,0,0,0,0,0,0,0,0,0,0,0,0,0,0,0,0,0,1.000,1,1,0,.000,1.000,1.000,0,0,0,0,0,0,0,0,0,0,0.000,0,.000,,0,0,0,0,"1,1",1.00,1,1,"1,1",1.00,1,1,"1,1",1.00,1,1,0,0,0,0,0,0,0,0,0,0,"1,1",0,0,0,0,22,0,0,0,0,0,0,,Loras,LORAS,1045-4324,True,,,,,,,,,,,,,,,,,,,,,,,,,,,,,,,,,,,,,,,,,,10.017967505895303,10,96
2026-27,softball,American Rivers Conference (ARC),arc,Simpson,Katie Shaner,Katie,Shaner,,641,Katie Shaner,0,0SIMPSON,48,48,,,146,30,57,44,13,1,6,10,0,1,3,1,5,0,6,1,0,0,0,0,1,0,0,0.430,90,164,5,1.000,.390,.616,49,3,4,0,0,0,0,1,0,56,.929,0,.000,,6,6,39,47,"17,55",0.31,17,55,"35,86",0.41,35,86,"30,68",0.44,30,68,"4,6",0.67,4,6,0,0,0,0,"16,32","15,20","57,95",24,0,0,0,0,0,0,0,17,32,0,,Simpson,SIMPSON,0,True,,,,,,,,,,,,,,,,,,,,,,,,,,,,,,,,,,,,,,,,,,9.038198020729302,11,96
2026-27,softball,American Rivers Conference (ARC),arc,Wartburg,Bella Mulder,Bella,Mulder,,750,Bella Mulder,0,0WARTBURG,44,43,,,139,30,51,43,13,1,8,16,0,2,24,10,6,3,0,2,0,0,0,1,0,3,0,0.434,90,159,9,.667,.367,.647,27,28,5,0,0,0,0,5,0,60,.917,0,.000,,7,4,9,46,"22,46",0.48,22,46,"35,93",0.38,35,93,"26,66",0.39,26,66,"6,13",0.46,6,13,0,0,0,0,"12,24","9,20","49,98",58,0,0,0,1,0,0,0,6,25,0,,Wartburg,WARTBURG,1048-5460,True,0,0,0,0,0,0,0,0,0,0,0.0,0,0,0,0,0,0,0,0.00,0,0,0,0,0,0,0,0,0,0,.000,0,0,0,0,0,0,0,0,,,,8.883526075665756,12,96
2026-27,softball,American Rivers Conference (ARC),arc,Nebraska Wesleyan,Jenna Kimberling,Jenna,Kimberling,,462,Jenna Kimberling,0,0NEB. WES,36,36,,,106,28,39,34,8,4,5,13,3,5,14,5,2,0,4,2,0,0,0,1,0,1,0,0.452,70,130,2,1.000,.368,.660,83,56,7,0,0,0,0,7,0,146,.952,0,.000,,3,4,19,36,"13,36",0.36,13,36,"25,59",0.42,25,59,"19,41",0.46,19,41,"3,4",0.75,3,4,0,0,0,0,"8,20","12,17","38,66",116,0,0,0,0,0,0,0,9,16,0,,Nebraska Wesleyan,NEB. WES,0,True,,,,,,,,,,,,,,,,,,,,,,,,,,,,,,,,,,,,,,,,,,7.686178237406432,13,95
2026-27,softball,American Rivers Conference (ARC),arc,Simpson,Brielyn Ginnaty,Brielyn,Ginnaty,,641,Brielyn Ginnaty,0,0SIMPSON,41,36,,,109,10,35,33,6,0,8,6,0,3,8,2,0,0,0,0,0,0,0,1,0,1,0,0.373,65,118,0,.000,.321,.596,-1,-3,0,0,0,0,0,0,0,-4,1.000,0,.000,,6,1,19,38,"18,42",0.43,18,42,"26,67",0.39,26,67,"20,48",0.42,20,48,"1,1",1.00,1,1,0,0,0,0,"5,12","4,12","37,69",57,0,0,0,110,0,0,0,5,16,0,,Simpson,SIMPSON,0,True,,,,,,,,,,,,,,,,,,,,,,,,,,,,,,,,,,,,,,,,,,7.1364921364598235,14,95
2026-27,softball,American Rivers Conference (ARC),arc,Wartburg,Jenna Wiebenga,Jenna,Wiebenga,,750,Jenna Wiebenga,0,0WARTBURG,44,44,,,130,26,38,43,10,1,5,20,2,1,8,2,4,0,9,1,0,0,0,1,0,2,0,0.388,65,161,4,1.000,.292,.500,345,10,7,0,0,0,0,18,0,362,.981,0,.000,,10,10,40,40,"13,55",0.24,13,55,"23,79",0.29,23,79,"18,54",0.33,18,54,"2,8",0.25,2,8,0,0,0,0,"11,25","16,24","47,92",90,0,0,0,"0,1",0,0,1,16,41,0,,Wartburg,WARTBURG,1048-4841,True,,,,,,,,,,,,,,,,,,,,,,,,,,,,,,,,,,,,,,,,,,6.872168290920451,15,94
2026-27,softball,American Rivers Conference (ARC),arc,Wartburg,Katelyn Klever,Katelyn,Klever,,750,Katelyn Klever,0,0WARTBURG,35,22,,,69,12,25,20,6,2,3,6,0,0,17,5,4,0,0,1,0,0,0,0,0,1,0,0.408,44,76,4,1.000,.362,.638,4,30,1,0,0,15,5,2,0,35,.971,20,.750,,2,1,10,17,"6,21",0.29,6,21,"14,37",0.38,14,37,"12,29",0.41,12,29,"0,2",0,0,2,0,0,0,0,"8,17","7,10","17,38",70,0,0,0,43,0,0,0,3,18,0,,Wartburg,WARTBURG,1048-6002,True,121,1,16,13,5,1,4,1,0,0,102.2,65,58,32,61,26,3,6,3.95,416,458,9,0,0,3,7,0,0,15,.291,118,109,1,"0,4","3,8","0,2",0,"2,6",,,,6.762187330549805,16,94
2026-27,softball,American Rivers Conference (ARC),arc,Wartburg,Carley Bredar,Carley,Bredar,,750,Carley Bredar,0,0WARTBURG,44,44,,,137,42,53,24,7,1,0,15,0,1,6,3,27,1,5,2,0,0,0,1,0,1,0,0.445,62,160,28,.964,.387,.453,60,3,3,0,0,0,0,1,0,66,.955,0,.000,,3,3,37,43,"12,37",0.32,12,37,"26,64",0.41,26,64,"18,41",0.44,18,41,"4,11",0.36,4,11,0,0,0,0,"22,50","10,14","46,73",29,0,0,0,0,0,0,0,18,24,0,,Wartburg,WARTBURG,1048-5207,True,,,,,,,,,,,,,,,,,,,,,,,,,,,,,,,,,,,,,,,,,,6.483672655293732,17,94
2026-27,softball,American Rivers Conference (ARC),arc,Central,Sarah Stufflebeam,Sarah,Stufflebeam,,126,Sarah Stufflebeam,0,0CENTRAL,44,44,,,128,29,43,38,11,2,2,13,0,4,4,3,12,2,6,0,0,0,0,1,0,3,0,0.414,64,151,14,.857,.336,.500,52,69,4,0,0,0,0,7,0,125,.968,0,.000,,1,4,28,57,"14,29",0.48,14,29,"30,77",0.39,30,77,"23,54",0.43,23,54,"1,1",1.00,1,1,0,0,0,0,"8,25","13,23","47,86",336,0,0,0,2,0,0,0,16,12,0,,Central,CENTRAL,1041-3220,True,,,,,,,,,,,,,,,,,,,,,,,,,,,,,,,,,,,,,,,,,,6.2660435915921475,18,94
2026-27,softball,American Rivers Conference (ARC),arc,Simpson,Mackenzie James,Mackenzie,James,,641,Mackenzie James,0,0SIMPSON,48,48,,,143,32,45,38,17,1,3,17,0,0,2,1,7,0,6,2,0,0,0,1,0,2,0,0.383,73,168,7,1.000,.315,.510,58,3,5,0,0,0,0,0,0,66,.924,0,.000,,5,2,36,63,"19,54",0.35,19,54,"26,79",0.33,26,79,"20,62",0.32,20,62,"1,5",0.20,1,5,0,0,0,0,"7,21","16,23","55,95","1,1",1.00,1,1,0,0,0,0,22,24,0,,Simpson,SIMPSON,0,True,,,,,,,,,,,,,,,,,,,,,,,,,,,,,,,,,,,,,,,,,,6.251721921023912,19,93
2026-27,softball,American Rivers Conference (ARC),arc,Coe,Maddie Harris,Maddie,Harris,,150,Maddie Harris,0,0COE,40,40,,,135,23,56,37,16,5,1,9,0,3,8,2,5,2,1,1,0,0,0,0,0,0,0,0.459,85,149,7,.714,.415,.630,245,12,3,0,0,0,0,4,0,260,.988,0,.000,,9,11,32,33,"22,43",0.51,22,43,"38,94",0.40,38,94,"26,59",0.44,26,59,"4,7",0.57,4,7,0,0,0,0,"8,15","10,13","63,103",87,0,0,0,0,0,0,0,11,21,0,,Coe,COE,1042-6947,True,,,,,,,,,,,,,,,,,,,,,,,,,,,,,,,,,,,,,,,,,,6.149802674388483,20,93
2026-27,softball,American Rivers Conference (ARC),arc,Simpson,Addison Gookin,Addison,Gookin,,641,Addison Gookin,0,0SIMPSON,39,35,,,99,24,29,17,4,3,6,9,0,1,14,1,7,1,4,2,0,0,0,0,0,0,0,0.351,57,115,8,.875,.293,.576,53,44,7,0,0,0,0,1,0,104,.933,0,.000,,2,4,19,40,"11,31",0.35,11,31,"15,49",0.31,15,49,"9,34",0.26,9,34,"1,1",1.00,1,1,0,0,0,0,"6,25","5,12","27,56",1,0,0,0,3,0,0,0,12,18,0,,Simpson,SIMPSON,0,True,,,,,,,,,,,,,,,,,,,,,,,,,,,,,,,,,,,,,,,,,,5.935386352053634,21,93
2026-27,softball,American Rivers Conference (ARC),arc,Loras,Katherine Svigelj,Katherine,Svigelj,,364,Katherine Svigelj,0,0LORAS,47,47,,,149,37,53,28,11,3,2,20,1,8,34,13,4,2,1,1,0,0,0,0,1,0,0,0.455,76,179,6,.667,.356,.510,34,67,9,0,0,0,0,3,0,110,.918,0,.000,,9,7,26,25,"12,46",0.26,12,46,"25,75",0.33,25,75,"16,56",0.29,16,56,"1,9",0.11,1,9,0,0,0,0,"31,65","10,16","48,86",76,0,0,0,0,0,0,0,4,37,0,,Loras,LORAS,1045-3839,True,,,,,,,,,,,,,,,,,,,,,,,,,,,,,,,,,,,,,,,,,,5.750819720270938,22,93
2026-27,softball,American Rivers Conference (ARC),arc,Loras,Ava Franklin,Ava,Franklin,,364,Ava Franklin,0,0LORAS,47,47,,,153,44,54,35,6,1,1,10,1,2,14,5,5,0,12,2,0,0,0,1,0,3,0,0.395,65,179,5,1.000,.353,.425,65,84,12,0,0,0,0,4,0,161,.925,0,.000,,7,5,43,49,"9,36",0.25,9,36,"32,87",0.37,32,87,"25,55",0.45,25,55,"5,10",0.50,5,10,0,0,0,0,"10,28","15,20","58,104",113,0,0,0,0,0,0,0,25,36,0,,Loras,LORAS,1045-3556,True,,,,,,,,,,,,,,,,,,,,,,,,,,,,,,,,,,,,,,,,,,5.480642153906219,23,92
2026-27,softball,American Rivers Conference (ARC),arc,Coe,Grace Mccarty,Grace,Mccarty,,150,Grace Mccarty,0,0COE,40,40,,,111,37,42,24,11,0,0,36,0,0,6,3,11,1,1,2,0,0,0,0,0,2,0,0.523,53,150,12,.917,.378,.477,46,0,6,0,0,0,0,0,0,52,.885,0,.000,,2,4,17,46,"11,26",0.42,11,26,"23,60",0.38,23,60,"15,34",0.44,15,34,"3,8",0.38,3,8,0,0,0,0,"13,24","11,16","38,69",19,0,0,0,0,0,0,0,8,16,0,,Coe,COE,1042-7278,True,,,,,,,,,,,,,,,,,,,,,,,,,,,,,,,,,,,,,,,,,,5.4083814877973,24,92
2026-27,softball,American Rivers Conference (ARC),arc,Central,Emma Anderson,Emma,Anderson,,126,Emma Anderson,0,0CENTRAL,41,35,,,67,22,22,14,6,2,2,16,0,2,11,4,19,4,2,0,0,0,0,0,0,0,0,0.471,38,87,23,.826,.328,.567,36,1,1,0,0,0,0,1,0,38,.974,0,.000,,3,2,13,19,"5,24",0.21,5,24,"12,39",0.31,12,39,"8,30",0.27,8,30,0,0,0,0,0,0,0,0,"13,19","4,9","24,45",18,0,0,0,66,0,0,0,5,16,0,,Central,CENTRAL,1041-2884,True,,,,,,,,,,,,,,,,,,,,,,,,,,,,,,,,,,,,,,,,,,5.400800300094138,25,92
2026-27,softball,American Rivers Conference (ARC),arc,Wartburg,Addy Wells,Addy,Wells,,750,Addy Wells,0,0WARTBURG,40,40,,,107,28,32,27,5,1,3,16,0,1,26,7,11,3,2,4,0,0,0,0,1,0,0,0.383,48,130,14,.786,.299,.449,28,87,15,0,0,0,0,2,0,130,.885,0,.000,,5,4,21,25,"14,35",0.40,14,35,"18,53",0.34,18,53,"15,40",0.38,15,40,"1,8",0.13,1,8,0,0,0,0,"8,24","10,16","34,62",24,0,0,0,0,0,0,0,11,8,0,,Wartburg,WARTBURG,1048-5217,True,,,,,,,,,,,,,,,,,,,,,,,,,,,,,,,,,,,,,,,,,,5.314441196654214,26,92
2026-27,softball,American Rivers Conference (ARC),arc,Coe,Hadyn Shoots,Hadyn,Shoots,,150,Hadyn Shoots,0,0COE,39,38,,,114,22,27,19,7,0,7,11,0,0,34,7,3,0,0,1,0,0,0,0,0,0,0,0.302,55,126,3,1.000,.237,.482,27,61,7,0,0,0,0,1,0,95,.926,0,.000,,1,1,12,40,"7,41",0.17,7,41,"14,64",0.22,14,64,"7,39",0.18,7,39,"2,4",0.50,2,4,0,0,0,0,"9,27","3,6","23,69",22,0,0,0,0,0,0,0,4,36,0,,Coe,COE,1042-6661,True,,,,,,,,,,,,,,,,,,,,,,,,,,,,,,,,,,,,,,,,,,5.160271687221073,27,91
2026-27,softball,American Rivers Conference (ARC),arc,Univ. of Dubuque,Kaitlyn Powell,Kaitlyn,Powell,,192,Kaitlyn Powell,0,0DUBUQUE,38,37,,,122,27,47,17,7,5,2,20,0,3,4,2,3,2,0,0,0,0,0,0,0,1,0,0.483,70,145,5,.600,.385,.574,75,78,7,0,0,0,0,5,0,160,.956,0,.000,,4,1,28,39,"12,31",0.39,12,31,"21,49",0.43,21,49,"17,37",0.46,17,37,0,0,0,0,0,0,0,0,"19,52","3,6","33,55",110,0,0,0,0,0,0,0,5,24,0,,Univ. of Dubuque,DUBUQUE,1044-1532,True,,,,,,,,,,,,,,,,,,,,,,,,,,,,,,,,,,,,,,,,,,5.0712944428818565,28,91
2026-27,softball,American Rivers Conference (ARC),arc,Simpson,Allison Schertz,Allison,Schertz,,641,Allison Schertz,0,0SIMPSON,4,0,,,2,0,1,1,1,0,0,1,0,0,1,0,0,0,0,0,0,0,0,0,0,0,0,0.667,2,3,0,.000,.500,1.000,2,0,0,0,0,0,0,0,0,2,1.000,0,.000,,0,0,0,0,"0,1",0,0,1,"1,2",0.50,1,2,"1,2",0.50,1,2,0,0,0,0,0,0,0,0,"1,1",0,"1,2",0,0,0,0,2,0,0,0,0,1,0,,Simpson,SIMPSON,0,True,,,,,,,,,,,,,,,,,,,,,,,,,,,,,,,,,,,,,,,,,,4.86857569938493,29,91
2026-27,softball,American Rivers Conference (ARC),arc,Wartburg,Liz Kruckenberg,Liz,Kruckenberg,,750,Liz Kruckenberg,0,0WARTBURG,44,43,,,127,32,46,15,5,3,0,11,0,0,13,3,23,2,1,0,0,0,0,0,0,0,0,0.413,57,139,25,.920,.362,.449,57,3,1,0,0,0,0,0,0,61,.984,0,.000,,7,6,32,27,"12,31",0.39,12,31,"29,74",0.39,29,74,"16,44",0.36,16,44,"7,11",0.64,7,11,0,0,0,0,"17,31","7,16","46,78",138,0,0,0,14,0,0,0,8,16,0,,Wartburg,WARTBURG,1048-5458,True,,,,,,,,,,,,,,,,,,,,,,,,,,,,,,,,,,,,,,,,,,4.76660724677923,30,91
2026-27,softball,American Rivers Conference (ARC),arc,Wartburg,Ally Happ,Ally,Happ,,750,Ally Happ,0,0WARTBURG,39,36,,,66,37,20,12,0,1,0,10,0,15,15,9,26,1,4,1,0,0,0,0,0,0,0,0.489,22,96,27,.963,.303,.333,51,83,10,0,0,0,0,10,0,144,.931,0,.000,,0,3,18,17,"5,20",0.25,5,20,"13,37",0.35,13,37,"9,28",0.32,9,28,"0,5",0,0,5,0,0,0,0,"9,16","7,14","29,49",2,0,0,0,0,0,0,0,9,9,0,,Wartburg,WARTBURG,1048-4833,True,,,,,,,,,,,,,,,,,,,,,,,,,,,,,,,,,,,,,,,,,,4.5543241963021925,31,90
2026-27,softball,American Rivers Conference (ARC),arc,Central,Larissa Miller,Larissa,Miller,,126,Larissa Miller,0,0CENTRAL,44,44,,,121,42,38,13,2,0,0,27,0,0,19,9,21,4,6,0,0,0,0,0,1,2,0,0.439,40,154,25,.840,.314,.331,98,67,7,0,0,0,0,7,0,172,.959,0,.000,,8,5,50,10,"6,26",0.23,6,26,"25,70",0.36,25,70,"14,43",0.33,14,43,"0,1",0,0,1,0,0,0,0,"6,18","5,12","61,88",81,0,0,0,0,0,0,0,17,15,0,,Central,CENTRAL,1041-2891,True,,,,,,,,,,,,,,,,,,,,,,,,,,,,,,,,,,,,,,,,,,4.291610384693969,32,90
2026-27,softball,American Rivers Conference (ARC),arc,Wartburg,Alexis Larson,Alexis,Larson,,750,Alexis Larson,0,0WARTBURG,44,44,,,111,22,26,27,9,3,3,14,0,2,17,5,10,1,4,2,0,0,0,0,1,0,0,0.326,50,133,11,.909,.234,.450,158,29,4,6,0,46,11,1,0,191,.979,57,.807,,3,3,26,44,"7,42",0.17,7,42,"15,58",0.26,15,58,"14,40",0.35,14,40,"3,9",0.33,3,9,0,0,0,0,"8,20","9,12","35,70",16,0,0,0,7,0,0,0,16,31,0,,Wartburg,WARTBURG,1048-4835,True,,,,,,,,,,,,,,,,,,,,,,,,,,,,,,,,,,,,,,,,,,4.220021635636043,33,90
2026-27,softball,American Rivers Conference (ARC),arc,Loras,Ellie Baker,Ellie,Baker,,364,Ellie Baker,0,0LORAS,47,47,,,103,35,38,6,1,1,0,27,0,4,23,9,17,3,3,0,0,0,0,0,0,1,0,0.515,41,137,20,.850,.369,.398,93,42,9,0,0,0,0,5,0,144,.938,0,.000,,3,5,19,22,"10,36",0.28,10,36,"15,47",0.32,15,47,"13,35",0.37,13,35,"2,6",0.33,2,6,0,0,0,0,"17,28","5,9","37,63",4,0,0,0,0,0,0,0,6,17,0,,Loras,LORAS,1045-4320,True,,,,,,,,,,,,,,,,,,,,,,,,,,,,,,,,,,,,,,,,,,4.208770542585299,34,90
2026-27,softball,American Rivers Conference (ARC),arc,Wartburg,Teegan Clemmons,Teegan,Clemmons,,750,Teegan Clemmons,0,0WARTBURG,2,0,,,2,1,1,0,1,0,0,0,0,0,0,0,0,1,0,0,0,0,0,0,0,0,0,0.500,2,2,1,.000,.500,1.000,2,0,0,0,0,0,0,0,0,2,1.000,0,.000,,1,0,0,0,0,0,0,0,0,0,0,0,0,0,0,0,0,0,0,0,0,0,0,0,"1,1",0,0,0,0,0,0,1,0,0,0,0,0,0,,Wartburg,WARTBURG,1048-5455,True,,,,,,,,,,,,,,,,,,,,,,,,,,,,,,,,,,,,,,,,,,4.035601982765573,35,89
2026-27,softball,American Rivers Conference (ARC),arc,Simpson,Brynn Ortlund,Brynn,Ortlund,,641,Brynn Ortlund,0,0SIMPSON,48,48,,,120,34,46,14,5,1,0,6,0,4,13,5,10,2,6,0,0,0,0,0,1,0,0,0.431,53,136,12,.833,.383,.442,68,66,8,0,0,0,0,4,0,142,.944,0,.000,,7,3,42,19,"14,41",0.34,14,41,"21,58",0.36,21,58,"16,38",0.42,16,38,"1,4",0.25,1,4,0,0,0,0,"14,30","6,11","36,65",13,0,0,0,0,0,0,0,15,24,0,,Simpson,SIMPSON,0,True,,,,,,,,,,,,,,,,,,,,,,,,,,,,,,,,,,,,,,,,,,3.991554642673627,36,89
2026-27,softball,American Rivers Conference (ARC),arc,Simpson,Caelynn Obleton,Caelynn,Obleton,,641,Caelynn Obleton,0,0SIMPSON,48,48,,,125,27,41,22,11,3,0,16,0,4,14,3,11,1,4,0,0,0,0,1,0,2,0,0.421,58,149,12,.917,.328,.464,35,88,12,0,0,0,0,0,0,135,.911,0,.000,,7,6,36,32,"15,43",0.35,15,43,"25,60",0.42,25,60,"19,41",0.46,19,41,"1,4",0.25,1,4,0,0,0,0,"14,35","7,12","45,71",28,0,0,0,22,0,0,0,10,18,0,,Simpson,SIMPSON,0,True,,,,,,,,,,,,,,,,,,,,,,,,,,,,,,,,,,,,,,,,,,3.905343913519445,37,89
2026-27,softball,American Rivers Conference (ARC),arc,Simpson,Gracie Bruening,Gracie,Bruening,,641,Gracie Bruening,0,0SIMPSON,31,22,,,71,5,24,21,7,0,3,6,0,2,9,5,0,0,0,0,0,0,0,0,0,0,0,0.405,40,79,0,.000,.338,.563,104,8,2,1,0,12,3,1,0,114,.982,15,.800,,1,2,8,28,"8,26",0.31,8,26,"15,32",0.47,15,32,"12,22",0.55,12,22,"2,3",0.67,2,3,0,0,0,0,"5,19","4,10","19,35",11,0,0,0,103,0,0,0,1,12,0,,Simpson,SIMPSON,0,True,,,,,,,,,,,,,,,,,,,,,,,,,,,,,,,,,,,,,,,,,,3.7967741046618575,38,89
2026-27,softball,American Rivers Conference (ARC),arc,Coe,Marisa Vodicka,Marisa,Vodicka,,150,Marisa Vodicka,0,0COE,39,37,,,101,9,30,28,9,0,3,9,0,0,15,3,3,1,0,2,0,0,0,0,0,0,0,0.348,48,112,4,.750,.297,.475,78,58,7,0,0,0,0,3,0,143,.951,0,.000,,5,3,16,37,"11,39",0.28,11,39,"21,65",0.32,21,65,"16,47",0.34,16,47,"2,5",0.40,2,5,0,0,0,0,"6,17","8,14","31,70",58,0,0,0,35,0,0,0,9,31,0,,Coe,COE,1042-6362,True,,,,,,,,,,,,,,,,,,,,,,,,,,,,,,,,,,,,,,,,,,3.770836876663111,39,88
2026-27,softball,American Rivers Conference (ARC),arc,Loras,Dana Skorich,Dana,Skorich,,364,Dana Skorich,0,0LORAS,47,47,,,164,15,61,32,13,0,1,4,1,0,9,1,0,0,0,2,0,0,0,1,0,2,0,0.382,77,170,0,.000,.372,.470,269,16,2,13,0,35,5,2,0,287,.993,40,.875,,5,15,43,47,"24,56",0.43,24,56,"36,108",0.33,36,108,"24,77",0.31,24,77,"6,9",0.67,6,9,0,0,0,0,"13,28","10,21","54,110",210,0,0,0,0,0,0,0,13,38,0,,Loras,LORAS,1045-4069,True,,,,,,,,,,,,,,,,,,,,,,,,,,,,,,,,,,,,,,,,,,3.766219318503845,40,88
2026-27,softball,American Rivers Conference (ARC),arc,Coe,Keirah Wiseman,Keirah,Wiseman,,150,Keirah Wiseman,0,0COE,40,40,,,102,28,28,14,1,4,2,14,0,0,23,1,13,1,4,0,0,0,0,0,0,0,0,0.362,43,120,14,.929,.275,.422,74,5,1,0,0,0,0,0,0,80,.988,0,.000,,5,1,21,29,"6,29",0.21,6,29,"16,50",0.32,16,50,"10,28",0.36,10,28,"4,7",0.57,4,7,0,0,0,0,"11,32","6,11","31,60",1,0,0,0,0,0,0,0,7,17,0,,Coe,COE,1042-7283,True,,,,,,,,,,,,,,,,,,,,,,,,,,,,,,,,,,,,,,,,,,3.7568421963729124,41,88
2026-27,softball,American Rivers Conference (ARC),arc,Coe,Irelynd Cejka,Irelynd,Cejka,,150,Irelynd Cejka,0,0COE,32,29,,,91,16,26,20,6,1,5,7,0,3,15,3,4,1,0,1,0,0,0,1,0,2,0,0.353,49,102,5,.800,.286,.538,49,14,2,2,0,8,2,0,0,65,.969,10,.800,,2,2,18,32,"7,32",0.22,7,32,"16,58",0.28,16,58,"10,42",0.24,10,42,"1,3",0.33,1,3,0,0,0,0,"7,18","4,15","22,61",1,0,0,0,43,0,0,0,3,29,0,,Coe,COE,1042-7273,True,0,1,1,0,0,0,0,0,0,0,0.0,0,0,0,0,0,0,0,0.00,0,0,0,0,0,0,0,0,0,0,.000,0,0,0,0,0,0,0,0,,,,3.7047160027138704,42,88
2026-27,softball,American Rivers Conference (ARC),arc,Central,Hannah Higgins,Hannah,Higgins,,126,Hannah Higgins,0,0CENTRAL,44,44,,,128,21,37,38,4,1,0,21,0,2,8,3,10,3,3,1,0,0,0,1,0,2,0,0.395,43,155,13,.769,.289,.336,53,86,4,0,0,0,0,4,0,143,.972,0,.000,,13,11,48,27,"13,54",0.24,13,54,"29,84",0.35,29,84,"22,61",0.36,22,61,"0,2",0,0,2,0,0,0,0,"8,18","18,24","62,100",153,0,0,0,0,0,0,0,16,34,0,,Central,CENTRAL,1041-2433,True,,,,,,,,,,,,,,,,,,,,,,,,,,,,,,,,,,,,,,,,,,3.6910982450987677,43,87
2026-27,softball,American Rivers Conference (ARC),arc,Coe,Natalie Hitt,Natalie,Hitt,,150,Natalie Hitt,0,0COE,29,24,,,59,4,21,11,5,0,0,5,0,0,8,2,1,0,0,1,0,0,0,1,0,1,0,0.400,26,65,1,1.000,.356,.441,2,16,2,0,0,17,3,0,0,20,.900,20,.850,,1,1,16,13,"9,20",0.45,9,20,"9,26",0.35,9,26,"5,18",0.28,5,18,"1,1",1.00,1,1,0,0,0,0,"6,12","4,6","14,28",66,0,0,0,55,0,0,0,3,9,0,,Coe,COE,1042-6658,True,129,1,18,14,7,0,15,3,0,0,130.2,57,46,34,71,24,3,9,2.46,513,570,6,13,0,0,10,0,0,17,.251,194,117,0,"3,13","4,19","2,9",0,"4,16",,,,3.199805918508421,44,87
2026-27,softball,American Rivers Conference (ARC),arc,Central,Jadyn Huisman,Jadyn,Huisman,,126,Jadyn Huisman,0,0CENTRAL,43,43,,,105,7,29,19,4,0,1,8,0,2,14,3,2,1,1,1,0,0,0,1,0,3,0,0.336,36,117,3,.667,.276,.343,7,21,2,0,0,11,3,0,0,30,.933,14,.786,,2,5,35,26,"11,36",0.31,11,36,"14,58",0.24,14,58,"10,45",0.22,10,45,"1,1",1.00,1,1,0,0,0,0,"8,24","12,18","34,64",67,0,0,0,17,0,0,0,17,28,0,,Central,CENTRAL,1041-2889,True,83,1,19,12,8,1,4,0,0,0,109.0,58,49,87,60,15,0,5,3.15,394,494,9,6,0,0,7,0,10,9,.211,106,141,3,"3,4","2,11","1,1",0,"1,5",,,,3.110408700012747,45,87
2026-27,softball,American Rivers Conference (ARC),arc,Coe,Taylor Drayfahl,Taylor,Drayfahl,,150,Taylor Drayfahl,0,0COE,40,38,,,114,28,34,12,6,4,0,9,0,2,10,3,13,1,2,0,0,0,0,0,1,0,0,0.360,48,127,14,.929,.298,.421,58,3,2,0,0,0,0,0,0,63,.968,0,.000,,8,8,40,23,"4,36",0.11,4,36,"15,56",0.27,15,56,"10,40",0.25,10,40,"4,7",0.57,4,7,0,0,0,0,"18,35","3,8","35,62",13,0,0,0,2,0,0,0,9,27,0,,Coe,COE,1042-6654,True,,,,,,,,,,,,,,,,,,,,,,,,,,,,,,,,,,,,,,,,,,2.7858830378469275,46,87
2026-27,softball,American Rivers Conference (ARC),arc,Univ. of Dubuque,Lauren Jacobs,Lauren,Jacobs,,192,Lauren Jacobs,0,0DUBUQUE,38,38,,,122,18,39,26,8,6,0,11,0,2,21,10,1,2,1,2,0,0,0,0,0,1,0,0.380,59,138,3,.333,.320,.484,65,5,0,0,0,0,0,0,0,70,1.000,0,.000,,5,8,27,35,"17,49",0.35,17,49,"26,76",0.34,26,76,"18,54",0.33,18,54,0,0,0,0,0,0,0,0,"5,16","6,11","43,83",51,0,0,0,0,0,0,0,9,30,0,,Univ. of Dubuque,DUBUQUE,1044-1815,True,,,,,,,,,,,,,,,,,,,,,,,,,,,,,,,,,,,,,,,,,,2.7791471130649823,47,86
2026-27,softball,American Rivers Conference (ARC),arc,Coe,Rylee Diebold,Rylee,Diebold,,150,Rylee Diebold,0,0COE,14,0,,,4,3,2,1,0,0,0,1,0,0,0,0,0,0,0,0,0,0,0,0,0,0,0,0.600,2,5,0,.000,.500,.500,2,0,0,0,0,0,0,0,0,2,1.000,0,.000,,1,0,1,0,"2,3",0.67,2,3,"1,2",0.50,1,2,"1,2",0.50,1,2,0,0,0,0,0,0,0,0,"1,1",0,"1,2",2,0,0,0,3,0,0,0,0,3,0,,Coe,COE,1042-7274,True,,,,,,,,,,,,,,,,,,,,,,,,,,,,,,,,,,,,,,,,,,2.7722950454997943,48,86
2026-27,softball,American Rivers Conference (ARC),arc,Univ. of Dubuque,Megan Leick,Megan,Leick,,192,Megan Leick,0,0DUBUQUE,37,36,,,117,18,38,19,7,3,1,7,0,1,7,1,1,1,0,2,0,0,0,0,0,3,0,0.362,54,127,2,.500,.325,.462,27,45,4,0,0,0,0,1,0,76,.947,0,.000,,0,2,22,51,"15,46",0.33,15,46,"26,77",0.34,26,77,"14,52",0.27,14,52,0,0,0,0,0,0,0,0,"9,28","7,17","42,81",18,0,0,0,0,0,0,0,15,44,0,,Univ. of Dubuque,DUBUQUE,1044-1349,True,,,,,,,,,,,,,,,,,,,,,,,,,,,,,,,,,,,,,,,,,,2.6828077892350906,49,86
2026-27,softball,American Rivers Conference (ARC),arc,Buena Vista,Maddy Raveling,Maddy,Raveling,,84,Maddy Raveling,0,0BVUSB,41,41,,,116,18,30,9,11,0,2,15,0,1,32,11,9,1,1,0,0,0,0,0,0,1,0,0.348,47,133,10,.900,.259,.405,56,76,14,0,0,0,0,3,0,146,.904,0,.000,,2,2,11,42,"7,33",0.21,7,33,"8,42",0.19,8,42,"5,24",0.21,5,24,"0,1",0,0,1,0,0,0,0,"27,57","1,5","15,47",42,0,0,0,0,0,0,0,3,24,0,,Buena Vista,BVUSB,1040-6851,True,,,,,,,,,,,,,,,,,,,,,,,,,,,,,,,,,,,,,,,,,,2.4010606121344567,50,85
2026-27,softball,American Rivers Conference (ARC),arc,Central,Addi Starr,Addi,Starr,,126,Addi Starr,0,0CENTRAL,44,44,,,117,7,34,25,12,0,1,16,0,5,4,1,1,0,0,3,0,0,0,1,0,3,0,0.390,49,141,1,1.000,.291,.419,253,1,3,0,0,0,0,11,0,257,.988,0,.000,,7,5,39,37,"10,35",0.29,10,35,"18,67",0.27,18,67,"14,43",0.33,14,43,"0,1",0,0,1,0,0,0,0,"15,31","11,19","41,75",170,0,0,0,55,0,0,0,18,30,0,,Central,CENTRAL,1041-2892,True,,,,,,,,,,,,,,,,,,,,,,,,,,,,,,,,,,,,,,,,,,2.2845921144096186,51,85
2026-27,softball,American Rivers Conference (ARC),arc,Univ. of Dubuque,Kayla Ponting,Kayla,Ponting,,192,Kayla Ponting,0,0DUBUQUE,20,11,,,24,11,9,5,2,0,0,5,0,2,7,3,4,0,1,0,0,0,0,0,0,0,0,0.516,11,32,4,1.000,.375,.458,12,11,4,0,0,0,0,0,0,27,.852,0,.000,,0,1,3,6,"7,12",0.58,7,12,"6,13",0.46,6,13,"5,6",0.83,5,6,0,0,0,0,0,0,0,0,"1,5","1,1","10,16",0,0,0,0,0,0,0,0,4,4,0,,Univ. of Dubuque,DUBUQUE,1044-2122,True,,,,,,,,,,,,,,,,,,,,,,,,,,,,,,,,,,,,,,,,,,2.270902975096246,52,85
2026-27,softball,American Rivers Conference (ARC),arc,Nebraska Wesleyan,Taylor Korecky,Taylor,Korecky,,462,Taylor Korecky,0,0NEB. WES,35,28,,,79,17,21,8,4,3,2,13,0,0,16,8,3,0,2,1,0,0,0,0,0,1,0,0.366,37,95,3,1.000,.266,.468,29,2,1,0,0,0,0,0,0,32,.969,0,.000,,1,3,20,24,"6,23",0.26,6,23,"11,46",0.24,11,46,"6,23",0.26,6,23,"1,6",0.17,1,6,0,0,0,0,"7,14","2,6","24,53","1,1",1.00,1,1,134,0,0,0,8,17,0,,Nebraska Wesleyan,NEB. WES,0,True,,,,,,,,,,,,,,,,,,,,,,,,,,,,,,,,,,,,,,,,,,2.1988953702388065,53,85
2026-27,softball,American Rivers Conference (ARC),arc,Wartburg,Rylie Metz,Rylie,Metz,,750,Rylie Metz,0,0WARTBURG,18,2,,,20,2,7,10,1,0,1,3,0,0,4,0,1,0,0,1,0,0,0,0,0,0,0,0.417,11,24,1,1.000,.350,.550,2,4,0,0,0,0,0,0,0,6,1.000,0,.000,,0,2,4,4,"2,8",0.25,2,8,"7,14",0.50,7,14,"7,13",0.54,7,13,"0,3",0,0,3,0,0,0,0,"1,3","4,5","10,16",1,0,0,0,119,0,0,0,1,4,0,,Wartburg,WARTBURG,1048-5213,True,,,,,,,,,,,,,,,,,,,,,,,,,,,,,,,,,,,,,,,,,,2.1225860979334077,54,84
2026-27,softball,American Rivers Conference (ARC),arc,Nebraska Wesleyan,Julia Valukis,Julia,Valukis,,462,Julia Valukis,0,0NEB. WES,1,1,,,2,0,1,0,0,0,0,0,0,0,0,0,0,0,0,0,0,0,0,0,0,0,0,0.500,1,2,0,.000,.500,.500,0,0,0,0,0,0,0,0,0,0,0.000,0,.000,,0,0,1,0,"1,1",1.00,1,1,0,0,0,0,0,0,0,0,0,0,0,0,0,0,0,0,"0,1",0,0,0,0,0,0,0,0,0,0,0,0,0,,Nebraska Wesleyan,NEB. WES,0,True,,,,,,,,,,,,,,,,,,,,,,,,,,,,,,,,,,,,,,,,,,2.077186235602887,55,84
2026-27,softball,American Rivers Conference (ARC),arc,Wartburg,Stephanie Kiefer,Stephanie,Kiefer,,750,Stephanie Kiefer,0,0WARTBURG,32,29,,,90,12,25,17,6,1,1,7,0,0,18,7,5,0,0,0,0,0,0,1,0,2,0,0.330,36,97,5,1.000,.278,.400,37,3,0,0,0,0,0,0,0,40,1.000,0,.000,,4,4,14,29,"7,24",0.29,7,24,"14,48",0.29,14,48,"12,36",0.33,12,36,"0,2",0,0,2,0,0,0,0,"10,27","5,8","22,49",331,0,0,0,5,0,0,0,5,24,0,,Wartburg,WARTBURG,1048-5209,True,,,,,,,,,,,,,,,,,,,,,,,,,,,,,,,,,,,,,,,,,,1.8566216056157983,56,84
2026-27,softball,American Rivers Conference (ARC),arc,Central,Ali Henry,Ali,Henry,,126,Ali Henry,0,0CENTRAL,44,44,,,69,16,20,4,2,1,0,10,0,1,16,4,16,3,2,1,0,0,0,0,1,0,0,0.383,24,83,19,.842,.290,.348,76,0,3,0,0,0,0,0,0,79,.962,0,.000,,0,3,19,15,"4,18",0.22,4,18,"11,37",0.30,11,37,"7,26",0.27,7,26,"0,1",0,0,1,0,0,0,0,"5,18","3,6","19,42",102,0,0,0,0,0,0,0,8,17,0,,Central,CENTRAL,1041-2886,True,,,,,,,,,,,,,,,,,,,,,,,,,,,,,,,,,,,,,,,,,,1.7096450424975622,57,84
2026-27,softball,American Rivers Conference (ARC),arc,Nebraska Wesleyan,Kenzie Heedum,Kenzie,Heedum,,462,Kenzie Heedum,0,0NEB. WES,37,37,,,99,23,28,8,1,1,0,15,0,0,13,2,11,4,2,0,0,0,0,0,0,0,0,0.377,31,116,15,.733,.283,.313,85,9,1,0,0,0,0,2,0,95,.989,0,.000,,4,6,40,15,"8,32",0.25,8,32,"14,44",0.32,14,44,"8,29",0.28,8,29,"2,6",0.33,2,6,0,0,0,0,"12,27","2,5","25,49",2,0,0,0,0,0,0,0,7,24,0,,Nebraska Wesleyan,NEB. WES,0,True,,,,,,,,,,,,,,,,,,,,,,,,,,,,,,,,,,,,,,,,,,1.6981589907992103,58,83
2026-27,softball,American Rivers Conference (ARC),arc,Buena Vista,Hanna Merron,Hanna,Merron,,84,Hanna Merron,0,0BVUSB,35,31,,,80,6,17,19,7,0,3,4,0,3,23,8,0,0,0,0,0,0,0,0,0,0,0,0.276,33,87,0,.000,.213,.413,37,59,11,0,0,0,0,3,0,107,.897,0,.000,,2,2,13,24,"11,31",0.35,11,31,"10,43",0.23,10,43,"8,29",0.28,8,29,"2,3",0.67,2,3,0,0,0,0,"4,18","3,6","16,46",44,0,0,0,11,0,0,0,1,13,0,,Buena Vista,BVUSB,1040-6902,True,,,,,,,,,,,,,,,,,,,,,,,,,,,,,,,,,,,,,,,,,,1.6302058583765238,59,83
2026-27,softball,American Rivers Conference (ARC),arc,Univ. of Dubuque,Amber Wisely,Amber,Wisely,,192,Amber Wisely,0,0DUBUQUE,37,36,,,109,17,32,17,6,1,0,9,0,2,9,4,4,0,1,2,0,0,0,0,0,0,0,0.352,40,123,4,1.000,.294,.367,15,26,3,0,0,0,0,2,0,44,.932,0,.000,,4,10,34,33,"5,28",0.18,5,28,"17,56",0.30,17,56,"10,29",0.34,10,29,0,0,0,0,0,0,0,0,"11,26","10,12","35,65",58,0,0,0,0,0,0,0,15,19,0,,Univ. of Dubuque,DUBUQUE,1044-1814,True,,,,,,,,,,,,,,,,,,,,,,,,,,,,,,,,,,,,,,,,,,1.6144299950157963,60,83
2026-27,softball,American Rivers Conference (ARC),arc,Simpson,Emma Lafave,Emma,Lafave,,641,Emma Lafave,0,0SIMPSON,28,26,,,-4,0,-1,0,0,0,0,0,0,0,2,2,0,0,0,0,0,0,0,0,0,0,0,0.250,-1,-4,0,.000,.250,.250,0,16,1,0,0,16,5,0,0,17,.941,21,.762,,0,0,1,0,"0,1",0,0,1,"1,1",1.00,1,1,0,0,0,0,0,0,0,0,0,0,0,0,"0,2",0,"1,1",0,0,0,0,0,0,0,0,0,0,0,,Simpson,SIMPSON,0,True,133,1,27,19,5,0,13,6,0,0,140.1,68,54,49,110,16,0,10,2.69,541,607,7,4,0,2,11,0,0,33,.246,177,117,0,"8,20","15,42","9,24",0,"8,26",,,,1.3998266679634728,61,83
2026-27,softball,American Rivers Conference (ARC),arc,Nebraska Wesleyan,Eva Fahrnbruch,Eva,Fahrnbruch,,462,Eva Fahrnbruch,0,0NEB. WES,36,34,,,98,9,27,16,1,0,0,11,0,0,6,3,7,3,1,1,0,0,0,0,0,0,0,0.345,28,111,10,.700,.276,.286,14,56,3,0,0,38,3,1,0,73,.959,41,.927,,11,5,33,23,"12,37",0.32,12,37,"17,51",0.33,17,51,"11,32",0.34,11,32,"2,4",0.50,2,4,0,0,0,0,"12,27","4,9","29,54",6,0,0,0,1,0,0,0,8,27,0,,Nebraska Wesleyan,NEB. WES,0,True,183,1,20,10,11,0,17,2,0,0,139.0,83,76,28,27,26,4,7,3.83,577,634,5,3,0,11,14,0,0,6,.317,174,196,0,"2,7","2,14","6,11",0,"4,12",,,,1.3930235920903666,62,82
2026-27,softball,American Rivers Conference (ARC),arc,Coe,Morgan Hewitt,Morgan,Hewitt,,150,Morgan Hewitt,0,0COE,26,21,,,37,10,10,6,3,0,1,4,0,0,7,2,0,0,0,0,0,0,0,0,0,0,0,0.341,16,41,0,.000,.270,.432,3,22,1,0,0,19,2,1,0,26,.962,21,.905,,3,0,6,11,"1,10",0.10,1,10,"4,18",0.22,4,18,"4,12",0.33,4,12,"0,3",0,0,3,0,0,0,0,"3,6","2,3","8,19",33,0,0,0,1,0,0,0,1,7,0,,Coe,COE,1042-7276,True,100,1,14,6,5,0,7,2,0,0,82.1,51,39,15,49,12,3,6,3.32,339,364,2,1,0,1,8,0,1,16,.295,78,107,0,"0,1","3,12","1,5",0,"0,1",,,,1.3645060553364956,63,82
2026-27,softball,American Rivers Conference (ARC),arc,Univ. of Dubuque,Payton Santore,Payton,Santore,,192,Payton Santore,0,0DUBUQUE,33,31,,,92,13,25,11,3,1,0,16,0,0,9,4,10,0,8,0,0,0,0,0,0,0,0,0.380,30,116,10,1.000,.272,.326,52,6,1,0,0,0,0,0,0,59,.983,0,.000,,6,5,27,32,"8,23",0.35,8,23,"15,43",0.35,15,43,"7,27",0.26,7,27,0,0,0,0,0,0,0,0,"8,21","4,7","37,56",25,0,0,0,0,0,0,0,12,17,0,,Univ. of Dubuque,DUBUQUE,1044-2404,True,,,,,,,,,,,,,,,,,,,,,,,,,,,,,,,,,,,,,,,,,,1.328582871524219,64,82
2026-27,softball,American Rivers Conference (ARC),arc,Loras,Keely Pilcher,Keely,Pilcher,,364,Keely Pilcher,0,0LORAS,27,6,,,5,5,2,0,0,0,0,1,0,0,1,0,1,0,0,0,0,0,0,0,0,0,0,0.500,2,6,1,1.000,.400,.400,8,1,1,0,0,0,0,0,0,10,.900,0,.000,,0,0,0,2,"1,1",1.00,1,1,"1,2",0.50,1,2,"0,1",0,0,1,0,0,0,0,0,0,0,0,"2,4","0,1","1,2",0,0,0,0,0,0,0,0,0,0,0,,Loras,LORAS,1045-3563,True,,,,,,,,,,,,,,,,,,,,,,,,,,,,,,,,,,,,,,,,,,1.304827343419088,65,82
2026-27,softball,American Rivers Conference (ARC),arc,Wartburg,Sophie Stanic,Sophie,Stanic,,750,Sophie Stanic,0,0WARTBURG,27,1,,,12,12,3,3,1,0,1,0,0,0,1,0,7,1,0,0,0,0,0,0,0,0,0,0.250,7,12,8,.875,.250,.583,6,4,2,0,0,0,0,0,0,12,.833,0,.000,,0,1,3,5,"1,2",0.50,1,2,"3,8",0.38,3,8,"2,5",0.40,2,5,"1,2",0.50,1,2,0,0,0,0,"0,3","0,2","4,8",2,0,0,0,45,0,0,0,0,1,0,,Wartburg,WARTBURG,1048-6005,True,,,,,,,,,,,,,,,,,,,,,,,,,,,,,,,,,,,,,,,,,,1.2153257337789336,66,81
2026-27,softball,American Rivers Conference (ARC),arc,Coe,Allie Decman,Allie,Decman,,150,Allie Decman,0,0COE,15,10,,,33,9,10,7,1,0,0,9,0,1,2,1,5,0,0,0,0,0,0,0,0,0,0,0.465,11,43,5,1.000,.303,.333,4,0,0,0,0,0,0,0,0,4,1.000,0,.000,,0,1,7,13,"2,8",0.25,2,8,"6,15",0.40,6,15,"6,14",0.43,6,14,"1,3",0.33,1,3,0,0,0,0,"4,13","5,9","9,16",5,0,0,0,6,0,0,0,3,5,0,,Coe,COE,1042-6945,True,,,,,,,,,,,,,,,,,,,,,,,,,,,,,,,,,,,,,,,,,,1.1499265901553786,67,81
2026-27,softball,American Rivers Conference (ARC),arc,Loras,Gillian Jones,Gillian,Jones,,364,Gillian Jones,0,0LORAS,47,47,,,140,15,41,19,3,0,0,6,0,1,12,5,2,2,2,1,0,0,0,0,0,0,0,0.324,44,150,4,.500,.293,.314,50,1,4,0,0,0,0,0,0,55,.927,0,.000,,6,8,44,40,"15,50",0.30,15,50,"16,61",0.26,16,61,"13,46",0.28,13,46,"3,9",0.33,3,9,0,0,0,0,"15,42","9,12","34,67",119,0,0,0,0,0,0,0,13,37,0,,Loras,LORAS,1045-3560,True,,,,,,,,,,,,,,,,,,,,,,,,,,,,,,,,,,,,,,,,,,1.1473167574233218,68,81
2026-27,softball,American Rivers Conference (ARC),arc,Univ. of Dubuque,Zoe Connell,Zoe,Connell,,192,Zoe Connell,0,0DUBUQUE,29,29,,,92,10,30,11,6,1,0,4,0,2,6,0,1,1,0,0,0,0,0,0,0,0,0,0.367,38,98,2,.500,.326,.413,62,51,4,0,0,0,0,2,0,117,.966,0,.000,,2,3,23,30,"10,33",0.30,10,33,"16,49",0.33,16,49,"11,35",0.31,11,35,0,0,0,0,0,0,0,0,"9,21","5,8","23,50",14,0,0,0,0,0,0,0,7,30,0,,Univ. of Dubuque,DUBUQUE,1044-1813,True,,,,,,,,,,,,,,,,,,,,,,,,,,,,,,,,,,,,,,,,,,1.1343180258442942,69,81
2026-27,softball,American Rivers Conference (ARC),arc,Wartburg,Madde Buskohl,Madde,Buskohl,,750,Madde Buskohl,0,0WARTBURG,19,2,,,14,9,4,5,1,0,0,6,0,0,5,0,6,0,0,1,0,0,0,0,0,0,0,0.476,5,21,6,1.000,.286,.357,14,1,1,0,0,0,0,0,0,16,.938,0,.000,,1,1,3,2,"2,8",0.25,2,8,"3,10",0.30,3,10,"3,9",0.33,3,9,"0,1",0,0,1,0,0,0,0,"1,3","1,3","7,12",23,0,0,0,285,0,0,0,3,7,0,,Wartburg,WARTBURG,1048-5999,True,,,,,,,,,,,,,,,,,,,,,,,,,,,,,,,,,,,,,,,,,,1.1237255029676851,70,80
2026-27,softball,American Rivers Conference (ARC),arc,Nebraska Wesleyan,Addyson Maxwell,Addyson,Maxwell,,462,Addyson Maxwell,0,0NEB. WES,36,32,,,106,14,34,11,3,0,0,6,0,0,11,1,2,0,4,0,0,0,0,0,1,0,0,0.357,37,116,2,1.000,.321,.349,6,18,4,0,0,0,0,1,0,28,.857,0,.000,,3,10,35,24,"10,37",0.27,10,37,"14,59",0.24,14,59,"11,40",0.28,11,40,"2,4",0.50,2,4,0,0,0,0,"5,15","5,11","32,65",13,0,0,0,130,0,0,0,9,32,0,,Nebraska Wesleyan,NEB. WES,0,True,,,,,,,,,,,,,,,,,,,,,,,,,,,,,,,,,,,,,,,,,,1.0728889367127106,71,80
2026-27,softball,American Rivers Conference (ARC),arc,Coe,Jessica Meisinger,Jessica,Meisinger,,150,Jessica Meisinger,0,0COE,40,40,,,59,20,14,11,0,2,0,13,0,3,20,5,6,1,0,2,0,0,0,0,0,0,0,0.390,18,77,7,.857,.237,.305,61,66,13,0,0,0,0,3,0,140,.907,0,.000,,2,2,8,16,"3,15",0.20,3,15,"10,33",0.30,10,33,"6,19",0.32,6,19,"2,5",0.40,2,5,0,0,0,0,"9,20","4,7","17,37",0,0,0,0,3,0,0,0,4,11,0,,Coe,COE,1042-6948,True,,,,,,,,,,,,,,,,,,,,,,,,,,,,,,,,,,,,,,,,,,1.0697362330753577,72,80
2026-27,softball,American Rivers Conference (ARC),arc,Coe,Katelyn Bladecki,Katelyn,Bladecki,,150,Katelyn Bladecki,0,0COE,37,31,,,99,6,30,10,5,0,1,4,0,0,12,4,3,1,0,1,0,0,0,0,0,1,0,0.327,38,104,4,.750,.303,.384,119,10,3,10,0,36,5,1,0,132,.977,41,.878,,3,2,19,35,"12,37",0.32,12,37,"14,54",0.26,14,54,"9,37",0.24,9,37,"1,4",0.25,1,4,0,0,0,0,"8,28","3,9","19,57",9,0,0,0,6,0,0,0,2,33,0,,Coe,COE,1042-6652,True,,,,,,,,,,,,,,,,,,,,,,,,,,,,,,,,,,,,,,,,,,1.0627094269904287,73,80
2026-27,softball,American Rivers Conference (ARC),arc,Central,Jackie Sledden,Jackie,Sledden,,126,Jackie Sledden,0,0CENTRAL,25,4,,,33,3,11,9,2,1,0,1,0,0,4,2,2,1,1,0,0,0,0,0,0,0,0,0.353,15,35,3,.667,.333,.455,0,0,0,0,0,0,0,0,0,0,0.000,0,.000,,2,4,9,7,"6,17",0.35,6,17,"7,24",0.29,7,24,"5,17",0.29,5,17,0,0,0,0,0,0,0,0,"1,5","0,3","13,25",15,0,0,0,361,0,0,0,2,13,0,,Central,CENTRAL,1041-3219,True,,,,,,,,,,,,,,,,,,,,,,,,,,,,,,,,,,,,,,,,,,0.8927779158928681,74,79
2026-27,softball,American Rivers Conference (ARC),arc,Wartburg,Amanda Strzyzewski,Amanda,Strzyzewski,,750,Amanda Strzyzewski,0,0WARTBURG,24,19,,,46,12,14,6,0,0,0,4,0,1,10,1,7,0,0,0,0,0,0,0,0,0,0,0.373,14,51,7,1.000,.304,.304,17,4,7,0,0,0,0,0,0,28,.750,0,.000,,3,3,14,4,"4,21",0.19,4,21,"8,28",0.29,8,28,"6,22",0.27,6,22,"3,8",0.38,3,8,0,0,0,0,"3,8","3,4","14,28",2,0,0,0,34,0,0,0,3,13,0,,Wartburg,WARTBURG,1048-4839,True,,,,,,,,,,,,,,,,,,,,,,,,,,,,,,,,,,,,,,,,,,0.8299540054987758,75,79
2026-27,softball,American Rivers Conference (ARC),arc,Central,Ayla Hall,Ayla,Hall,,126,Ayla Hall,0,0CENTRAL,29,6,,,31,12,8,6,0,0,0,6,1,1,3,2,11,4,0,0,0,0,0,0,0,0,0,0.395,8,38,15,.733,.258,.258,10,6,1,0,0,0,0,1,0,17,.941,0,.000,,3,1,10,8,"3,10",0.30,3,10,"6,17",0.35,6,17,"6,11",0.55,6,11,"0,2",0,0,2,0,0,0,0,"3,8","1,2","9,19",88,0,0,0,192,0,0,0,3,6,0,,Central,CENTRAL,1041-3177,True,,,,,,,,,,,,,,,,,,,,,,,,,,,,,,,,,,,,,,,,,,0.7493468401040855,76,79
2026-27,softball,American Rivers Conference (ARC),arc,Univ. of Dubuque,Anna Luczak,Anna,Luczak,,192,Anna Luczak,0,0DUBUQUE,29,28,,,74,12,20,10,1,0,0,13,0,7,13,5,3,1,1,0,0,0,0,0,0,1,0,0.426,21,95,4,.750,.270,.284,179,9,3,0,0,0,0,7,0,191,.984,0,.000,,1,4,24,17,"4,21",0.19,4,21,"12,43",0.28,12,43,"9,25",0.36,9,25,0,0,0,0,0,0,0,0,"6,16","6,9","23,49",15,0,0,0,0,0,0,0,6,19,0,,Univ. of Dubuque,DUBUQUE,1044-1817,True,,,,,,,,,,,,,,,,,,,,,,,,,,,,,,,,,,,,,,,,,,0.7203811146798,77,79
2026-27,softball,American Rivers Conference (ARC),arc,Buena Vista,Jaylynn Craun,Jaylynn,Craun,,84,Jaylynn Craun,0,0BVUSB,37,37,,,79,12,20,8,2,0,0,14,0,0,13,3,10,0,6,0,0,0,0,0,1,0,0,0.366,22,99,10,1.000,.253,.278,96,8,2,4,0,37,6,0,0,106,.981,43,.860,,2,4,23,27,"7,26",0.27,7,26,"8,40",0.20,8,40,"6,30",0.20,6,30,"0,1",0,0,1,0,0,0,0,"11,18","1,4","22,48",14,0,0,0,0,0,0,0,11,19,0,,Buena Vista,BVUSB,1040-6897,True,,,,,,,,,,,,,,,,,,,,,,,,,,,,,,,,,,,,,,,,,,0.700805022666012,78,78
2026-27,softball,American Rivers Conference (ARC),arc,Central,Carley Underwood,Carley,Underwood,,126,Carley Underwood,0,0CENTRAL,44,44,,,72,26,14,1,1,0,0,17,0,2,20,5,15,7,3,0,0,0,0,0,0,0,0,0.363,15,94,22,.682,.194,.208,55,1,0,0,0,0,0,0,0,56,1.000,0,.000,,4,2,28,10,"2,24",0.08,2,24,"5,32",0.16,5,32,"3,18",0.17,3,18,"0,1",0,0,1,0,0,0,0,"8,20","1,5","21,39",0,0,0,0,0,0,0,0,13,13,0,,Central,CENTRAL,1041-2694,True,,,,,,,,,,,,,,,,,,,,,,,,,,,,,,,,,,,,,,,,,,0.6007822778307481,79,78
2026-27,softball,American Rivers Conference (ARC),arc,Univ. of Dubuque,Adalynn Ridgeway,Adalynn,Ridgeway,,192,Adalynn Ridgeway,0,0DUBUQUE,20,19,,,48,9,14,6,1,1,0,10,0,1,14,5,1,0,2,0,0,0,0,0,0,0,0,0.424,17,61,1,1.000,.292,.354,27,6,4,0,0,0,0,0,0,37,.892,0,.000,,0,0,10,12,"8,20",0.40,8,20,"9,30",0.30,9,30,"4,22",0.18,4,22,0,0,0,0,0,0,0,0,"2,6","2,7","15,35",2,0,0,0,"0,1",0,0,1,5,19,0,,Univ. of Dubuque,DUBUQUE,1044-2405,True,,,,,,,,,,,,,,,,,,,,,,,,,,,,,,,,,,,,,,,,,,0.5756133829099678,80,78
2026-27,softball,American Rivers Conference (ARC),arc,Buena Vista,Karlee Noe,Karlee,Noe,,84,Karlee Noe,0,0BVUSB,39,38,,,109,16,33,13,9,0,0,8,0,0,4,1,1,0,3,0,0,0,0,0,0,0,0,0.350,42,120,1,1.000,.303,.385,55,13,3,0,0,16,7,0,0,71,.958,23,.696,,6,5,32,37,"10,29",0.34,10,29,"19,55",0.35,19,55,"10,34",0.29,10,34,"0,1",0,0,1,0,0,0,0,"5,20","3,5","36,61",136,0,0,0,0,0,0,0,15,14,0,,Buena Vista,BVUSB,1040-6903,True,75,1,6,1,5,0,2,0,0,0,39.0,43,39,5,17,14,1,1,7.00,187,193,2,0,0,0,1,0,0,4,.401,43,48,0,"0,3","3,7","0,3",0,"3,5",,,,0.5553590281128524,81,78
2026-27,softball,American Rivers Conference (ARC),arc,Univ. of Dubuque,Ashlyn Short,Ashlyn,Short,,192,Ashlyn Short,0,0DUBUQUE,18,14,,,34,4,8,4,3,0,1,3,0,1,4,2,0,0,0,0,0,0,0,0,0,1,0,0.316,14,38,0,.000,.235,.412,3,13,1,0,0,21,2,0,0,17,.941,23,.913,,0,0,10,12,"1,12",0.08,1,12,"3,19",0.16,3,19,"2,11",0.18,2,11,0,0,0,0,0,0,0,0,"5,8","2,2","6,20",0,0,0,0,1,0,0,0,3,13,0,,Univ. of Dubuque,DUBUQUE,1044-2402,True,100,1,13,7,7,0,9,0,0,0,83.1,71,50,37,43,19,2,3,4.20,344,395,2,4,0,1,9,0,0,13,.291,94,102,0,"2,6","4,12","0,3",0,"1,6",,,,0.4619116271286501,82,77
2026-27,softball,American Rivers Conference (ARC),arc,Wartburg,Kaylee Mescher,Kaylee,Mescher,,750,Kaylee Mescher,0,0WARTBURG,16,0,,,4,5,1,1,0,0,0,4,0,0,2,1,2,0,0,0,0,0,0,0,1,0,0,0.625,1,8,2,1.000,.250,.250,2,1,0,0,0,2,1,0,0,3,1.000,3,.667,,0,0,0,1,"1,4",0.25,1,4,"1,4",0.25,1,4,"1,4",0.25,1,4,"1,1",1.00,1,1,0,0,0,0,"1,1",0,"2,5",0,0,0,0,"0,1",0,0,1,0,3,0,,Wartburg,WARTBURG,1048-6003,True,,,,,,,,,,,,,,,,,,,,,,,,,,,,,,,,,,,,,,,,,,0.427654724341931,83,77
2026-27,softball,American Rivers Conference (ARC),arc,Buena Vista,Jordan Fabirkiewicz,Jordan,Fabirkiewicz,,84,Jordan Fabirkiewicz,0,0BVUSB,39,36,,,89,12,24,9,2,1,0,13,0,0,13,3,2,0,1,0,0,0,0,0,0,0,0,0.363,28,103,2,1.000,.270,.315,61,32,9,0,0,0,0,2,0,102,.912,0,.000,,3,2,22,27,"9,30",0.30,9,30,"12,38",0.32,12,38,"8,28",0.29,8,28,"2,2",1.00,2,2,0,0,0,0,"7,23","1,5","21,42",88,0,0,0,"0,1",0,0,1,4,14,0,,Buena Vista,BVUSB,1040-6489,True,,,,,,,,,,,,,,,,,,,,,,,,,,,,,,,,,,,,,,,,,,0.38836643401592763,84,77
2026-27,softball,American Rivers Conference (ARC),arc,Nebraska Wesleyan,Catie Ingalls,Catie,Ingalls,,462,Catie Ingalls,0,0NEB. WES,36,33,,,92,18,28,6,2,0,0,19,0,1,7,4,7,2,5,0,0,0,0,0,0,0,0,0.429,30,117,9,.778,.304,.326,56,5,3,1,0,0,0,0,0,64,.953,0,.000,,4,1,29,29,"10,31",0.32,10,31,"14,36",0.39,14,36,"7,23",0.30,7,23,"0,1",0,0,1,0,0,0,0,"19,46","2,6","25,42",67,0,0,0,0,0,0,0,9,17,0,,Nebraska Wesleyan,NEB. WES,0,True,3,1,1,0,1,0,0,0,0,0,2.0,4,1,2,1,0,0,0,3.50,10,12,2,0,0,0,0,0,0,0,.300,1,3,0,"1,2","2,8","1,2",0,"1,2",,,,0.3613708332202801,85,76
2026-27,softball,American Rivers Conference (ARC),arc,Nebraska Wesleyan,Paige Comstock,Paige,Comstock,,462,Paige Comstock,0,0NEB. WES,33,33,,,95,9,26,11,5,1,0,8,0,2,6,1,1,2,4,1,0,0,0,0,0,2,0,0.340,33,110,3,.333,.274,.347,56,41,3,1,0,38,9,4,0,100,.970,47,.809,,2,3,27,40,"14,39",0.36,14,39,"17,55",0.31,17,55,"9,33",0.27,9,33,0,0,0,0,0,0,0,0,"8,23","3,9","30,63",24,0,0,0,0,0,0,0,15,23,0,,Nebraska Wesleyan,NEB. WES,0,True,,,,,,,,,,,,,,,,,,,,,,,,,,,,,,,,,,,,,,,,,,0.3364638516387226,86,76
2026-27,softball,American Rivers Conference (ARC),arc,Buena Vista,Brielle Ward,Brielle,Ward,,84,Brielle Ward,0,0BVUSB,10,1,,,9,1,2,2,1,0,1,1,0,0,4,0,0,0,0,1,0,0,0,0,0,0,0,0.273,6,11,0,.000,.222,.667,0,0,0,0,0,0,0,0,0,0,0.000,0,.000,,0,0,0,4,"0,3",0,0,3,"0,3",0,0,3,"0,1",0,0,1,0,0,0,0,0,0,0,0,"1,1","1,1","1,4",0,0,0,0,38,0,0,0,1,1,0,,Buena Vista,BVUSB,1040-6905,True,,,,,,,,,,,,,,,,,,,,,,,,,,,,,,,,,,,,,,,,,,0.3200492242304669,87,76
2026-27,softball,American Rivers Conference (ARC),arc,Univ. of Dubuque,Jamie Motley,Jamie,Motley,,192,Jamie Motley,0,0DUBUQUE,19,19,,,52,10,12,10,1,1,1,3,0,3,12,2,0,0,2,0,0,0,0,0,0,0,0,0.310,18,60,0,.000,.231,.346,73,14,2,5,0,26,2,1,0,89,.978,28,.929,,4,0,10,15,"4,18",0.22,4,18,"7,27",0.26,7,27,"6,19",0.32,6,19,0,0,0,0,0,0,0,0,"2,12","2,7","12,30",1,0,0,0,0,0,0,0,2,11,0,,Univ. of Dubuque,DUBUQUE,1044-2403,True,,,,,,,,,,,,,,,,,,,,,,,,,,,,,,,,,,,,,,,,,,0.28236306842539743,88,76
2026-27,softball,American Rivers Conference (ARC),arc,Central,Katelyn McCallum,Katelyn,McCallum,,126,Katelyn McCallum,0,0CENTRAL,26,11,,,30,2,9,8,1,0,0,5,0,0,2,0,1,0,1,1,0,0,0,0,0,1,0,0.389,10,37,1,1.000,.300,.333,0,0,0,0,0,0,0,0,0,0,0.000,0,.000,,1,3,10,10,"2,9",0.22,2,9,"5,24",0.21,5,24,"5,21",0.24,5,21,0,0,0,0,0,0,0,0,"3,3","5,10","11,27",23,0,0,0,108,0,0,0,6,13,0,,Central,CENTRAL,1041-2890,True,,,,,,,,,,,,,,,,,,,,,,,,,,,,,,,,,,,,,,,,,,0.1794630945359608,89,75
2026-27,softball,American Rivers Conference (ARC),arc,Loras,Laurissa Klapatauskas,Laurissa,Klapatauskas,,364,Laurissa Klapatauskas,0,0LORAS,38,26,,,68,11,17,9,1,0,0,9,0,1,16,3,4,2,5,0,0,0,0,0,0,0,0,0.346,18,83,6,.667,.250,.265,94,2,2,0,0,0,0,3,0,98,.980,0,.000,,2,1,12,27,"9,32",0.28,9,32,"13,37",0.35,13,37,"8,23",0.35,8,23,0,0,0,0,0,0,0,0,"3,14","3,6","23,45",72,0,0,0,2,0,0,0,6,26,0,,Loras,LORAS,1045-3562,True,,,,,,,,,,,,,,,,,,,,,,,,,,,,,,,,,,,,,,,,,,0.08198020801848013,90,75
2026-27,softball,American Rivers Conference (ARC),arc,Simpson,Ava Tichy,Ava,Tichy,,641,Ava Tichy,0,0SIMPSON,-1,0,,,,,,,,,,,,,,,,,,,,,,,,,,,,,,,,,,,,,,,,,,,,,,,,,,,,,,,,,,,,,,,,,,,,,,,,,,,,,,,,,,,,,,Simpson,SIMPSON,0,True,,,,,,,,,,,,,,,,,,,,,,,,,,,,,,,,,,,,,,,,,,0.0,91,75
2026-27,softball,American Rivers Conference (ARC),arc,Coe,M. Vodicka,M.,Vodicka,,150,M. Vodicka,0,0COE,-54,0,,,,,,,,,,,,,,,,,,,,,,,,,,,,,,,,,,,,,,,,,,,,,,,,,,,,,,,,,,,,,,,,,,,,,,,,,,,,,,,,,,,,,,Coe,COE,1042-6362,True,,,,,,,,,,,,,,,,,,,,,,,,,,,,,,,,,,,,,,,,,,0.0,92,75
2026-27,softball,American Rivers Conference (ARC),arc,Simpson,Olivia Schuetz,Olivia,Schuetz,,641,Olivia Schuetz,0,0SIMPSON,-1,-1,,,,,,,,,,,,,,,,,,,,,,,,,,,,,,,,,,,,,,,,,,,,,,,,,,,,,,,,,,,,,,,,,,,,,,,,,,,,,,,,,,,,,,Simpson,SIMPSON,0,True,,,,,,,,,,,,,,,,,,,,,,,,,,,,,,,,,,,,,,,,,,0.0,93,74
2026-27,softball,American Rivers Conference (ARC),arc,Nebraska Wesleyan,Victoria Wiatrak,Victoria,Wiatrak,,462,Victoria Wiatrak,0,0NEB. WES,-4,0,,,,,,,,,,,,,,,,,,,,,,,,,,,,,,,,,,,,,,,,,,,,,,,,,,,,,,,,,,,,,,,,,,,,,,,,,,,,,,,,,,,,,,Nebraska Wesleyan,NEB. WES,0,True,,,,,,,,,,,,,,,,,,,,,,,,,,,,,,,,,,,,,,,,,,0.0,94,74
2026-27,softball,American Rivers Conference (ARC),arc,Coe,Brooke Peterman,Brooke,Peterman,,150,Brooke Peterman,0,0COE,18,2,,,18,2,5,2,2,0,0,5,0,0,2,0,0,0,0,0,0,0,0,0,0,0,0,0.435,7,23,0,.000,.278,.389,2,5,1,0,0,0,0,0,0,8,.875,0,.000,,1,0,6,4,"3,8",0.38,3,8,"4,10",0.40,4,10,"3,9",0.33,3,9,0,0,0,0,0,0,0,0,"0,3","1,2","8,12",2,0,0,0,94,0,0,0,1,4,0,,Coe,COE,1042-7280,True,,,,,,,,,,,,,,,,,,,,,,,,,,,,,,,,,,,,,,,,,,-0.004422936989705806,95,74
2026-27,softball,American Rivers Conference (ARC),arc,Loras,Bailey Welu,Bailey,Welu,,364,Bailey Welu,0,0LORAS,34,32,,,55,12,14,3,1,0,0,2,0,3,16,9,8,1,5,1,0,0,0,0,0,0,0,0.311,15,66,9,.889,.255,.273,38,1,2,0,0,0,0,0,0,41,.951,0,.000,,2,1,16,13,"2,19",0.11,2,19,"7,21",0.33,7,21,"2,9",0.22,2,9,"2,3",0.67,2,3,0,0,0,0,"5,11","2,2","17,30",0,0,0,0,0,0,0,0,7,9,0,,Loras,LORAS,1045-3834,True,,,,,,,,,,,,,,,,,,,,,,,,,,,,,,,,,,,,,,,,,,-0.05331052831528556,96,74
2026-27,softball,American Rivers Conference (ARC),arc,Simpson,Lauren Ellwanger,Lauren,Ellwanger,,641,Lauren Ellwanger,0,0SIMPSON,4,0,,,3,0,1,1,0,0,0,0,0,0,1,1,0,1,0,0,0,0,0,0,0,0,0,0.333,1,3,1,.000,.333,.333,0,0,0,0,0,0,0,0,0,0,0.000,0,.000,,0,0,1,0,"0,1",0,0,1,"1,2",0.50,1,2,"1,2",0.50,1,2,0,0,0,0,0,0,0,0,0,"1,1","1,2",0,0,0,0,1,0,0,0,0,0,0,,Simpson,SIMPSON,0,True,,,,,,,,,,,,,,,,,,,,,,,,,,,,,,,,,,,,,,,,,,-0.4884366210533785,97,73
2026-27,softball,American Rivers Conference (ARC),arc,Nebraska Wesleyan,Kendall Allen,Kendall,Allen,,462,Kendall Allen,0,0NEB. WES,1,1,,,3,0,1,0,0,0,0,0,0,0,0,0,0,0,0,0,0,0,0,0,0,0,0,0.333,1,3,0,.000,.333,.333,3,0,1,0,0,0,0,0,0,4,.750,0,.000,,0,0,2,0,"1,2",0.50,1,2,0,0,0,0,0,0,0,0,0,0,0,0,0,0,0,0,"0,1",0,0,0,0,0,0,0,0,0,0,0,0,0,,Nebraska Wesleyan,NEB. WES,0,True,,,,,,,,,,,,,,,,,,,,,,,,,,,,,,,,,,,,,,,,,,-0.5533527287155983,98,73
2026-27,softball,American Rivers Conference (ARC),arc,Nebraska Wesleyan,Stella Campin,Stella,Campin,,462,Stella Campin,0,0NEB. WES,22,16,,,42,2,9,9,1,0,1,3,0,0,16,10,0,0,0,0,0,0,0,0,0,0,0,0.267,13,45,0,.000,.214,.310,135,1,2,0,0,0,0,4,0,138,.986,0,.000,,0,1,9,8,"3,17",0.18,3,17,"7,26",0.27,7,26,"6,17",0.35,6,17,"1,3",0.33,1,3,0,0,0,0,"2,7","2,5","9,26",66,0,0,0,41,0,0,0,3,12,0,,Nebraska Wesleyan,NEB. WES,0,True,,,,,,,,,,,,,,,,,,,,,,,,,,,,,,,,,,,,,,,,,,-0.6284199450090907,99,73
2026-27,softball,American Rivers Conference (ARC),arc,Simpson,Marina Cronin,Marina,Cronin,,641,Marina Cronin,0,0SIMPSON,31,15,,,0,0,0,0,0,0,0,0,0,0,0,0,0,0,0,0,0,0,0,0,0,0,0,0.000,0,0,0,.000,.000,.000,4,42,2,0,0,11,4,0,0,48,.958,15,.733,,0,0,0,0,0,0,0,0,0,0,0,0,0,0,0,0,0,0,0,0,0,0,0,0,0,0,0,0,0,0,0,0,0,0,0,0,0,0,,Simpson,SIMPSON,0,True,103,1,15,17,2,5,10,2,0,0,129.0,47,39,34,118,13,2,5,2.12,485,544,5,4,0,6,15,0,0,37,.212,108,156,0,"6,13","6,30","7,21",0,"7,21",,,,-0.6621895320039464,100,73
2026-27,softball,American Rivers Conference (ARC),arc,Buena Vista,Geneva Galler,Geneva,Galler,,84,Geneva Galler,0,0BVUSB,21,6,,,31,2,9,3,1,0,0,1,0,0,3,1,0,0,0,0,0,0,0,1,0,1,0,0.313,10,32,0,.000,.290,.323,16,1,0,0,0,8,1,0,0,17,1.000,9,.889,,0,0,5,14,"2,13",0.15,2,13,"6,15",0.40,6,15,"4,8",0.50,4,8,0,0,0,0,0,0,0,0,"3,7","1,2","5,15",0,0,0,0,124,0,0,0,0,8,0,,Buena Vista,BVUSB,1040-5142,True,,,,,,,,,,,,,,,,,,,,,,,,,,,,,,,,,,,,,,,,,,-0.7028689707693128,101,72
2026-27,softball,American Rivers Conference (ARC),arc,Nebraska Wesleyan,Lexus Hill,Lexus,Hill,,462,Lexus Hill,0,0NEB. WES,11,6,,,12,1,4,4,1,0,0,1,0,0,3,0,0,0,0,0,0,0,0,0,0,0,0,0.385,5,13,0,.000,.333,.417,16,7,0,0,0,3,1,0,0,23,1.000,4,.750,,0,1,2,3,"1,4",0.25,1,4,"3,9",0.33,3,9,"2,7",0.29,2,7,0,0,0,0,0,0,0,0,0,"2,5","4,9",2,0,0,0,11,0,0,0,0,3,0,,Nebraska Wesleyan,NEB. WES,0,True,10,1,2,0,2,0,0,0,0,0,9.2,9,6,9,2,1,1,0,4.34,34,46,4,0,0,1,2,0,0,1,.294,13,10,0,0,0,0,0,0,,,,-0.7580769854473297,102,72
2026-27,softball,American Rivers Conference (ARC),arc,Buena Vista,Jillian Garcia,Jillian,Garcia,,84,Jillian Garcia,0,0BVUSB,37,30,,,90,6,25,9,6,0,0,10,0,2,8,5,1,0,3,0,0,0,0,0,0,0,0,0.363,31,105,1,1.000,.278,.344,19,17,5,0,0,0,0,1,0,41,.878,0,.000,,3,4,27,31,"8,34",0.24,8,34,"17,48",0.35,17,48,"11,35",0.31,11,35,"0,2",0,0,2,0,0,0,0,"6,15","2,4","29,54",16,0,0,0,55,0,0,0,6,28,0,,Buena Vista,BVUSB,1040-5143,True,0,1,0,0,0,0,0,0,0,0,0,0,0,0,0,0,0,0,0.00,0,0,0,0,0,0,0,0,0,0,.000,,,,,,,,,,,,-0.9396002587890346,103,72
2026-27,softball,American Rivers Conference (ARC),arc,Simpson,Kenna Rollinger,Kenna,Rollinger,,641,Kenna Rollinger,0,0SIMPSON,12,8,,,28,3,7,1,3,0,0,2,0,0,1,1,0,0,0,0,0,0,0,1,0,1,0,0.300,10,30,0,.000,.250,.357,41,6,1,0,0,2,6,0,0,48,.979,8,.250,,2,1,5,13,"0,8",0,0,8,"3,18",0.17,3,18,"1,9",0.11,1,9,0,0,0,0,0,0,0,0,"2,4","0,1","5,18",0,0,0,0,6,0,0,0,1,7,0,,Simpson,SIMPSON,0,True,,,,,,,,,,,,,,,,,,,,,,,,,,,,,,,,,,,,,,,,,,-1.0007856015565753,104,72
2026-27,softball,American Rivers Conference (ARC),arc,Nebraska Wesleyan,Macy Santoni,Macy,Santoni,,462,Macy Santoni,0,0NEB. WES,25,7,,,27,8,6,3,1,2,1,0,0,0,4,1,0,1,0,0,0,0,0,0,0,0,0,0.222,14,27,1,.000,.222,.519,9,1,0,0,0,0,1,0,0,10,1.000,1,.000,,1,0,5,11,"2,10",0.20,2,10,"2,9",0.22,2,9,"0,3",0,0,3,0,0,0,0,0,0,0,0,"3,7","1,2","4,9",1,0,0,0,74,0,0,0,1,2,0,,Nebraska Wesleyan,NEB. WES,0,True,4,1,0,0,0,0,0,0,0,0,4.0,2,2,4,2,0,1,0,3.50,14,20,1,1,0,0,1,0,0,2,.286,8,1,0,"3,4","2,9","1,3",0,"2,6",,,,-1.1851775603043617,105,71
2026-27,softball,American Rivers Conference (ARC),arc,Central,Katie Bower,Katie,Bower,,126,Katie Bower,0,0CENTRAL,12,0,,,11,0,3,3,0,0,0,0,0,0,3,1,1,0,1,0,0,0,0,0,0,1,0,0.273,3,12,1,1.000,.273,.273,0,0,0,0,0,0,0,0,0,0,0.000,0,.000,,1,1,5,0,"1,4",0.25,1,4,"3,10",0.30,3,10,"3,8",0.38,3,8,0,0,0,0,0,0,0,0,"0,1","2,4","5,11",2,0,0,0,208,0,0,0,1,4,0,,Central,CENTRAL,1041-2697,True,,,,,,,,,,,,,,,,,,,,,,,,,,,,,,,,,,,,,,,,,,-1.2257171378108167,106,71
2026-27,softball,American Rivers Conference (ARC),arc,Univ. of Dubuque,Leah Pena,Leah,Pena,,192,Leah Pena,0,0DUBUQUE,20,17,,,25,7,5,2,2,0,0,4,0,0,7,2,1,0,1,0,0,0,0,0,0,0,0,0.310,7,30,1,1.000,.200,.280,21,1,1,0,0,0,0,1,0,23,.957,0,.000,,1,1,9,4,"0,8",0,0,8,"0,10",0,0,10,"0,5",0,0,5,0,0,0,0,0,0,0,0,"6,9","2,3","6,13",0,0,0,0,5,0,0,0,4,7,0,,Univ. of Dubuque,DUBUQUE,1044-2379,True,,,,,,,,,,,,,,,,,,,,,,,,,,,,,,,,,,,,,,,,,,-1.266455346520221,107,71
2026-27,softball,American Rivers Conference (ARC),arc,Nebraska Wesleyan,Kylie Fullerton,Kylie,Fullerton,,462,Kylie Fullerton,0,0NEB. WES,31,20,,,66,2,12,14,5,0,0,5,0,1,13,2,0,0,0,1,0,0,0,0,0,2,0,0.247,17,73,0,.000,.182,.258,130,9,0,0,0,0,0,3,0,139,1.000,0,.000,,4,2,17,22,"4,23",0.17,4,23,"7,38",0.18,7,38,"5,25",0.20,5,25,"0,2",0,0,2,0,0,0,0,"3,15","6,11","16,41",48,0,0,0,14,0,0,0,5,17,0,,Nebraska Wesleyan,NEB. WES,0,True,,,,,,,,,,,,,,,,,,,,,,,,,,,,,,,,,,,,,,,,,,-1.3205601984219297,108,71
2026-27,softball,American Rivers Conference (ARC),arc,Univ. of Dubuque,Kadence Ondrey,Kadence,Ondrey,,192,Kadence Ondrey,0,0DUBUQUE,19,19,,,48,4,10,5,3,0,0,5,0,1,2,1,0,1,0,1,0,0,0,0,0,1,0,0.291,13,55,1,.000,.208,.271,57,7,4,6,0,28,2,0,0,68,.941,30,.933,,1,0,9,27,"4,17",0.24,4,17,"7,29",0.24,7,29,"5,13",0.38,5,13,0,0,0,0,0,0,0,0,"4,11","0,5","14,32",0,0,0,0,0,0,0,0,6,11,0,,Univ. of Dubuque,DUBUQUE,1044-2378,True,,,,,,,,,,,,,,,,,,,,,,,,,,,,,,,,,,,,,,,,,,-1.3624339513984853,109,70
2026-27,softball,American Rivers Conference (ARC),arc,Buena Vista,Zoey Thayer,Zoey,Thayer,,84,Zoey Thayer,0,0BVUSB,38,32,,,76,7,18,9,6,0,0,10,0,1,16,7,1,1,2,0,0,0,0,0,0,0,0,0.333,24,89,2,.500,.237,.316,36,1,1,0,0,0,0,0,0,38,.974,0,.000,,1,0,16,27,"4,22",0.18,4,22,"12,36",0.33,12,36,"6,25",0.24,6,25,0,0,0,0,0,0,0,0,"8,24","2,6","18,40",14,0,0,0,2,0,0,0,4,17,0,,Buena Vista,BVUSB,1040-6958,True,7,1,0,0,0,0,0,0,0,0,3.0,7,4,4,2,1,0,2,9.33,17,22,0,1,0,0,0,0,0,1,.412,2,5,0,"1,2","1,5","1,2",0,"2,4",,,,-1.3880626670857696,110,70
2026-27,softball,American Rivers Conference (ARC),arc,Buena Vista,Keirsten Trayte,Keirsten,Trayte,,84,Keirsten Trayte,0,0BVUSB,14,7,,,24,4,5,2,1,0,0,2,0,1,6,2,0,0,0,0,0,0,0,0,0,1,0,0.296,6,27,0,.000,.208,.250,24,1,0,0,0,0,0,0,0,25,1.000,0,.000,,1,1,5,7,"2,11",0.18,2,11,"4,13",0.31,4,13,"2,5",0.40,2,5,"1,1",1.00,1,1,0,0,0,0,"2,5",0,"5,13",0,0,0,0,53,0,0,0,0,3,0,,Buena Vista,BVUSB,1040-4314,True,,,,,,,,,,,,,,,,,,,,,,,,,,,,,,,,,,,,,,,,,,-1.6130361395906287,111,70
2026-27,softball,American Rivers Conference (ARC),arc,Loras,Morgan Lesniewicz,Morgan,Lesniewicz,,364,Morgan Lesniewicz,0,0LORAS,11,6,,,12,2,2,0,0,1,0,2,0,1,5,2,0,0,1,0,0,0,0,0,0,1,0,0.333,4,16,0,.000,.167,.333,9,0,1,0,0,0,0,0,0,10,.900,0,.000,,1,0,3,2,"0,4",0,0,4,"0,7",0,0,7,"0,5",0,0,5,"1,2",0.50,1,2,0,0,0,0,"2,3","0,2","2,8",0,0,0,0,3,0,0,0,2,3,0,,Loras,LORAS,1045-4071,True,,,,,,,,,,,,,,,,,,,,,,,,,,,,,,,,,,,,,,,,,,-1.6285339096570548,112,70
2026-27,softball,American Rivers Conference (ARC),arc,Wartburg,Gwen Mews,Gwen,Mews,,750,Gwen Mews,0,0WARTBURG,4,0,,,5,0,1,3,1,0,0,0,0,0,2,0,0,0,0,0,0,0,0,0,0,0,0,0.200,2,5,0,.000,.200,.400,0,0,0,0,0,0,0,0,0,0,0.000,0,.000,,0,0,2,0,"1,1",1.00,1,1,"1,4",0.25,1,4,"1,3",0.33,1,3,0,0,0,0,0,0,0,0,"0,1","0,2","2,4","1,1",1.00,1,1,4,0,0,0,4,0,0,,Wartburg,WARTBURG,1048-4836,True,,,,,,,,,,,,,,,,,,,,,,,,,,,,,,,,,,,,,,,,,,-1.6891443102582577,113,69
2026-27,softball,American Rivers Conference (ARC),arc,Simpson,Cheyenne Jones,Cheyenne,Jones,,641,Cheyenne Jones,0,0SIMPSON,15,9,,,28,3,6,5,0,0,0,1,0,0,6,1,1,0,0,0,0,0,0,0,0,0,0,0.241,6,29,1,1.000,.214,.214,11,13,2,0,0,0,0,1,0,26,.923,0,.000,,2,2,8,6,"2,11",0.18,2,11,"3,18",0.17,3,18,"3,17",0.18,3,17,"1,4",0.25,1,4,0,0,0,0,"1,4","1,4","5,18",6,0,0,0,0,0,0,0,2,17,0,,Simpson,SIMPSON,0,True,,,,,,,,,,,,,,,,,,,,,,,,,,,,,,,,,,,,,,,,,,-1.7514647480855563,114,69
2026-27,softball,American Rivers Conference (ARC),arc,Nebraska Wesleyan,Ella Wolff,Ella,Wolff,,462,Ella Wolff,0,0NEB. WES,33,31,,,77,8,15,2,2,2,0,2,0,1,12,4,0,0,4,0,0,0,0,0,1,0,0,0.225,21,84,0,.000,.195,.273,44,117,5,0,0,0,0,8,0,166,.970,0,.000,,2,5,26,26,"2,26",0.08,2,26,"6,33",0.18,6,33,"4,19",0.21,4,19,"1,3",0.33,1,3,0,0,0,0,"7,23","0,3","11,37",4,0,0,0,0,0,0,0,7,25,0,,Nebraska Wesleyan,NEB. WES,0,True,,,,,,,,,,,,,,,,,,,,,,,,,,,,,,,,,,,,,,,,,,-1.7741320535098495,115,69
2026-27,softball,American Rivers Conference (ARC),arc,Central,Rachel Barton,Rachel,Barton,,126,Rachel Barton,0,0CENTRAL,3,0,,,4,1,1,0,0,0,0,0,0,0,1,0,0,0,0,0,0,0,0,0,0,0,0,0.250,1,4,0,.000,.250,.250,0,0,0,0,0,0,0,0,0,0,0.000,0,.000,,0,0,1,1,0,0,0,0,"1,3",0.33,1,3,"1,2",0.50,1,2,0,0,0,0,0,0,0,0,"0,1","0,1","2,3",0,0,0,0,4,0,0,0,1,0,0,,Central,CENTRAL,1041-2429,True,,,,,,,,,,,,,,,,,,,,,,,,,,,,,,,,,,,,,,,,,,-1.8134311703753077,116,69
2026-27,softball,American Rivers Conference (ARC),arc,Loras,Alyson Krogman,Alyson,Krogman,,364,Alyson Krogman,0,0LORAS,29,27,,,51,8,7,5,2,2,0,9,0,0,14,7,0,0,1,0,0,0,0,0,0,1,0,0.267,13,61,0,.000,.137,.255,159,10,1,0,0,0,0,1,0,170,.994,0,.000,,0,4,14,16,"2,20",0.10,2,20,"4,31",0.13,4,31,"3,18",0.17,3,18,"0,8",0,0,8,0,0,0,0,"4,9","1,5","13,37",0,0,0,0,2,0,0,0,2,21,0,,Loras,LORAS,1045-4068,True,,,,,,,,,,,,,,,,,,,,,,,,,,,,,,,,,,,,,,,,,,-1.8518488674182538,117,68
2026-27,softball,American Rivers Conference (ARC),arc,Buena Vista,Kali Irlmeier,Kali,Irlmeier,,84,Kali Irlmeier,0,0BVUSB,33,26,,,67,10,14,6,2,0,0,6,0,1,13,2,0,0,2,0,0,0,0,0,0,0,0,0.284,16,76,0,.000,.209,.239,94,13,0,0,0,23,1,1,0,107,1.000,24,.958,,3,2,25,14,"5,22",0.23,5,22,"10,38",0.26,10,38,"6,24",0.25,6,24,"2,2",1.00,2,2,0,0,0,0,"4,14","1,3","23,44",2,0,0,0,4,0,0,0,9,20,0,,Buena Vista,BVUSB,1040-5147,True,81,1,7,1,6,0,3,1,0,0,43.2,52,38,19,12,14,4,5,6.09,212,240,4,1,0,3,5,0,1,5,.382,55,59,0,"0,2","4,8","3,3",0,"0,2",,,,-1.9202626543043222,118,68
2026-27,softball,American Rivers Conference (ARC),arc,Wartburg,Haile Frost,Haile,Frost,,750,Haile Frost,0,0WARTBURG,2,0,,,0,1,0,0,0,0,0,1,0,0,0,0,0,0,0,0,0,0,0,0,0,0,0,1.000,0,1,0,.000,.000,.000,0,0,0,0,0,0,0,0,0,0,0.000,0,.000,,0,0,0,0,0,0,0,0,0,0,0,0,0,0,0,0,0,0,0,0,0,0,0,0,0,0,0,0,0,0,0,0,0,0,0,0,0,0,,Wartburg,WARTBURG,1048-5457,True,2,1,0,0,0,0,0,0,0,0,1.0,2,1,1,0,0,0,0,7.00,5,6,0,0,0,0,0,0,0,0,.400,1,1,0,"0,1","2,4",0,0,0,,,,-2.002196835321281,119,68
2026-27,softball,American Rivers Conference (ARC),arc,Central,Rylie Grabau,Rylie,Grabau,,126,Rylie Grabau,0,0CENTRAL,8,0,,,6,0,1,0,0,0,0,1,0,1,0,0,0,0,0,0,0,0,0,0,0,0,0,0.375,1,8,0,.000,.167,.167,0,0,0,0,0,0,0,0,0,0,0.000,0,.000,,0,1,2,3,"1,3",0.33,1,3,"0,4",0,0,4,"0,4",0,0,4,0,0,0,0,0,0,0,0,0,"0,3","2,4",4,0,0,0,48,0,0,0,2,4,0,,Central,CENTRAL,1041-3215,True,,,,,,,,,,,,,,,,,,,,,,,,,,,,,,,,,,,,,,,,,,-2.152585836162952,120,67
2026-27,softball,American Rivers Conference (ARC),arc,Simpson,Sierra Franklin,Sierra,Franklin,,641,Sierra Franklin,0,0SIMPSON,5,0,,,-3,0,-1,-1,1,0,0,0,0,0,1,0,0,0,0,1,0,0,0,0,0,0,0,0.500,0,-2,0,.000,.333,.000,0,1,0,0,0,1,1,0,0,1,1.000,2,.500,,0,1,1,1,"1,2",0.50,1,2,"0,1",0,0,1,0,0,0,0,0,0,0,0,0,0,0,0,0,"1,1","1,2",0,0,0,0,0,0,0,0,3,1,0,,Simpson,SIMPSON,0,True,16,1,1,0,0,0,0,0,0,0,10.1,10,7,6,1,2,0,2,4.74,42,51,2,0,0,0,3,0,0,0,.381,12,15,0,"1,1","3,6","1,1",0,"2,3",,,,-2.1856701010654263,121,67
2026-27,softball,American Rivers Conference (ARC),arc,Buena Vista,Lindy Nelson,Lindy,Nelson,,84,Lindy Nelson,0,0BVUSB,22,18,,,42,5,8,3,0,0,0,2,0,0,11,0,0,0,1,0,0,0,0,1,0,2,0,0.227,8,45,0,.000,.190,.190,35,7,3,3,0,48,4,0,0,45,.933,52,.923,,0,2,13,11,"5,20",0.25,5,20,"3,19",0.16,3,19,"3,13",0.23,3,13,0,0,0,0,0,0,0,0,"1,7",0,"8,22",11,0,0,0,1,0,0,0,2,13,0,,Buena Vista,BVUSB,1040-6490,True,,,,,,,,,,,,,,,,,,,,,,,,,,,,,,,,,,,,,,,,,,-2.193874510353786,122,67
2026-27,softball,American Rivers Conference (ARC),arc,Buena Vista,Ella Brown,Ella,Brown,,84,Ella Brown,0,0BVUSB,32,25,,,64,6,12,5,5,0,0,7,0,0,25,10,0,0,0,0,0,0,0,1,0,2,0,0.268,17,71,0,.000,.188,.266,108,5,5,0,0,12,0,5,0,118,.958,12,1.000,,1,1,15,11,"2,20",0.10,2,20,"6,30",0.20,6,30,"2,19",0.11,2,19,"0,2",0,0,2,0,0,0,0,"5,19","1,3","13,35","0,1",0,0,1,11,0,0,0,1,20,0,,Buena Vista,BVUSB,1040-6876,True,33,1,2,1,2,0,0,0,0,0,22.0,22,19,19,16,6,2,1,6.05,92,117,15,3,0,1,2,0,0,5,.359,24,21,0,"1,1","0,1","0,1",0,"0,1",,,,-2.20405267553829,123,67
2026-27,softball,American Rivers Conference (ARC),arc,Buena Vista,Avery France,Avery,France,,84,Avery France,0,0BVUSB,35,29,,,25,4,4,1,0,0,0,4,0,0,7,0,3,0,0,0,0,0,0,0,0,1,0,0.276,4,29,3,1.000,.160,.160,39,0,2,0,0,0,0,0,0,41,.951,0,.000,,0,1,7,7,"1,8",0.13,1,8,"4,16",0.25,4,16,"2,11",0.18,2,11,"0,1",0,0,1,0,0,0,0,"0,4","0,1","8,19","0,1",0,0,1,0,0,0,0,1,9,0,,Buena Vista,BVUSB,1040-6603,True,,,,,,,,,,,,,,,,,,,,,,,,,,,,,,,,,,,,,,,,,,-2.2238852792547616,124,66
2026-27,softball,American Rivers Conference (ARC),arc,Simpson,Alexis Voss,Alexis,Voss,,641,Alexis Voss,0,0SIMPSON,24,2,,,8,12,1,0,0,0,0,1,0,0,2,1,5,0,0,0,0,0,0,0,0,0,0,0.222,1,9,5,1.000,.125,.125,4,1,0,0,0,0,0,0,0,5,1.000,0,.000,,0,1,1,4,"0,1",0,0,1,"0,3",0,0,3,"0,3",0,0,3,"0,1",0,0,1,0,0,0,0,"1,3","0,1","2,4","0,1",0,0,1,2,0,0,0,0,2,0,,Simpson,SIMPSON,0,True,,,,,,,,,,,,,,,,,,,,,,,,,,,,,,,,,,,,,,,,,,-2.3983753342209315,125,66
2026-27,softball,American Rivers Conference (ARC),arc,Nebraska Wesleyan,Katie Hansen,Katie,Hansen,,462,Katie Hansen,0,0NEB. WES,16,5,,,13,3,2,3,0,0,0,2,0,0,5,1,1,0,2,0,0,0,0,0,0,0,0,0.267,2,17,1,1.000,.154,.154,3,8,0,0,0,0,0,0,0,11,1.000,0,.000,,1,1,4,3,"1,3",0.33,1,3,"2,6",0.33,2,6,"2,6",0.33,2,6,"0,1",0,0,1,0,0,0,0,"2,4","2,4","7,8",2,0,0,0,5,0,0,0,6,2,0,,Nebraska Wesleyan,NEB. WES,0,True,,,,,,,,,,,,,,,,,,,,,,,,,,,,,,,,,,,,,,,,,,-2.406508211372999,126,66
2026-27,softball,American Rivers Conference (ARC),arc,Simpson,Makayla Fowler,Makayla,Fowler,,641,Makayla Fowler,0,0SIMPSON,25,24,,,58,3,9,6,1,0,0,2,0,0,10,3,0,0,1,0,0,0,0,1,0,2,0,0.183,10,61,0,.000,.155,.172,117,9,1,0,0,17,4,0,0,127,.992,21,.810,,3,2,21,16,"1,16",0.06,1,16,"7,37",0.19,7,37,"5,23",0.22,5,23,"0,1",0,0,1,0,0,0,0,"2,9","3,5","17,39",35,0,0,0,0,0,0,0,7,19,0,,Simpson,SIMPSON,0,True,,,,,,,,,,,,,,,,,,,,,,,,,,,,,,,,,,,,,,,,,,-2.624031925843129,127,66
2026-27,softball,American Rivers Conference (ARC),arc,Buena Vista,Ariell Bowers,Ariell,Bowers,,84,Ariell Bowers,0,0BVUSB,29,15,,,33,5,5,1,0,0,0,0,0,0,5,3,6,2,0,0,0,0,0,0,0,0,0,0.152,5,33,8,.750,.152,.152,35,2,5,1,0,8,1,0,0,42,.881,9,.889,,0,0,16,7,"2,7",0.29,2,7,"2,11",0.18,2,11,"2,10",0.20,2,10,"1,2",0.50,1,2,0,0,0,0,"2,13","0,2","2,11",0,0,0,0,0,0,0,0,1,6,0,,Buena Vista,BVUSB,1040-6895,True,,,,,,,,,,,,,,,,,,,,,,,,,,,,,,,,,,,,,,,,,,-2.634977408638517,128,65
2026-27,softball,American Rivers Conference (ARC),arc,Simpson,Makenna Askeland,Makenna,Askeland,,641,Makenna Askeland,0,0SIMPSON,5,0,,,5,0,1,0,0,0,0,0,0,0,1,0,0,0,0,0,0,0,0,0,0,0,0,0.200,1,5,0,.000,.200,.200,3,0,0,0,0,0,0,0,0,3,1.000,0,.000,,0,0,0,3,"0,2",0,0,2,"0,3",0,0,3,"0,1",0,0,1,0,0,0,0,0,0,0,0,"0,1",0,"0,3",0,0,0,0,3,0,0,0,0,2,0,,Simpson,SIMPSON,0,True,,,,,,,,,,,,,,,,,,,,,,,,,,,,,,,,,,,,,,,,,,-2.6483328619752307,129,65
2026-27,softball,American Rivers Conference (ARC),arc,Nebraska Wesleyan,Hayden Thomas,Hayden,Thomas,,462,Hayden Thomas,0,0NEB. WES,23,6,,,22,7,3,4,0,0,0,1,0,0,3,1,2,0,2,0,0,0,0,0,0,0,0,0.174,3,25,2,1.000,.136,.136,1,0,0,0,0,0,0,0,0,1,1.000,0,.000,,0,1,9,9,"1,4",0.25,1,4,"1,10",0.10,1,10,"1,4",0.25,1,4,"0,0",0,0,0,0,0,0,0,"1,6","3,3","6,12","0,1",0,0,1,113,0,0,0,8,3,0,,Nebraska Wesleyan,NEB. WES,0,True,,,,,,,,,,,,,,,,,,,,,,,,,,,,,,,,,,,,,,,,,,-2.7240568429520886,130,65
2026-27,softball,American Rivers Conference (ARC),arc,Coe,Haley Sanders,Haley,Sanders,,150,Haley Sanders,0,0COE,19,1,,,11,2,1,3,1,0,0,3,0,0,4,0,0,0,0,0,0,0,0,0,0,0,0,0.286,2,14,0,.000,.091,.182,0,0,0,0,0,0,0,0,0,0,0.000,0,.000,,0,1,2,3,"1,4",0.25,1,4,"1,7",0.14,1,7,"1,5",0.20,1,5,0,0,0,0,0,0,0,0,"0,1","1,2","5,10","0,1",0,0,1,86,0,0,0,0,4,0,,Coe,COE,1042-6660,True,,,,,,,,,,,,,,,,,,,,,,,,,,,,,,,,,,,,,,,,,,-2.7759904960590998,131,65
2026-27,softball,American Rivers Conference (ARC),arc,Central,Elise Evans-Murphy,Elise,Evans-Murphy,,126,Elise Evans-Murphy,0,0CENTRAL,16,4,,,25,4,3,0,0,0,0,5,0,1,4,0,1,0,0,0,0,0,0,0,0,1,0,0.290,3,31,1,1.000,.120,.120,13,0,1,0,0,0,0,0,0,14,.929,0,.000,,1,1,9,8,"1,8",0.13,1,8,"0,13",0,0,13,"0,8",0,0,8,0,0,0,0,0,0,0,0,"3,6","0,2","2,13",1,0,0,0,11,0,0,0,0,7,0,,Central,CENTRAL,1041-2696,True,,,,,,,,,,,,,,,,,,,,,,,,,,,,,,,,,,,,,,,,,,-2.8111992996339414,132,64
2026-27,softball,American Rivers Conference (ARC),arc,Loras,Abigail Cortez,Abigail,Cortez,,364,Abigail Cortez,0,0LORAS,13,8,,,20,0,3,1,1,0,0,2,0,2,5,4,0,0,0,0,0,0,0,0,0,0,0,0.292,4,24,0,.000,.150,.200,0,10,0,0,0,5,0,0,0,10,1.000,5,1.000,,0,1,6,6,"1,7",0.14,1,7,"2,12",0.17,2,12,"1,8",0.13,1,8,"0,3",0,0,3,0,0,0,0,"2,4","0,1","3,13",3,0,0,0,3,0,0,0,0,6,0,,Loras,LORAS,1045-4321,True,36,1,5,3,1,0,0,0,0,0,22.1,19,14,10,12,9,1,3,4.39,103,118,5,1,0,1,3,0,0,8,.350,7,47,0,"4,7","9,23","1,2",0,"5,13",,,,-3.051328740042229,133,64
2026-27,softball,American Rivers Conference (ARC),arc,Loras,Ashli Bossom,Ashli,Bossom,,364,Ashli Bossom,0,0LORAS,24,11,,,40,0,5,3,1,0,0,5,0,0,10,3,0,0,1,0,0,0,0,0,0,0,0,0.222,6,46,0,.000,.125,.150,9,0,0,1,0,0,0,0,0,9,1.000,0,.000,,1,1,10,15,"3,16",0.19,3,16,"4,24",0.17,4,24,"2,17",0.12,2,17,"0,1",0,0,1,0,0,0,0,"1,11","0,2","10,26",94,0,0,0,166,0,0,0,3,18,0,,Loras,LORAS,1045-3835,True,,,,,,,,,,,,,,,,,,,,,,,,,,,,,,,,,,,,,,,,,,-3.065809523854554,134,64
2026-27,softball,American Rivers Conference (ARC),arc,Buena Vista,Rylie Garner,Rylie,Garner,,84,Rylie Garner,0,0BVUSB,24,16,,,48,2,9,4,0,0,0,2,0,0,10,4,0,0,0,0,0,0,0,0,0,1,0,0.220,9,50,0,.000,.188,.188,11,18,2,0,0,12,0,1,0,31,.935,12,1.000,,4,2,11,13,"3,16",0.19,3,16,"5,28",0.18,5,28,"3,20",0.15,3,20,0,0,0,0,0,0,0,0,"2,9","4,8","13,28",0,0,0,0,17,0,0,0,3,12,0,,Buena Vista,BVUSB,1040-4308,True,70,1,7,1,4,0,2,0,0,0,36.2,48,43,8,10,21,6,6,8.21,177,191,3,1,0,2,3,0,0,6,.395,78,21,0,"1,3","4,6","1,3",0,"0,2",,,,-3.1306624846902444,135,64
2026-27,softball,American Rivers Conference (ARC),arc,Wartburg,Hannah Hoefer,Hannah,Hoefer,,750,Hannah Hoefer,0,0WARTBURG,30,18,,,0,0,0,0,0,0,0,0,0,0,0,0,0,0,0,0,0,0,0,0,0,0,0,0.000,0,0,0,.000,.000,.000,2,35,4,0,0,20,8,0,0,41,.902,28,.714,,0,0,0,0,0,0,0,0,0,0,0,0,0,0,0,0,0,0,0,0,0,0,0,0,0,0,0,0,0,0,0,0,0,0,0,0,0,0,,Wartburg,WARTBURG,1048-6001,True,134,1,18,13,5,2,5,1,0,0,116.2,89,73,56,61,30,10,4,4.38,478,552,15,5,0,2,11,0,0,10,.280,87,182,1,"6,8","8,22","4,12",0,"2,10",,,,-3.505607084948403,136,63
2026-27,softball,American Rivers Conference (ARC),arc,Simpson,Savana Walls,Savana,Walls,,641,Savana Walls,0,0SIMPSON,8,1,,,7,1,1,1,0,0,0,0,0,0,5,1,0,0,0,1,0,0,0,0,0,0,0,0.125,1,8,0,.000,.143,.143,0,1,0,0,0,0,0,0,0,1,1.000,0,.000,,0,0,0,2,"0,3",0,0,3,"0,5",0,0,5,"0,4",0,0,4,"0,2",0,0,2,0,0,0,0,"1,1","1,1","1,6",2,0,0,0,5,0,0,0,2,6,0,,Simpson,SIMPSON,0,True,,,,,,,,,,,,,,,,,,,,,,,,,,,,,,,,,,,,,,,,,,-3.521834699236266,137,63
2026-27,softball,American Rivers Conference (ARC),arc,Simpson,Rowen Fisk,Rowen,Fisk,,641,Rowen Fisk,0,0SIMPSON,26,2,,,5,12,0,0,0,0,0,0,0,2,1,0,3,1,0,0,0,0,0,0,0,1,0,0.286,0,7,4,.750,.000,.000,2,1,0,0,0,0,0,0,0,3,1.000,0,.000,,0,0,0,4,0,0,0,0,"0,3",0,0,3,"0,3",0,0,3,0,0,0,0,0,0,0,0,"0,1",0,"0,3",0,0,0,0,"0,1",0,0,1,0,0,0,,Simpson,SIMPSON,0,True,,,,,,,,,,,,,,,,,,,,,,,,,,,,,,,,,,,,,,,,,,-3.600536636682656,138,63
2026-27,softball,American Rivers Conference (ARC),arc,Simpson,Maddison Pospeshil,Maddison,Pospeshil,,641,Maddison Pospeshil,0,0SIMPSON,6,2,,,8,0,1,2,0,0,0,0,0,0,1,0,0,0,0,0,0,0,0,0,0,0,0,0.125,1,8,0,.000,.125,.125,7,2,0,0,0,0,0,0,0,9,1.000,0,.000,,0,0,4,2,"1,3",0.33,1,3,"1,3",0.33,1,3,"1,3",0.33,1,3,0,0,0,0,0,0,0,0,"0,3",0,"2,3",0,0,0,0,"0,1",0,0,1,1,2,0,,Simpson,SIMPSON,0,True,,,,,,,,,,,,,,,,,,,,,,,,,,,,,,,,,,,,,,,,,,-3.6998804210453202,139,63
2026-27,softball,American Rivers Conference (ARC),arc,Loras,Rachel Peat,Rachel,Peat,,364,Rachel Peat,0,0LORAS,15,7,,,2,0,0,0,0,0,0,1,0,0,1,0,0,0,0,0,0,0,0,0,0,0,0,0.333,0,3,0,.000,.000,.000,1,7,1,0,0,6,1,0,0,9,.889,7,.857,,0,0,0,1,"0,2",0,0,2,"0,1",0,0,1,"0,1",0,0,1,0,0,0,0,0,0,0,0,0,0,"0,1","0,1",0,0,1,0,0,0,0,0,3,0,,Loras,LORAS,1045-3559,True,54,1,7,6,2,1,0,0,0,0,46.1,28,18,11,24,14,0,3,2.72,187,213,1,6,0,1,8,0,0,7,.289,55,53,1,"1,4","6,17","3,4",0,"5,12",,,,-3.7926490533569805,140,62
2026-27,softball,American Rivers Conference (ARC),arc,Simpson,Tatum Shepherd,Tatum,Shepherd,,641,Tatum Shepherd,0,0SIMPSON,1,-1,,,-3,1,-1,-1,0,0,1,0,0,0,1,1,0,0,0,0,0,0,0,0,0,0,0,0.333,2,-3,0,.000,.333,-.667,0,0,0,0,0,0,0,0,0,0,0.000,0,.000,,0,1,0,0,"1,3",0.33,1,3,"0,2",0,0,2,"0,2",0,0,2,0,0,0,0,0,0,0,0,0,0,"1,2",0,0,0,0,0,0,0,0,0,2,0,,Simpson,SIMPSON,0,True,,,,,,,,,,,,,,,,,,,,,,,,,,,,,,,,,,,,,,,,,,-3.8983437451030287,141,62
2026-27,softball,American Rivers Conference (ARC),arc,Simpson,Abigail Rouse,Abigail,Rouse,,641,Abigail Rouse,0,0SIMPSON,29,1,,,7,17,0,0,0,0,0,1,0,0,4,1,5,2,0,0,0,0,0,0,0,0,0,0.125,0,8,7,.714,.000,.000,1,0,0,0,0,0,0,0,0,1,1.000,0,.000,,0,2,2,1,"0,3",0,0,3,"0,6",0,0,6,"0,5",0,0,5,0,0,0,0,0,0,0,0,"0,1","0,1","1,6","0,1",0,0,1,4,0,0,0,0,5,0,,Simpson,SIMPSON,0,True,,,,,,,,,,,,,,,,,,,,,,,,,,,,,,,,,,,,,,,,,,-3.9940565388512494,142,62
2026-27,softball,American Rivers Conference (ARC),arc,Buena Vista,Paige Mahler,Paige,Mahler,,84,Paige Mahler,0,0BVUSB,21,17,,,3,0,0,0,0,0,0,2,0,0,2,1,0,0,0,0,0,0,0,0,0,0,0,0.400,0,5,0,.000,.000,.000,10,9,1,0,0,19,1,0,0,20,.950,20,.950,,0,0,0,1,"0,2",0,0,2,"0,3",0,0,3,"0,1",0,0,1,0,0,0,0,0,0,0,0,"2,2",0,"0,3",0,0,0,0,0,0,0,0,0,2,0,,Buena Vista,BVUSB,1040-6901,True,121,1,15,3,11,0,3,0,0,0,60.1,87,62,26,29,18,5,4,7.19,311,351,7,5,0,2,7,0,0,9,.389,67,85,0,"1,2","5,8","2,2",0,"3,4",,,,-4.013932517693823,143,62
2026-27,softball,American Rivers Conference (ARC),arc,Central,Peyton Levine,Peyton,Levine,,126,Peyton Levine,0,0CENTRAL,27,23,,,6,0,0,0,0,0,0,0,0,0,2,0,0,0,0,0,0,0,0,0,0,0,0,0.000,0,6,0,.000,.000,.000,5,12,1,0,0,18,6,0,0,18,.944,24,.750,,0,0,2,2,"0,1",0,0,1,"0,2",0,0,2,"0,1",0,0,1,0,0,0,0,0,0,0,0,"0,3",0,"0,2",0,0,0,0,0,0,0,0,0,1,0,,Central,CENTRAL,1041-3239,True,116,1,22,11,6,1,2,0,1,0,100.0,62,58,43,62,26,2,7,4.06,398,457,1,2,0,3,11,0,6,15,.291,136,89,0,"0,3","1,5","1,10",0,"0,3",,,,-4.051086936160423,144,61
2026-27,softball,American Rivers Conference (ARC),arc,Univ. of Dubuque,Amelia Bowden,Amelia,Bowden,,192,Amelia Bowden,0,0DUBUQUE,13,10,,,13,2,1,2,1,0,0,0,0,0,0,0,0,0,0,0,0,0,0,0,0,0,0,0.077,2,13,0,.000,.077,.154,8,0,1,0,0,0,0,0,0,9,.889,0,.000,,1,0,4,7,"1,5",0.20,1,5,"1,8",0.13,1,8,"1,6",0.17,1,6,0,0,0,0,0,0,0,0,0,0,"1,8",4,0,0,0,4,0,0,0,0,5,0,,Univ. of Dubuque,DUBUQUE,1044-2407,True,,,,,,,,,,,,,,,,,,,,,,,,,,,,,,,,,,,,,,,,,,-4.0670236379228415,145,61
2026-27,softball,American Rivers Conference (ARC),arc,Nebraska Wesleyan,Brynn Baily,Brynn,Baily,,462,Brynn Baily,0,0NEB. WES,10,6,,,16,2,1,0,0,0,0,1,0,0,3,1,0,0,0,0,0,0,0,0,0,0,0,0.118,1,17,0,.000,.063,.063,12,10,2,0,0,0,0,1,0,24,.917,0,.000,,1,1,7,4,"0,6",0,0,6,"1,10",0.10,1,10,"1,9",0.11,1,9,"1,2",0.50,1,2,0,0,0,0,"0,4","0,2","2,11",1,0,0,0,6,0,0,0,0,6,0,,Nebraska Wesleyan,NEB. WES,0,True,,,,,,,,,,,,,,,,,,,,,,,,,,,,,,,,,,,,,,,,,,-4.4431536189389105,146,61
2026-27,softball,American Rivers Conference (ARC),arc,Nebraska Wesleyan,Moe Colegrove,Moe,Colegrove,,462,Moe Colegrove,0,0NEB. WES,16,13,,,13,1,1,0,0,0,0,4,0,0,3,1,0,0,2,0,0,0,0,0,0,0,0,0.294,1,19,0,.000,.077,.077,30,4,4,1,1,28,2,0,0,38,.895,30,.933,,0,0,7,4,"0,2",0,0,2,"0,5",0,0,5,"0,3",0,0,3,"0,3",0,0,3,0,0,0,0,"2,5",0,"5,7",0,0,0,0,0,0,0,0,5,2,0,,Nebraska Wesleyan,NEB. WES,0,True,0,1,0,0,0,0,0,0,0,0,0.0,0,0,0,0,0,0,0,0.00,0,0,0,0,0,0,0,0,0,0,.000,0,0,0,0,0,0,0,0,,,,-4.612288990109969,147,61
2026-27,softball,American Rivers Conference (ARC),arc,Central,Ella Morse,Ella,Morse,,126,Ella Morse,0,0CENTRAL,30,4,,,0,0,0,0,0,0,0,0,0,0,0,0,0,0,0,0,0,0,0,0,0,0,0,0.000,0,0,0,.000,.000,.000,3,2,0,0,0,10,4,0,0,5,1.000,14,.714,,0,0,0,0,0,0,0,0,0,0,0,0,0,0,0,0,0,0,0,0,0,0,0,0,0,0,0,0,0,0,0,0,0,0,0,0,0,0,,Central,CENTRAL,1041-3217,True,52,1,3,7,0,2,1,1,1,0,62.2,29,26,53,31,9,3,2,2.90,230,295,5,5,0,4,3,0,0,9,.226,117,34,0,"3,9","6,23","2,6",0,"5,14",,,,-4.782666409265831,148,60
2026-27,softball,American Rivers Conference (ARC),arc,Univ. of Dubuque,Madison Taeger,Madison,Taeger,,192,Madison Taeger,0,0DUBUQUE,11,10,,,30,3,1,1,0,0,0,1,0,0,5,1,0,0,0,0,0,0,0,0,0,0,0,0.065,1,31,0,.000,.033,.033,63,2,0,0,0,0,0,2,0,65,1.000,0,.000,,4,0,9,11,"0,12",0,0,12,"1,14",0.07,1,14,"1,11",0.09,1,11,0,0,0,0,0,0,0,0,"1,10","0,2","3,15",0,0,0,0,"0,1",0,0,1,0,13,0,,Univ. of Dubuque,DUBUQUE,1044-2123,True,,,,,,,,,,,,,,,,,,,,,,,,,,,,,,,,,,,,,,,,,,-4.915771096229113,149,60
2026-27,softball,American Rivers Conference (ARC),arc,Univ. of Dubuque,Ciaran Rigby,Ciaran,Rigby,,192,Ciaran Rigby,0,0DUBUQUE,20,15,,,3,0,0,0,0,0,0,0,0,0,1,0,0,0,0,0,0,0,0,0,0,0,0,0.000,0,3,0,.000,.000,.000,6,15,2,0,0,23,0,0,0,23,.913,23,1.000,,1,0,1,0,"0,1",0,0,1,"0,2",0,0,2,0,0,0,0,0,0,0,0,0,0,0,0,0,0,"1,2",0,0,0,0,4,0,0,0,0,0,0,,Univ. of Dubuque,DUBUQUE,1044-1490,True,121,1,15,5,10,1,9,0,0,0,100.1,88,71,41,48,19,6,9,4.95,398,480,6,12,0,5,24,0,0,14,.304,149,98,0,"3,6","6,11","0,4",0,"1,7",,,,-4.954965816878413,150,60
2026-27,softball,American Rivers Conference (ARC),arc,Loras,Emily Rosen,Emily,Rosen,,364,Emily Rosen,0,0LORAS,24,18,,,6,0,0,0,0,0,0,1,0,0,2,1,0,0,0,0,0,0,0,0,0,0,0,0.143,0,7,0,.000,.000,.000,33,2,3,0,0,0,0,0,0,38,.921,0,.000,,0,0,3,1,"0,1",0,0,1,"0,2",0,0,2,0,0,0,0,0,0,0,0,0,0,0,0,"0,2",0,"0,2",0,0,0,0,"0,1",0,0,1,0,1,0,,Loras,LORAS,1045-4067,True,,,,,,,,,,,,,,,,,,,,,,,,,,,,,,,,,,,,,,,,,,-5.100485465027022,151,60
2026-27,softball,American Rivers Conference (ARC),arc,Univ. of Dubuque,Skylar Zoeteman,Skylar,Zoeteman,,192,Skylar Zoeteman,0,0DUBUQUE,14,7,,,15,2,0,0,0,0,0,0,0,1,6,1,1,0,0,0,0,0,0,0,0,0,0,0.063,0,16,1,1.000,.000,.000,2,14,2,0,0,8,0,2,0,18,.889,8,1.000,,2,0,1,7,"0,4",0,0,4,"0,9",0,0,9,"0,6",0,0,6,0,0,0,0,0,0,0,0,"1,5","0,1","2,10",0,0,0,0,5,0,0,0,0,7,0,,Univ. of Dubuque,DUBUQUE,1044-2376,True,43,1,7,3,3,1,5,2,0,0,49.0,30,22,17,26,10,5,2,3.14,181,210,5,3,0,3,6,0,0,11,.238,51,65,0,"1,1","0,4","0,1",0,"0,2",,,,-5.180320431888476,152,59
2026-27,softball,American Rivers Conference (ARC),arc,Coe,Mya Sackrey,Mya,Sackrey,,150,Mya Sackrey,0,0COE,16,0,,,3,7,0,0,0,0,0,0,0,0,0,0,2,1,0,0,0,0,0,0,0,0,0,0.000,0,3,3,.667,.000,.000,0,0,0,0,0,0,0,0,0,0,0.000,0,.000,,0,0,3,0,"0,1",0,0,1,"0,2",0,0,2,"0,2",0,0,2,0,0,0,0,0,0,0,0,"0,1",0,"0,2",0,0,0,0,3,0,0,0,0,1,0,,Coe,COE,1042-7282,True,,,,,,,,,,,,,,,,,,,,,,,,,,,,,,,,,,,,,,,,,,-5.311490524801494,153,59
2026-27,softball,American Rivers Conference (ARC),arc,Central,Morgan Mineart,Morgan,Mineart,,126,Morgan Mineart,0,0CENTRAL,9,0,,,0,5,0,0,0,0,0,0,0,0,0,0,2,0,0,0,0,0,0,0,0,0,0,0.000,0,0,2,1.000,.000,.000,0,0,0,0,0,0,0,0,0,0,0.000,0,.000,,0,0,0,0,0,0,0,0,0,0,0,0,0,0,0,0,0,0,0,0,0,0,0,0,0,0,0,0,0,0,0,0,0,0,0,0,0,0,,Central,CENTRAL,1041-2434,True,,,,,,,,,,,,,,,,,,,,,,,,,,,,,,,,,,,,,,,,,,-5.406120875475301,154,59
2026-27,softball,American Rivers Conference (ARC),arc,Simpson,Amanda Bauer,Amanda,Bauer,,641,Amanda Bauer,0,0SIMPSON,6,0,,,1,3,0,0,0,0,0,0,0,0,0,0,0,1,0,0,0,0,0,0,0,0,0,0.000,0,1,1,.000,.000,.000,0,0,0,0,0,0,0,0,0,0,0.000,0,.000,,0,0,0,1,0,0,0,0,"0,1",0,0,1,0,0,0,0,0,0,0,0,0,0,0,0,0,0,"0,1",0,0,0,0,"0,1",0,0,1,0,0,0,,Simpson,SIMPSON,0,True,,,,,,,,,,,,,,,,,,,,,,,,,,,,,,,,,,,,,,,,,,-5.656733401016599,155,58
2026-27,softball,American Rivers Conference (ARC),arc,Loras,Amelia Lake,Amelia,Lake,,364,Amelia Lake,0,0LORAS,13,0,,,3,3,0,0,0,0,0,0,0,0,0,0,0,0,0,0,0,0,0,0,0,0,0,0.000,0,3,0,.000,.000,.000,0,0,0,0,0,0,0,0,0,0,0.000,0,.000,,0,0,1,2,"0,2",0,0,2,"0,2",0,0,2,"0,2",0,0,2,0,0,0,0,0,0,0,0,"0,1",0,"0,2",1,0,0,0,6,0,0,0,0,5,0,,Loras,LORAS,1045-3836,True,,,,,,,,,,,,,,,,,,,,,,,,,,,,,,,,,,,,,,,,,,-5.656733401016599,156,58
2026-27,softball,American Rivers Conference (ARC),arc,Coe,Victoria Roose,Victoria,Roose,,150,Victoria Roose,0,0COE,3,0,,,2,1,0,0,0,0,0,0,0,0,0,0,1,0,0,0,0,0,0,0,0,0,0,0.000,0,2,1,1.000,.000,.000,0,0,0,0,0,0,0,0,0,0,0.000,0,.000,,1,0,0,1,"0,1",0,0,1,"0,1",0,0,1,"0,1",0,0,1,0,0,0,0,0,0,0,0,"0,1",0,"1,1",0,0,0,0,3,0,0,0,0,0,0,,Coe,COE,1042-6949,True,,,,,,,,,,,,,,,,,,,,,,,,,,,,,,,,,,,,,,,,,,-5.673372664256661,157,58
2026-27,softball,American Rivers Conference (ARC),arc,Wartburg,Lauren Dyer,Lauren,Dyer,,750,Lauren Dyer,0,0WARTBURG,24,6,,,0,0,0,0,0,0,0,0,0,0,0,0,0,0,0,0,0,0,0,0,0,0,0,0.000,0,0,0,.000,.000,.000,0,12,0,0,0,6,2,1,0,12,1.000,8,.750,,0,0,0,0,0,0,0,0,0,0,0,0,0,0,0,0,0,0,0,0,0,0,0,0,0,0,0,0,0,0,0,0,0,0,0,0,0,0,,Wartburg,WARTBURG,1048-6000,True,68,1,6,3,1,2,0,0,0,0,44.0,44,25,20,8,12,0,2,3.98,201,225,4,2,0,2,0,0,0,1,.338,35,78,1,"1,3","2,6","1,1",0,"0,3",,,,-5.704010625319011,158,58
2026-27,softball,American Rivers Conference (ARC),arc,Nebraska Wesleyan,Rachel Rhoades,Rachel,Rhoades,,462,Rachel Rhoades,0,0NEB. WES,7,6,,,5,0,0,1,0,0,0,0,0,0,1,0,0,0,0,0,0,0,0,0,0,0,0,0.000,0,5,0,.000,.000,.000,20,10,6,0,0,0,0,2,0,36,.833,0,.000,,0,0,1,3,"0,3",0,0,3,"0,2",0,0,2,"0,2",0,0,2,0,0,0,0,0,0,0,0,"0,1","1,1","1,2",0,0,0,0,0,0,0,0,2,2,0,,Nebraska Wesleyan,NEB. WES,0,True,,,,,,,,,,,,,,,,,,,,,,,,,,,,,,,,,,,,,,,,,,-5.73376281936509,159,57
2026-27,softball,American Rivers Conference (ARC),arc,Wartburg,Elle Ruble,Elle,Ruble,,750,Elle Ruble,0,0WARTBURG,1,0,,,2,1,0,0,0,0,0,0,0,0,0,0,0,0,0,0,0,0,0,0,0,0,0,0.000,0,2,0,.000,.000,.000,0,0,0,0,0,0,0,0,0,0,0.000,0,.000,,1,0,0,1,"0,1",0,0,1,"0,2",0,0,2,"0,1",0,0,1,0,0,0,0,0,0,0,0,0,0,"1,2",0,0,0,0,1,0,0,0,0,0,0,,Wartburg,WARTBURG,1048-5461,True,,,,,,,,,,,,,,,,,,,,,,,,,,,,,,,,,,,,,,,,,,-5.7513637516904055,160,57
2026-27,softball,American Rivers Conference (ARC),arc,Coe,Kaylyn Miller,Kaylyn,Miller,,150,Kaylyn Miller,0,0COE,4,0,,,0,1,0,0,0,0,0,0,0,0,0,0,0,0,0,0,0,0,0,0,0,0,0,0.000,0,0,0,.000,.000,.000,0,1,0,0,0,0,0,0,0,1,1.000,0,.000,,0,0,0,0,0,0,0,0,0,0,0,0,0,0,0,0,0,0,0,0,0,0,0,0,0,0,0,0,0,0,0,0,0,0,0,0,0,0,,Coe,COE,1042-7279,True,,,,,,,,,,,,,,,,,,,,,,,,,,,,,,,,,,,,,,,,,,-5.7513637516904055,161,57
2026-27,softball,American Rivers Conference (ARC),arc,Wartburg,Delaney Ball,Delaney,Ball,,750,Delaney Ball,0,0WARTBURG,1,0,,,0,0,0,0,0,0,0,0,0,0,0,0,0,0,0,0,0,0,0,0,0,0,0,0.000,0,0,0,.000,.000,.000,1,0,0,3,0,0,0,0,0,1,1.000,0,.000,,0,0,0,0,0,0,0,0,0,0,0,0,0,0,0,0,0,0,0,0,0,0,0,0,0,0,0,0,0,0,0,0,0,0,0,0,0,0,,Wartburg,WARTBURG,1048-5454,True,,,,,,,,,,,,,,,,,,,,,,,,,,,,,,,,,,,,,,,,,,-5.798678927027309,162,57
2026-27,softball,American Rivers Conference (ARC),arc,Loras,Ellie Bockenstedt,Ellie,Bockenstedt,,364,Ellie Bockenstedt,0,0LORAS,2,0,,,0,0,0,0,0,0,0,0,0,0,0,0,0,0,0,0,0,0,0,0,0,0,0,0.000,0,0,0,.000,.000,.000,0,0,0,0,0,0,0,0,0,0,0.000,0,.000,,0,0,0,0,0,0,0,0,0,0,0,0,0,0,0,0,0,0,0,0,0,0,0,0,0,0,0,0,0,0,0,0,0,0,0,0,0,0,,Loras,LORAS,1045-3838,True,,,,,,,,,,,,,,,,,,,,,,,,,,,,,,,,,,,,,,,,,,-5.798678927027309,163,56
2026-27,softball,American Rivers Conference (ARC),arc,Loras,Karlee Berge,Karlee,Berge,,364,Karlee Berge,0,0LORAS,2,0,,,0,0,0,0,0,0,0,0,0,0,0,0,0,0,0,0,0,0,0,0,0,0,0,0.000,0,0,0,.000,.000,.000,0,0,0,0,0,0,0,0,0,0,0.000,0,.000,,0,0,0,0,0,0,0,0,0,0,0,0,0,0,0,0,0,0,0,0,0,0,0,0,0,0,0,0,0,0,0,0,0,0,0,0,0,0,,Loras,LORAS,1045-3837,True,,,,,,,,,,,,,,,,,,,,,,,,,,,,,,,,,,,,,,,,,,-5.798678927027309,164,56
2026-27,softball,American Rivers Conference (ARC),arc,Coe,Keira Anderson,Keira,Anderson,,150,Keira Anderson,0,0COE,2,0,,,2,0,0,0,0,0,0,0,0,0,1,0,0,0,0,0,0,0,0,0,0,0,0,0.000,0,2,0,.000,.000,.000,0,0,0,0,0,0,0,0,0,0,0.000,0,.000,,0,0,1,0,"0,1",0,0,1,0,0,0,0,0,0,0,0,0,0,0,0,0,0,0,0,"0,1",0,0,0,0,0,0,3,0,0,0,0,0,0,,Coe,COE,1042-7272,True,,,,,,,,,,,,,,,,,,,,,,,,,,,,,,,,,,,,,,,,,,-5.798678927027309,165,56
2026-27,softball,American Rivers Conference (ARC),arc,Coe,Peyton Bryson,Peyton,Bryson,,150,Peyton Bryson,0,0COE,4,0,,,3,0,0,0,0,0,0,0,0,0,1,0,0,0,0,0,0,0,0,0,0,0,0,0.000,0,3,0,.000,.000,.000,1,0,0,0,0,0,0,0,0,1,1.000,0,.000,,0,0,1,1,"0,2",0,0,2,"0,2",0,0,2,"0,2",0,0,2,"0,1",0,0,1,0,0,0,0,0,0,"0,2",0,0,0,0,4,0,0,0,0,4,0,,Coe,COE,1042-6943,True,,,,,,,,,,,,,,,,,,,,,,,,,,,,,,,,,,,,,,,,,,-5.798678927027309,166,56
2026-27,softball,American Rivers Conference (ARC),arc,Nebraska Wesleyan,Sera DeBaggis,Sera,DeBaggis,,462,Sera DeBaggis,0,0NEB. WES,1,1,,,3,0,0,0,0,0,0,0,0,0,0,0,0,0,0,0,0,0,0,0,0,0,0,0.000,0,3,0,.000,.000,.000,2,0,0,0,0,0,0,0,0,2,1.000,0,.000,,0,0,3,0,"0,1",0,0,1,0,0,0,0,0,0,0,0,0,0,0,0,0,0,0,0,0,0,0,0,0,0,0,0,0,0,0,0,0,0,,Nebraska Wesleyan,NEB. WES,0,True,,,,,,,,,,,,,,,,,,,,,,,,,,,,,,,,,,,,,,,,,,-5.798678927027309,167,55
2026-27,softball,American Rivers Conference (ARC),arc,Coe,Sierra Leyba,Sierra,Leyba,,150,Sierra Leyba,0,0COE,1,0,,,1,0,0,0,0,0,0,0,0,0,1,1,0,0,0,0,0,0,0,0,0,0,0,0.000,0,1,0,.000,.000,.000,0,0,0,0,0,0,0,0,0,0,0.000,0,.000,,0,0,0,0,0,0,0,0,0,0,0,0,0,0,0,0,0,0,0,0,0,0,0,0,0,0,0,0,0,0,0,"0,1",0,0,1,0,0,0,,Coe,COE,1042-7277,True,,,,,,,,,,,,,,,,,,,,,,,,,,,,,,,,,,,,,,,,,,-5.798678927027309,168,55
2026-27,softball,American Rivers Conference (ARC),arc,Simpson,Sydnie Wass,Sydnie,Wass,,641,Sydnie Wass,0,0SIMPSON,2,0,,,1,0,0,0,0,0,0,0,0,0,1,0,0,0,0,0,0,0,0,0,0,0,0,0.000,0,1,0,.000,.000,.000,1,0,0,0,0,0,0,0,0,1,1.000,0,.000,,0,0,0,0,0,0,0,0,0,0,0,0,0,0,0,0,0,0,0,0,0,0,0,0,0,0,0,0,0,0,0,"0,1",0,0,1,0,0,0,,Simpson,SIMPSON,0,True,,,,,,,,,,,,,,,,,,,,,,,,,,,,,,,,,,,,,,,,,,-5.798678927027309,169,55
2026-27,softball,American Rivers Conference (ARC),arc,Nebraska Wesleyan,Victoria Wiatrak,Victoria,Wiatrak,,462,Victoria Wiatrak,0,0NEB. WES,1,1,,,2,0,0,0,0,0,0,0,0,0,1,0,0,0,0,0,0,0,0,0,0,0,0,0.000,0,2,0,.000,.000,.000,0,1,0,0,0,0,0,0,0,1,1.000,0,.000,,0,0,0,1,0,0,0,0,0,0,0,0,0,0,0,0,0,0,0,0,0,0,0,0,"0,1",0,0,0,0,0,0,0,0,0,0,0,0,0,,Nebraska Wesleyan,NEB. WES,0,True,,,,,,,,,,,,,,,,,,,,,,,,,,,,,,,,,,,,,,,,,,-5.798678927027309,170,55
2026-27,softball,American Rivers Conference (ARC),arc,Coe,Devan Baggett,Devan,Baggett,,150,Devan Baggett,0,0COE,12,6,,,0,0,0,0,0,0,0,0,0,0,0,0,0,0,0,0,0,0,0,0,0,0,0,0.000,0,0,0,.000,.000,.000,1,4,0,0,0,7,2,0,0,5,1.000,9,.778,,0,0,0,0,0,0,0,0,0,0,0,0,0,0,0,0,0,0,0,0,0,0,0,0,0,0,0,0,0,0,0,0,0,0,0,0,0,0,,Coe,COE,1042-6357,True,51,1,5,3,4,0,2,1,0,0,37.1,34,24,14,24,4,0,2,4.50,154,186,5,6,0,4,8,0,0,4,.331,42,41,0,"1,1","1,4","0,2",0,"0,1",,,,-6.083540111214555,171,54
2026-27,softball,American Rivers Conference (ARC),arc,Nebraska Wesleyan,Hannah Allen,Hannah,Allen,,462,Hannah Allen,0,0NEB. WES,9,2,,,0,0,0,0,0,0,0,0,0,0,0,0,0,0,0,0,0,0,0,0,0,0,0,0.000,0,0,0,.000,.000,.000,0,1,0,0,0,7,2,0,0,1,1.000,9,.778,,0,0,0,0,0,0,0,0,0,0,0,0,0,0,0,0,0,0,0,0,0,0,0,0,0,0,0,0,0,0,0,0,0,0,0,0,0,0,,Nebraska Wesleyan,NEB. WES,0,True,25,1,2,1,1,0,0,0,0,0,24.0,21,17,16,24,7,1,0,4.96,94,118,1,6,0,1,1,0,0,9,.266,25,20,0,0,0,0,0,0,,,,-6.275988775404049,172,54
2026-27,softball,American Rivers Conference (ARC),arc,Wartburg,Jillian Panther,Jillian,Panther,,750,Jillian Panther,0,0WARTBURG,9,4,,,0,0,0,0,0,0,0,0,0,0,0,0,0,0,0,0,0,0,0,0,0,0,0,0.000,0,0,0,.000,.000,.000,0,9,0,0,0,7,1,1,0,9,1.000,8,.875,,0,0,0,0,0,0,0,0,0,0,0,0,0,0,0,0,0,0,0,0,0,0,0,0,0,0,0,0,0,0,0,0,0,0,0,0,0,0,,Wartburg,WARTBURG,1048-5215,True,21,1,4,3,1,0,1,1,0,0,24.2,7,6,12,12,3,1,0,1.70,89,103,0,0,0,0,2,0,0,3,.236,26,30,0,"4,8","2,10","0,2",0,"2,8",,,,-6.3634254439141325,173,54
2026-27,softball,American Rivers Conference (ARC),arc,Simpson,Alyssa Breckner,Alyssa,Breckner,,641,Alyssa Breckner,0,0SIMPSON,9,5,,,0,0,0,0,0,0,0,0,0,0,0,0,0,0,0,0,0,0,0,0,0,0,0,0.000,0,0,0,.000,.000,.000,2,7,1,0,0,1,3,0,0,10,.900,4,.250,,0,0,0,0,0,0,0,0,0,0,0,0,0,0,0,0,0,0,0,0,0,0,0,0,0,0,0,0,0,0,0,0,0,0,0,0,0,0,,Simpson,SIMPSON,0,True,43,1,5,3,1,0,0,0,0,0,22.2,22,14,7,9,11,0,1,4.32,110,124,0,4,0,2,1,0,0,1,.391,19,36,0,"0,1","3,9","3,6",0,"0,1",,,,-6.433396777089027,174,54
2026-27,softball,American Rivers Conference (ARC),arc,Coe,Ava Erger,Ava,Erger,,150,Ava Erger,0,0COE,11,0,,,0,7,0,0,0,0,0,0,0,0,0,0,2,1,0,0,0,0,0,0,0,0,0,0.000,0,0,3,.667,.000,.000,0,0,0,0,0,0,0,0,0,0,0.000,0,.000,,0,0,0,0,0,0,0,0,0,0,0,0,0,0,0,0,0,0,0,0,0,0,0,0,0,0,0,0,0,0,0,0,0,0,0,0,0,0,,Coe,COE,1042-7275,True,0,1,0,0,0,0,0,0,0,0,0,0,0,0,0,0,0,0,0.00,0,0,0,0,0,0,0,0,0,0,.000,,,,,,,,,,,,-6.4447953706721375,175,53
2026-27,softball,American Rivers Conference (ARC),arc,Nebraska Wesleyan,Jaedyn Ratzlaff,Jaedyn,Ratzlaff,,462,Jaedyn Ratzlaff,0,0NEB. WES,17,14,,,1,1,0,0,0,0,0,0,0,0,0,0,0,0,0,0,0,0,0,0,0,0,0,0.000,0,1,0,.000,.000,.000,0,21,1,0,0,17,6,0,0,22,.955,23,.739,,1,0,0,0,0,0,0,0,0,0,0,0,0,0,0,0,0,0,0,0,0,0,0,0,"1,1",0,0,0,0,0,0,0,0,0,0,0,0,0,,Nebraska Wesleyan,NEB. WES,0,True,93,1,12,2,8,0,4,1,0,0,63.0,49,43,30,6,18,1,1,4.78,258,299,12,1,0,3,7,0,0,1,.360,58,104,0,"2,6","4,9","1,2",0,"2,7",,,,-6.552277267021765,176,53
2026-27,softball,American Rivers Conference (ARC),arc,Buena Vista,Grace Fuhrman,Grace,Fuhrman,,84,Grace Fuhrman,0,0BVUSB,12,4,,,1,0,0,0,0,0,0,0,0,0,1,0,0,0,0,0,0,0,0,0,0,0,0,0.000,0,1,0,.000,.000,.000,1,1,1,0,0,13,2,0,0,3,.667,15,.867,,0,0,0,0,"0,1",0,0,1,"0,1",0,0,1,"0,1",0,0,1,0,0,0,0,0,0,0,0,0,0,"0,1",0,0,0,0,0,0,0,0,0,2,0,,Buena Vista,BVUSB,1040-4307,True,46,1,4,0,4,0,0,0,0,0,21.0,41,40,24,13,7,2,6,13.33,107,133,3,1,0,1,0,0,0,3,.430,30,15,0,"1,1","0,2","1,2",0,"0,1",,,,-6.628774662473409,177,53
2026-27,softball,American Rivers Conference (ARC),arc,Univ. of Dubuque,Miranda Saylor,Miranda,Saylor,,192,Miranda Saylor,0,0DUBUQUE,5,3,,,0,0,0,0,0,0,0,0,0,0,0,0,0,0,0,0,0,0,0,0,0,0,0,0.000,0,0,0,.000,.000,.000,0,3,0,0,0,2,2,0,0,3,1.000,4,.500,,0,0,0,0,0,0,0,0,0,0,0,0,0,0,0,0,0,0,0,0,0,0,0,0,0,0,0,0,0,0,0,0,0,0,0,0,0,0,,Univ. of Dubuque,DUBUQUE,1044-2121,True,16,1,3,2,1,0,2,1,0,0,16.1,8,6,9,3,1,0,1,2.57,61,71,3,0,0,0,1,0,0,1,.262,17,24,0,"1,1","2,5","2,4",0,"0,2",,,,-6.669563775533563,178,53
2026-27,softball,American Rivers Conference (ARC),arc,Simpson,Taryn Fredrickson,Taryn,Fredrickson,,641,Taryn Fredrickson,0,0SIMPSON,4,0,,,0,0,0,0,0,0,0,0,0,0,0,0,0,0,0,0,0,0,0,0,0,0,0,0.000,0,0,0,.000,.000,.000,0,4,0,0,0,2,0,0,0,4,1.000,2,1.000,,0,0,0,0,0,0,0,0,0,0,0,0,0,0,0,0,0,0,0,0,0,0,0,0,0,0,0,0,0,0,0,0,0,0,0,0,0,0,,Simpson,SIMPSON,0,True,3,1,0,1,0,0,0,0,0,0,7.0,1,1,2,1,2,0,0,1.00,22,25,1,0,0,0,1,0,0,0,.136,13,6,1,"1,6","1,9","0,4",0,"1,7",,,,-6.81243566307824,179,52
2026-27,softball,American Rivers Conference (ARC),arc,Buena Vista,Norah Huebert,Norah,Huebert,,84,Norah Huebert,0,0BVUSB,7,1,,,5,0,0,0,0,0,0,0,0,0,4,1,0,0,0,0,0,0,0,0,0,0,0,0.000,0,5,0,.000,.000,.000,1,0,0,0,0,0,0,0,0,1,1.000,0,.000,,0,0,0,1,"0,1",0,0,1,"0,1",0,0,1,0,0,0,0,0,0,0,0,0,0,0,0,"0,2",0,"0,1",0,0,0,0,3,0,0,0,0,1,0,,Buena Vista,BVUSB,1040-6898,True,4,1,0,0,0,0,0,0,0,0,2.2,5,3,4,4,2,0,0,7.87,12,17,0,0,0,1,0,0,0,1,.333,3,1,0,"0,1","3,4",0,0,"1,1",,,,-6.838688661998093,180,52
2026-27,softball,American Rivers Conference (ARC),arc,Central,Van Wyk,Van,Wyk,,126,Van Wyk,0,0CENTRAL,7,0,,,0,0,0,0,0,0,0,0,0,0,0,0,0,0,0,0,0,0,0,0,0,0,0,0.000,0,0,0,.000,.000,.000,0,0,0,0,0,0,1,0,0,0,0.000,1,.000,,0,0,0,0,0,0,0,0,0,0,0,0,0,0,0,0,0,0,0,0,0,0,0,0,0,0,0,0,0,0,0,0,0,0,0,0,0,0,,Central,CENTRAL,1041-2439,True,12,1,0,0,0,0,0,0,0,0,6.2,7,7,1,4,4,0,0,7.35,30,34,0,3,0,0,0,0,0,2,.400,9,5,1,0,0,"1,1",0,"5,6",,,,-6.838688661998093,181,52
2026-27,softball,American Rivers Conference (ARC),arc,Buena Vista,Emeraon Coziahr,Emeraon,Coziahr,,84,Emeraon Coziahr,0,0BVUSB,5,0,,,4,0,0,0,0,0,0,0,0,0,1,0,0,0,0,0,0,0,0,0,0,0,0,0.000,0,4,0,.000,.000,.000,0,0,0,0,0,3,0,0,0,0,0.000,3,1.000,,1,0,2,0,"0,2",0,0,2,0,0,0,0,0,0,0,0,0,0,0,0,0,0,0,0,"0,1",0,0,0,0,0,0,2,0,0,0,0,0,0,,Buena Vista,BVUSB,1040-6896,True,6,1,0,0,1,0,0,0,0,0,3.1,7,6,5,3,1,0,0,12.60,16,23,0,2,0,0,0,0,0,1,.375,4,3,0,"0,1","2,4","1,2",0,"2,3",,,,-6.862012439723058,182,52
2026-27,softball,American Rivers Conference (ARC),arc,Coe,Karadyn Fuller,Karadyn,Fuller,,150,Karadyn Fuller,0,0COE,1,0,,,0,0,0,0,0,0,0,0,0,0,0,0,0,0,0,0,0,0,0,0,0,0,0,0.000,0,0,0,.000,.000,.000,0,2,0,0,0,0,0,0,0,2,1.000,0,.000,,0,0,0,0,0,0,0,0,0,0,0,0,0,0,0,0,0,0,0,0,0,0,0,0,0,0,0,0,0,0,0,0,0,0,0,0,0,0,,Coe,COE,1042-6946,True,3,1,0,0,0,0,0,0,0,0,3.0,3,2,2,2,0,0,1,4.67,12,15,1,0,0,0,1,0,0,0,.250,4,3,0,"1,3","1,6",0,0,"1,4",,,,-6.885336217448023,183,51
2026-27,softball,American Rivers Conference (ARC),arc,Nebraska Wesleyan,Kobli Davis,Kobli,Davis,,462,Kobli Davis,0,0NEB. WES,6,0,,,2,0,0,0,0,0,0,0,0,0,1,0,0,0,0,0,0,0,0,0,0,0,0,0.000,0,2,0,.000,.000,.000,0,1,0,0,0,1,0,0,0,1,1.000,1,1.000,,0,0,0,1,"0,1",0,0,1,"0,2",0,0,2,"0,2",0,0,2,0,0,0,0,0,0,0,0,0,0,"0,2",0,0,0,0,2,0,0,0,0,1,0,,Nebraska Wesleyan,NEB. WES,0,True,5,1,0,0,1,0,0,0,0,0,4.0,9,8,6,2,2,0,1,14.00,16,27,3,4,0,1,0,0,0,0,.313,6,4,0,"0,1","3,5","1,2",0,"4,6",,,,-6.885336217448023,184,51
2026-27,softball,American Rivers Conference (ARC),arc,Central,Lilly Trager,Lilly,Trager,,126,Lilly Trager,0,0CENTRAL,3,0,,,0,0,0,0,0,0,0,0,0,0,0,0,0,0,0,0,0,0,0,0,0,0,0,0.000,0,0,0,.000,.000,.000,0,0,0,0,0,0,0,0,0,0,0.000,0,.000,,0,0,0,0,0,0,0,0,0,0,0,0,0,0,0,0,0,0,0,0,0,0,0,0,0,0,0,0,0,0,0,0,0,0,0,0,0,0,,Central,CENTRAL,1041-3221,True,2,1,0,0,0,0,0,0,0,0,2.0,1,1,1,2,0,0,0,3.50,8,9,0,0,0,0,0,0,0,0,.250,2,2,0,"0,1","1,4","1,3",0,"0,1",,,,-6.885336217448023,185,51
2026-27,softball,American Rivers Conference (ARC),arc,Buena Vista,Kenzie Dumbaugh,Kenzie,Dumbaugh,,84,Kenzie Dumbaugh,0,0BVUSB,13,0,,,0,0,0,0,0,0,0,0,0,0,0,0,0,0,0,0,0,0,0,0,0,0,0,0.000,0,0,0,.000,.000,.000,1,1,0,0,0,3,2,0,0,2,1.000,5,.600,,0,0,0,0,0,0,0,0,0,0,0,0,0,0,0,0,0,0,0,0,0,0,0,0,0,0,0,0,0,0,0,0,0,0,0,0,0,0,,Buena Vista,BVUSB,1040-5141,True,24,1,0,0,0,0,0,0,0,0,13.1,22,15,12,1,10,1,1,7.88,63,79,4,4,0,0,0,0,0,0,.381,26,6,0,"1,2","2,5","0,1",0,"0,1",,,,-6.908659995172988,186,51
2026-27,softball,American Rivers Conference (ARC),arc,Coe,Isabella Yell,Isabella,Yell,,150,Isabella Yell,0,0COE,3,2,,,0,0,0,0,0,0,0,0,0,0,0,0,0,0,0,0,0,0,0,0,0,0,0,0.000,0,0,0,.000,.000,.000,0,4,0,0,0,1,1,0,0,4,1.000,2,.500,,0,0,0,0,0,0,0,0,0,0,0,0,0,0,0,0,0,0,0,0,0,0,0,0,0,0,0,0,0,0,0,0,0,0,0,0,0,0,,Coe,COE,1042-7284,True,7,1,2,0,0,0,0,0,0,0,4.0,3,1,2,0,0,0,0,1.75,18,23,0,0,0,1,2,0,0,0,.389,3,8,0,"1,1","3,6","1,3",0,"3,4",,,,-6.9319837728979525,187,50
