season,sport,conference,conference_code,team,player_name,first_name,last_name,position,team_code,name,checkname,team_name,team_id,sdrm_id,games_played,games_started,uniform,year,code,shot_stats_penalty_kick_attempts,shot_stats_penalty_kick_goals,shot_stats_shots_on_goal,shot_stats_shots,shot_stats_points,shot_stats_assists,shot_stats_goals,shot_stats_penalty_shot_attempts,shot_stats_penalty_shot_goals,shot_stats_avg_shots_per_game,shot_stats_avg_sog_per_game,shot_stats_avg_points_per_game,shot_stats_avg_goals_per_game,shot_stats_avg_assists_per_game,shot_stats_shots_saved_by_goalie,goal_stats_game_tying,goal_stats_hattricks,goal_stats_overtime,goal_stats_first,goal_stats_unassisted,goal_stats_game_winning,goal_stats_avg_gw_per_game,caution_stats_fouls,caution_stats_red_cards,caution_stats_yellow_cards,caution_stats_green_cards,caution_stats_avg_fouls_per_game,caution_stats_avg_yc_per_game,caution_stats_avg_rc_per_game,caution_stats_avg_gc_per_game,misc_stats_offsides,misc_stats_corner_kicks,misc_stats_minutes_played,misc_stats_defensive_saves,misc_stats_avg_corners_per_game,misc_stats_avg_offsides_per_game,goalie_stats,goalie_stats_shots_faced,goalie_stats_ties,goalie_stats_losses,goalie_stats_wins,goalie_stats_shutouts,goalie_stats_save_percentage,goalie_stats_goals_against_avg,goalie_stats_saves,goalie_stats_goals_allowed,goalie_stats_minutes,goalie_stats_games_started,goalie_stats_games_played,goalie_stats_avg_ga_per_game,goalie_stats_save_percentage_calc,goalie_stats_avg_sho_per_game,goalie_stats_avg_saves_per_game,shot_stats,goal_stats,caution_stats,misc_stats
2026-27,msoc,American Southwest Conference (ASC),asc,Mary Hardin-Baylor,"Verbeck, Zach",Zach,Verbeck,,1203,"Verbeck, Zach","VERBECK,ZACH",Mary Hardin-Baylor,UMHB,641-6150,0,0,0,0,0,0,0,0,0,0,0,0,0,0,.00,.00,.00,.000,.000,0,0,0,0,0,0,0,.000,0,0,0,0,.00,.00,.00,.00,0,,00:00,0,.00,.00,,,,,,,,,,,,,,,,,,,,,
2026-27,msoc,American Southwest Conference (ASC),asc,Mary Hardin-Baylor,"Taggart, Hughston",Hughston,Taggart,,1203,"Taggart, Hughston","TAGGART,HUGHSTON",Mary Hardin-Baylor,UMHB,641-6481,2,2,1,0,1,0,0,0,0,0,0,0,0,0,.00,.00,.00,.000,.000,0,0,0,0,0,0,0,.000,0,0,0,0,.00,.00,.00,.00,0,,180:00,0,.00,.00,,16,0,0,2,1,.900,0.50,9,1,180:00,2,2,.50,0.900,.500,4.50,,,,
2026-27,msoc,American Southwest Conference (ASC),asc,Mary Hardin-Baylor,"Niedecken, Benjamin",Benjamin,Niedecken,,1203,"Niedecken, Benjamin","NIEDECKEN,BENJAMIN",Mary Hardin-Baylor,UMHB,641-6463,0,0,55,0,55,0,0,0,0,0,0,0,0,0,.00,.00,.00,.000,.000,0,0,0,0,0,0,0,.000,0,0,0,0,.00,.00,.00,.00,0,,00:00,0,.00,.00,,,,,,,,,,,,,,,,,,,,,
2026-27,msoc,American Southwest Conference (ASC),asc,Mary Hardin-Baylor,"Vazquez, Emerson",Emerson,Vazquez,,1203,"Vazquez, Emerson","VAZQUEZ,EMERSON",Mary Hardin-Baylor,UMHB,641-6817,0,0,99,0,99,0,0,0,0,0,0,0,0,0,.00,.00,.00,.000,.000,0,0,0,0,0,0,0,.000,0,0,0,0,.00,.00,.00,.00,0,,00:00,0,.00,.00,,,,,,,,,,,,,,,,,,,,,
2026-27,msoc,American Southwest Conference (ASC),asc,Mary Hardin-Baylor,"Bowler, Grayson",Grayson,Bowler,,1203,"Bowler, Grayson","BOWLER,GRAYSON",Mary Hardin-Baylor,UMHB,641-6476,2,2,2,0,2,0,0,4,9,5,1,2,0,0,4.50,2.00,2.50,1.000,.500,2,0,0,0,1,2,1,.500,0,0,0,0,.00,.00,.00,.00,0,,101:00,0,.00,.00,,,,,,,,,,,,,,,,,,,,,
2026-27,msoc,American Southwest Conference (ASC),asc,Mary Hardin-Baylor,"Sotello, Cooper",Cooper,Sotello,,1203,"Sotello, Cooper","SOTELLO,COOPER",Mary Hardin-Baylor,UMHB,641-6815,0,0,3,0,3,0,0,0,0,0,0,0,0,0,.00,.00,.00,.000,.000,0,0,0,0,0,0,0,.000,0,0,0,0,.00,.00,.00,.00,0,,00:00,0,.00,.00,,,,,,,,,,,,,,,,,,,,,
2026-27,msoc,American Southwest Conference (ASC),asc,Mary Hardin-Baylor,"Bates, Cooper",Cooper,Bates,,1203,"Bates, Cooper","BATES,COOPER",Mary Hardin-Baylor,UMHB,641-6792,2,0,4,0,4,0,0,0,0,0,0,0,0,0,.00,.00,.00,.000,.000,0,0,0,0,0,0,0,.000,1,0,0,0,.50,.00,.00,.00,0,,46:00,0,.00,.00,,,,,,,,,,,,,,,,,,,,,
2026-27,msoc,American Southwest Conference (ASC),asc,Mary Hardin-Baylor,"Whitley, Jackson",Jackson,Whitley,,1203,"Whitley, Jackson","WHITLEY,JACKSON",Mary Hardin-Baylor,UMHB,641-4618,2,0,5,0,5,0,0,0,0,0,0,0,0,0,.00,.00,.00,.000,.000,0,0,0,0,0,0,0,.000,0,0,0,0,.00,.00,.00,.00,0,,88:00,0,.00,.00,,,,,,,,,,,,,,,,,,,,,
2026-27,msoc,American Southwest Conference (ASC),asc,Mary Hardin-Baylor,"Rapuzzi, Rhett",Rhett,Rapuzzi,,1203,"Rapuzzi, Rhett","RAPUZZI,RHETT",Mary Hardin-Baylor,UMHB,641-4613,2,2,6,0,6,0,0,0,0,0,0,0,0,0,.00,.00,.00,.000,.000,0,0,0,0,0,0,0,.000,2,0,0,0,1.00,.00,.00,.00,0,,140:00,0,.00,.00,,,,,,,,,,,,,,,,,,,,,
2026-27,msoc,American Southwest Conference (ASC),asc,Mary Hardin-Baylor,"Valdes, Martin",Martin,Valdes,,1203,"Valdes, Martin","VALDES,MARTIN",Mary Hardin-Baylor,UMHB,641-6487,2,2,7,0,7,0,0,3,4,4,0,2,0,0,2.00,1.50,2.00,1.000,.000,1,0,0,0,1,1,0,.000,2,0,0,0,1.00,.00,.00,.00,0,,101:00,0,.00,.00,,,,,,,,,,,,,,,,,,,,,
2026-27,msoc,American Southwest Conference (ASC),asc,Mary Hardin-Baylor,"Simpson, Carter",Carter,Simpson,,1203,"Simpson, Carter","SIMPSON,CARTER",Mary Hardin-Baylor,UMHB,641-6148,2,2,8,0,8,0,0,0,1,0,0,0,0,0,.50,.00,.00,.000,.000,0,0,0,0,0,0,0,.000,0,0,0,0,.00,.00,.00,.00,0,,106:00,0,.00,.00,,,,,,,,,,,,,,,,,,,,,
2026-27,msoc,American Southwest Conference (ASC),asc,Mary Hardin-Baylor,"Bethke, Alex",Alex,Bethke,,1203,"Bethke, Alex","BETHKE,ALEX",Mary Hardin-Baylor,UMHB,641-3716,2,2,9,0,9,0,0,1,2,3,1,1,0,0,1.00,.50,1.50,.500,.500,0,0,0,0,0,0,0,.000,0,0,1,0,.00,.50,.00,.00,0,,49:00,0,.00,.00,,,,,,,,,,,,,,,,,,,,,
2026-27,msoc,American Southwest Conference (ASC),asc,Mary Hardin-Baylor,"Maldonado, Francisco",Francisco,Maldonado,,1203,"Maldonado, Francisco","MALDONADO,FRANCISCO",Mary Hardin-Baylor,UMHB,641-6142,2,0,10,0,10,0,0,0,2,0,0,0,0,0,1.00,.00,.00,.000,.000,0,0,0,0,0,0,0,.000,0,0,1,0,.00,.50,.00,.00,0,,42:00,0,.00,.00,,,,,,,,,,,,,,,,,,,,,
2026-27,msoc,American Southwest Conference (ASC),asc,Mary Hardin-Baylor,"Dildy, Blake",Blake,Dildy,,1203,"Dildy, Blake","DILDY,BLAKE",Mary Hardin-Baylor,UMHB,641-6796,2,2,11,0,11,0,0,0,1,0,0,0,0,0,.50,.00,.00,.000,.000,0,0,0,0,0,0,0,.000,0,0,0,0,.00,.00,.00,.00,0,,87:00,0,.00,.00,,,,,,,,,,,,,,,,,,,,,
2026-27,msoc,American Southwest Conference (ASC),asc,Mary Hardin-Baylor,"Webb, Zane",Zane,Webb,,1203,"Webb, Zane","WEBB,ZANE",Mary Hardin-Baylor,UMHB,641-6818,2,1,12,0,12,0,0,2,4,2,0,1,0,0,2.00,1.00,1.00,.500,.000,1,0,0,0,0,1,0,.000,0,0,0,0,.00,.00,.00,.00,0,,102:00,0,.00,.00,,,,,,,,,,,,,,,,,,,,,
2026-27,msoc,American Southwest Conference (ASC),asc,Mary Hardin-Baylor,"Pullen, Isaiah",Isaiah,Pullen,,1203,"Pullen, Isaiah","PULLEN,ISAIAH",Mary Hardin-Baylor,UMHB,641-6470,0,0,13,0,13,0,0,0,0,0,0,0,0,0,.00,.00,.00,.000,.000,0,0,0,0,0,0,0,.000,0,0,0,0,.00,.00,.00,.00,0,,00:00,0,.00,.00,,,,,,,,,,,,,,,,,,,,,
2026-27,msoc,American Southwest Conference (ASC),asc,Mary Hardin-Baylor,"Battelle, Aidan",Aidan,Battelle,,1203,"Battelle, Aidan","BATTELLE,AIDAN",Mary Hardin-Baylor,UMHB,641-6467,0,0,14,0,14,0,0,0,0,0,0,0,0,0,.00,.00,.00,.000,.000,0,0,0,0,0,0,0,.000,0,0,0,0,.00,.00,.00,.00,0,,00:00,0,.00,.00,,,,,,,,,,,,,,,,,,,,,
2026-27,msoc,American Southwest Conference (ASC),asc,Mary Hardin-Baylor,"Seidenberg, Sean",Sean,Seidenberg,,1203,"Seidenberg, Sean","SEIDENBERG,SEAN",Mary Hardin-Baylor,UMHB,641-6813,2,2,15,0,15,0,0,1,1,0,0,0,0,0,.50,.50,.00,.000,.000,1,0,0,0,0,0,0,.000,1,0,0,0,.50,.00,.00,.00,0,,160:00,0,.00,.00,,,,,,,,,,,,,,,,,,,,,
2026-27,msoc,American Southwest Conference (ASC),asc,Mary Hardin-Baylor,"Cantu, Damian",Damian,Cantu,,1203,"Cantu, Damian","CANTU,DAMIAN",Mary Hardin-Baylor,UMHB,641-6793,2,0,16,0,16,0,0,1,1,0,0,0,0,0,.50,.50,.00,.000,.000,1,0,0,0,0,0,0,.000,1,0,0,0,.50,.00,.00,.00,0,,54:00,0,.00,.00,,,,,,,,,,,,,,,,,,,,,
2026-27,msoc,American Southwest Conference (ASC),asc,Mary Hardin-Baylor,"Mandeville, Keylan",Keylan,Mandeville,,1203,"Mandeville, Keylan","MANDEVILLE,KEYLAN",Mary Hardin-Baylor,UMHB,641-6805,2,0,17,0,17,0,0,0,1,0,0,0,0,0,.50,.00,.00,.000,.000,0,0,0,0,0,0,0,.000,1,0,0,0,.50,.00,.00,.00,0,,79:00,0,.00,.00,,,,,,,,,,,,,,,,,,,,,
2026-27,msoc,American Southwest Conference (ASC),asc,Mary Hardin-Baylor,"Pryor, Owen",Owen,Pryor,,1203,"Pryor, Owen","PRYOR,OWEN",Mary Hardin-Baylor,UMHB,641-6475,2,1,18,0,18,0,0,3,3,0,0,0,0,0,1.50,1.50,.00,.000,.000,3,0,0,0,0,0,0,.000,1,0,0,0,.50,.00,.00,.00,0,,99:00,0,.00,.00,,,,,,,,,,,,,,,,,,,,,
2026-27,msoc,American Southwest Conference (ASC),asc,Mary Hardin-Baylor,"Forshee, Logan",Logan,Forshee,,1203,"Forshee, Logan","FORSHEE,LOGAN",Mary Hardin-Baylor,UMHB,641-6798,2,0,19,0,19,0,0,3,4,0,0,0,0,0,2.00,1.50,.00,.000,.000,3,0,0,0,0,0,0,.000,1,0,0,0,.50,.00,.00,.00,0,,60:00,0,.00,.00,,,,,,,,,,,,,,,,,,,,,
2026-27,msoc,American Southwest Conference (ASC),asc,Mary Hardin-Baylor,"Schumacher, Caden",Caden,Schumacher,,1203,"Schumacher, Caden","SCHUMACHER,CADEN",Mary Hardin-Baylor,UMHB,641-6812,2,2,20,0,20,0,0,0,0,0,0,0,0,0,.00,.00,.00,.000,.000,0,0,0,0,0,0,0,.000,2,0,0,0,1.00,.00,.00,.00,0,,85:00,0,.00,.00,,,,,,,,,,,,,,,,,,,,,
2026-27,msoc,American Southwest Conference (ASC),asc,Mary Hardin-Baylor,"Yonce, Billy",Billy,Yonce,,1203,"Yonce, Billy","YONCE,BILLY",Mary Hardin-Baylor,UMHB,641-6478,2,0,21,0,21,0,0,2,4,4,0,2,1,1,2.00,1.00,2.00,1.000,.000,0,0,0,0,0,2,1,.500,0,0,0,0,.00,.00,.00,.00,0,,60:00,0,.00,.00,,,,,,,,,,,,,,,,,,,,,
2026-27,msoc,American Southwest Conference (ASC),asc,Mary Hardin-Baylor,"Andrews, Austin",Austin,Andrews,,1203,"Andrews, Austin","ANDREWS,AUSTIN",Mary Hardin-Baylor,UMHB,641-6791,0,0,22,0,22,0,0,0,0,0,0,0,0,0,.00,.00,.00,.000,.000,0,0,0,0,0,0,0,.000,0,0,0,0,.00,.00,.00,.00,0,,00:00,0,.00,.00,,,,,,,,,,,,,,,,,,,,,
2026-27,msoc,American Southwest Conference (ASC),asc,Mary Hardin-Baylor,"Leverett, Canon",Canon,Leverett,,1203,"Leverett, Canon","LEVERETT,CANON",Mary Hardin-Baylor,UMHB,641-6803,0,0,23,0,23,0,0,0,0,0,0,0,0,0,.00,.00,.00,.000,.000,0,0,0,0,0,0,0,.000,0,0,0,0,.00,.00,.00,.00,0,,00:00,0,.00,.00,,,,,,,,,,,,,,,,,,,,,
2026-27,msoc,American Southwest Conference (ASC),asc,Mary Hardin-Baylor,"Perez-Valenzuela Jr., Arnold",Arnold,Perez-Valenzuela Jr.,,1203,"Perez-Valenzuela Jr., Arnold","PEREZ-VALENZUELA JR.,ARNOLD",Mary Hardin-Baylor,UMHB,641-6462,2,0,24,0,24,0,0,1,2,0,0,0,0,0,1.00,.50,.00,.000,.000,1,0,0,0,0,0,0,.000,0,0,0,0,.00,.00,.00,.00,0,,57:00,0,.00,.00,,,,,,,,,,,,,,,,,,,,,
2026-27,msoc,American Southwest Conference (ASC),asc,Mary Hardin-Baylor,"Saylor, Cade",Cade,Saylor,,1203,"Saylor, Cade","SAYLOR,CADE",Mary Hardin-Baylor,UMHB,641-6809,0,0,25,0,25,0,0,0,0,0,0,0,0,0,.00,.00,.00,.000,.000,0,0,0,0,0,0,0,.000,0,0,0,0,.00,.00,.00,.00,0,,00:00,0,.00,.00,,,,,,,,,,,,,,,,,,,,,
2026-27,msoc,American Southwest Conference (ASC),asc,Mary Hardin-Baylor,"Montgomery, Logan",Logan,Montgomery,,1203,"Montgomery, Logan","MONTGOMERY,LOGAN",Mary Hardin-Baylor,UMHB,641-6806,0,0,26,0,26,0,0,0,0,0,0,0,0,0,.00,.00,.00,.000,.000,0,0,0,0,0,0,0,.000,0,0,0,0,.00,.00,.00,.00,0,,00:00,0,.00,.00,,,,,,,,,,,,,,,,,,,,,
2026-27,msoc,American Southwest Conference (ASC),asc,Mary Hardin-Baylor,"Siwczak, Borys",Borys,Siwczak,,1203,"Siwczak, Borys","SIWCZAK,BORYS",Mary Hardin-Baylor,UMHB,641-6814,0,0,27,0,27,0,0,0,0,0,0,0,0,0,.00,.00,.00,.000,.000,0,0,0,0,0,0,0,.000,0,0,0,0,.00,.00,.00,.00,0,,00:00,0,.00,.00,,,,,,,,,,,,,,,,,,,,,
2026-27,msoc,American Southwest Conference (ASC),asc,Mary Hardin-Baylor,"Garza, Miguel",Miguel,Garza,,1203,"Garza, Miguel","GARZA,MIGUEL",Mary Hardin-Baylor,UMHB,641-4604,1,0,28,0,28,0,0,0,0,0,0,0,0,0,.00,.00,.00,.000,.000,0,0,0,0,0,0,0,.000,1,0,0,0,1.00,.00,.00,.00,0,,11:00,0,.00,.00,,,,,,,,,,,,,,,,,,,,,
2026-27,msoc,American Southwest Conference (ASC),asc,Mary Hardin-Baylor,"Diaz, Arik",Arik,Diaz,,1203,"Diaz, Arik","DIAZ,ARIK",Mary Hardin-Baylor,UMHB,641-6795,0,0,29,0,29,0,0,0,0,0,0,0,0,0,.00,.00,.00,.000,.000,0,0,0,0,0,0,0,.000,0,0,0,0,.00,.00,.00,.00,0,,00:00,0,.00,.00,,,,,,,,,,,,,,,,,,,,,
2026-27,msoc,American Southwest Conference (ASC),asc,Mary Hardin-Baylor,"Thomson, Logan",Logan,Thomson,,1203,"Thomson, Logan","THOMSON,LOGAN",Mary Hardin-Baylor,UMHB,641-6472,0,0,30,0,30,0,0,0,0,0,0,0,0,0,.00,.00,.00,.000,.000,0,0,0,0,0,0,0,.000,0,0,0,0,.00,.00,.00,.00,0,,00:00,0,.00,.00,,,,,,,,,,,,,,,,,,,,,
2026-27,msoc,American Southwest Conference (ASC),asc,Mary Hardin-Baylor,"Schall, Nick",Nick,Schall,,1203,"Schall, Nick","SCHALL,NICK",Mary Hardin-Baylor,UMHB,641-6810,0,0,31,0,31,0,0,0,0,0,0,0,0,0,.00,.00,.00,.000,.000,0,0,0,0,0,0,0,.000,0,0,0,0,.00,.00,.00,.00,0,,00:00,0,.00,.00,,,,,,,,,,,,,,,,,,,,,
2026-27,msoc,American Southwest Conference (ASC),asc,Mary Hardin-Baylor,"Guevara, Andrew",Andrew,Guevara,,1203,"Guevara, Andrew","GUEVARA,ANDREW",Mary Hardin-Baylor,UMHB,641-6799,1,0,32,0,32,0,0,0,0,0,0,0,0,0,.00,.00,.00,.000,.000,0,0,0,0,0,0,0,.000,0,0,0,0,.00,.00,.00,.00,0,,26:00,0,.00,.00,,,,,,,,,,,,,,,,,,,,,
2026-27,msoc,American Southwest Conference (ASC),asc,Mary Hardin-Baylor,"Howard, Cayden",Cayden,Howard,,1203,"Howard, Cayden","HOWARD,CAYDEN",Mary Hardin-Baylor,UMHB,641-6802,0,0,33,0,33,0,0,0,0,0,0,0,0,0,.00,.00,.00,.000,.000,0,0,0,0,0,0,0,.000,0,0,0,0,.00,.00,.00,.00,0,,00:00,0,.00,.00,,,,,,,,,,,,,,,,,,,,,
2026-27,msoc,American Southwest Conference (ASC),asc,Mary Hardin-Baylor,"White, Jack",Jack,White,,1203,"White, Jack","WHITE,JACK",Mary Hardin-Baylor,UMHB,641-6820,0,0,34,0,34,0,0,0,0,0,0,0,0,0,.00,.00,.00,.000,.000,0,0,0,0,0,0,0,.000,0,0,0,0,.00,.00,.00,.00,0,,00:00,0,.00,.00,,,,,,,,,,,,,,,,,,,,,
2026-27,msoc,American Southwest Conference (ASC),asc,Mary Hardin-Baylor,"Weston, Talan",Talan,Weston,,1203,"Weston, Talan","WESTON,TALAN",Mary Hardin-Baylor,UMHB,641-6819,0,0,35,0,35,0,0,0,0,0,0,0,0,0,.00,.00,.00,.000,.000,0,0,0,0,0,0,0,.000,0,0,0,0,.00,.00,.00,.00,0,,00:00,0,.00,.00,,,,,,,,,,,,,,,,,,,,,
2026-27,msoc,American Southwest Conference (ASC),asc,Mary Hardin-Baylor,"Crone, Davis",Davis,Crone,,1203,"Crone, Davis","CRONE,DAVIS",Mary Hardin-Baylor,UMHB,641-6794,0,0,36,0,36,0,0,0,0,0,0,0,0,0,.00,.00,.00,.000,.000,0,0,0,0,0,0,0,.000,0,0,0,0,.00,.00,.00,.00,0,,00:00,0,.00,.00,,,,,,,,,,,,,,,,,,,,,
2026-27,msoc,American Southwest Conference (ASC),asc,Mary Hardin-Baylor,"Rehburg, Noah",Noah,Rehburg,,1203,"Rehburg, Noah","REHBURG,NOAH",Mary Hardin-Baylor,UMHB,641-6808,0,0,37,0,37,0,0,0,0,0,0,0,0,0,.00,.00,.00,.000,.000,0,0,0,0,0,0,0,.000,0,0,0,0,.00,.00,.00,.00,0,,00:00,0,.00,.00,,,,,,,,,,,,,,,,,,,,,
2026-27,msoc,American Southwest Conference (ASC),asc,Mary Hardin-Baylor,"Vasquez, Jesus",Jesus,Vasquez,,1203,"Vasquez, Jesus","VASQUEZ,JESUS",Mary Hardin-Baylor,UMHB,641-6816,2,1,38,0,38,0,0,1,2,0,0,0,0,0,1.00,.50,.00,.000,.000,1,0,0,0,0,0,0,.000,2,0,0,0,1.00,.00,.00,.00,0,,95:00,0,.00,.00,,,,,,,,,,,,,,,,,,,,,
2026-27,msoc,American Southwest Conference (ASC),asc,Mary Hardin-Baylor,"Andrews, Price",Price,Andrews,,1203,"Andrews, Price","ANDREWS,PRICE",Mary Hardin-Baylor,UMHB,641-6465,1,0,39,0,39,0,0,0,0,0,0,0,0,0,.00,.00,.00,.000,.000,0,0,0,0,0,0,0,.000,0,0,0,0,.00,.00,.00,.00,0,,11:00,0,.00,.00,,,,,,,,,,,,,,,,,,,,,
2026-27,msoc,American Southwest Conference (ASC),asc,Mary Hardin-Baylor,"Farmer, Braden",Braden,Farmer,,1203,"Farmer, Braden","FARMER,BRADEN",Mary Hardin-Baylor,UMHB,641-6477,0,0,40,0,40,0,0,0,0,0,0,0,0,0,.00,.00,.00,.000,.000,0,0,0,0,0,0,0,.000,0,0,0,0,.00,.00,.00,.00,0,,00:00,0,.00,.00,,,,,,,,,,,,,,,,,,,,,
2026-27,msoc,American Southwest Conference (ASC),asc,Mary Hardin-Baylor,"Cherrington, Caden",Caden,Cherrington,,1203,"Cherrington, Caden","CHERRINGTON,CADEN",Mary Hardin-Baylor,UMHB,641-6473,1,0,41,0,41,0,0,0,0,0,0,0,0,0,.00,.00,.00,.000,.000,0,0,0,0,0,0,0,.000,0,0,0,0,.00,.00,.00,.00,0,,09:00,0,.00,.00,,,,,,,,,,,,,,,,,,,,,
2026-27,msoc,American Southwest Conference (ASC),asc,Mary Hardin-Baylor,"Hart, Vincent",Vincent,Hart,,1203,"Hart, Vincent","HART,VINCENT",Mary Hardin-Baylor,UMHB,641-6801,2,1,42,0,42,0,0,0,0,0,0,0,0,0,.00,.00,.00,.000,.000,0,0,0,0,0,0,0,.000,2,0,0,0,1.00,.00,.00,.00,0,,62:00,0,.00,.00,,,,,,,,,,,,,,,,,,,,,
2026-27,msoc,American Southwest Conference (ASC),asc,Mary Hardin-Baylor,"Hansen, Andrew",Andrew,Hansen,,1203,"Hansen, Andrew","HANSEN,ANDREW",Mary Hardin-Baylor,UMHB,641-6800,0,0,43,0,43,0,0,0,0,0,0,0,0,0,.00,.00,.00,.000,.000,0,0,0,0,0,0,0,.000,0,0,0,0,.00,.00,.00,.00,0,,00:00,0,.00,.00,,,,,,,,,,,,,,,,,,,,,
2026-27,msoc,American Southwest Conference (ASC),asc,Mary Hardin-Baylor,"Oritz, Eric",Eric,Oritz,,1203,"Oritz, Eric","ORITZ,ERIC",Mary Hardin-Baylor,UMHB,641-6807,2,0,44,0,44,0,0,3,7,0,0,0,0,0,3.50,1.50,.00,.000,.000,3,0,0,0,0,0,0,.000,1,0,0,0,.50,.00,.00,.00,0,,68:00,0,.00,.00,,,,,,,,,,,,,,,,,,,,,
2026-27,msoc,American Southwest Conference (ASC),asc,Mary Hardin-Baylor,"Fitzwater, Zane",Zane,Fitzwater,,1203,"Fitzwater, Zane","FITZWATER,ZANE",Mary Hardin-Baylor,UMHB,641-6797,0,0,45,0,45,0,0,0,0,0,0,0,0,0,.00,.00,.00,.000,.000,0,0,0,0,0,0,0,.000,0,0,0,0,.00,.00,.00,.00,0,,00:00,0,.00,.00,,,,,,,,,,,,,,,,,,,,,
2026-27,msoc,American Southwest Conference (ASC),asc,Mary Hardin-Baylor,"Aguirre, Moises",Moises,Aguirre,,1203,"Aguirre, Moises","AGUIRRE,MOISES",Mary Hardin-Baylor,UMHB,641-6482,0,0,47,0,47,0,0,0,0,0,0,0,0,0,.00,.00,.00,.000,.000,0,0,0,0,0,0,0,.000,0,0,0,0,.00,.00,.00,.00,0,,00:00,0,.00,.00,,,,,,,,,,,,,,,,,,,,,
2026-27,msoc,American Southwest Conference (ASC),asc,East Texas Baptist,Ryan Lord,Ryan,Lord,,1062,Ryan Lord,"LORD,RYAN",East Texas Baptist,ETBU,636-4582,2,2,00,0,00,0,0,0,0,0,0,0,0,0,.00,.00,.00,.000,.000,0,0,0,0,0,0,0,.000,0,0,0,0,.00,.00,.00,.00,0,,180:00,0,.00,.00,,26,0,0,2,0,.947,0.50,18,1,180:00,2,2,.50,0.947,.000,9.00,,,,
2026-27,msoc,American Southwest Conference (ASC),asc,East Texas Baptist,Joshua Weston,Joshua,Weston,,1062,Joshua Weston,"WESTON,JOSHUA",East Texas Baptist,ETBU,636-4906,0,0,0,0,0,0,0,0,0,0,0,0,0,0,.00,.00,.00,.000,.000,0,0,0,0,0,0,0,.000,0,0,0,0,.00,.00,.00,.00,0,,00:00,0,.00,.00,,,,,,,,,,,,,,,,,,,,,
2026-27,msoc,American Southwest Conference (ASC),asc,East Texas Baptist,Brandon Cedillo,Brandon,Cedillo,,1062,Brandon Cedillo,"CEDILLO,BRANDON",East Texas Baptist,ETBU,636-5460,0,0,2,0,2,0,0,0,0,0,0,0,0,0,.00,.00,.00,.000,.000,0,0,0,0,0,0,0,.000,0,0,0,0,.00,.00,.00,.00,0,,00:00,0,.00,.00,,,,,,,,,,,,,,,,,,,,,
2026-27,msoc,American Southwest Conference (ASC),asc,East Texas Baptist,Kyu Peterson,Kyu,Peterson,,1062,Kyu Peterson,"PETERSON,KYU",East Texas Baptist,ETBU,636-4684,2,2,3,0,3,0,0,0,0,0,0,0,0,0,.00,.00,.00,.000,.000,0,0,0,0,0,0,0,.000,0,0,1,0,.00,.50,.00,.00,0,,167:00,0,.00,.00,,,,,,,,,,,,,,,,,,,,,
2026-27,msoc,American Southwest Conference (ASC),asc,East Texas Baptist,Edwin Jimenez,Edwin,Jimenez,,1062,Edwin Jimenez,"JIMENEZ,EDWIN",East Texas Baptist,ETBU,636-4502,2,1,4,0,4,0,0,0,0,0,0,0,0,0,.00,.00,.00,.000,.000,0,0,0,0,0,0,0,.000,0,0,1,0,.00,.50,.00,.00,0,,41:00,0,.00,.00,,,,,,,,,,,,,,,,,,,,,
2026-27,msoc,American Southwest Conference (ASC),asc,East Texas Baptist,Lucas Arreguin,Lucas,Arreguin,,1062,Lucas Arreguin,"ARREGUIN,LUCAS",East Texas Baptist,ETBU,636-4232,2,2,5,0,5,0,0,0,1,0,0,0,0,0,.50,.00,.00,.000,.000,0,0,0,0,0,0,0,.000,0,0,0,0,.00,.00,.00,.00,0,,143:00,0,.00,.00,,,,,,,,,,,,,,,,,,,,,
2026-27,msoc,American Southwest Conference (ASC),asc,East Texas Baptist,Lars Clark,Lars,Clark,,1062,Lars Clark,"CLARK,LARS",East Texas Baptist,ETBU,0,0,0,6,0,6,,,,,,,,,,,,,,,,,,,,,,,,,,,,,,,,,,,,,,,,,,,,,,,,,,,,,,,,,
2026-27,msoc,American Southwest Conference (ASC),asc,East Texas Baptist,Jacob Whittington,Jacob,Whittington,,1062,Jacob Whittington,"WHITTINGTON,JACOB",East Texas Baptist,ETBU,636-5238,1,1,7,0,7,0,0,2,2,2,0,1,1,1,2.00,2.00,2.00,1.000,.000,1,0,0,0,0,1,0,.000,1,0,0,0,1.00,.00,.00,.00,0,,79:00,0,.00,.00,,,,,,,,,,,,,,,,,,,,,
2026-27,msoc,American Southwest Conference (ASC),asc,East Texas Baptist,Braxton Ladwig,Braxton,Ladwig,,1062,Braxton Ladwig,"LADWIG,BRAXTON",East Texas Baptist,ETBU,636-5463,2,2,8,0,8,0,0,2,2,5,1,2,0,0,1.00,1.00,2.50,1.000,.500,0,0,0,0,1,0,1,.500,1,0,0,0,.50,.00,.00,.00,0,,100:00,0,.00,.00,,,,,,,,,,,,,,,,,,,,,
2026-27,msoc,American Southwest Conference (ASC),asc,East Texas Baptist,Aiden Fortenberry,Aiden,Fortenberry,,1062,Aiden Fortenberry,"FORTENBERRY,AIDEN",East Texas Baptist,ETBU,636-4909,2,1,9,0,9,0,0,0,0,0,0,0,0,0,.00,.00,.00,.000,.000,0,0,0,0,0,0,0,.000,0,0,0,0,.00,.00,.00,.00,0,,140:00,0,.00,.00,,,,,,,,,,,,,,,,,,,,,
2026-27,msoc,American Southwest Conference (ASC),asc,East Texas Baptist,Dylan Garcia,Dylan,Garcia,,1062,Dylan Garcia,"GARCIA,DYLAN",East Texas Baptist,ETBU,636-4236,2,2,10,0,10,0,0,2,2,0,0,0,0,0,1.00,1.00,.00,.000,.000,2,0,0,0,0,0,0,.000,2,0,0,0,1.00,.00,.00,.00,0,,109:00,0,.00,.00,,,,,,,,,,,,,,,,,,,,,
2026-27,msoc,American Southwest Conference (ASC),asc,East Texas Baptist,Abdulqader Majid,Abdulqader,Majid,,1062,Abdulqader Majid,"MAJID,ABDULQADER",East Texas Baptist,ETBU,636-5461,2,0,11,0,11,0,0,0,1,0,0,0,0,0,.50,.00,.00,.000,.000,0,0,0,0,0,0,0,.000,0,0,0,0,.00,.00,.00,.00,0,,50:00,0,.00,.00,,,,,,,,,,,,,,,,,,,,,
2026-27,msoc,American Southwest Conference (ASC),asc,East Texas Baptist,Jacob Wenzel,Jacob,Wenzel,,1062,Jacob Wenzel,"WENZEL,JACOB",East Texas Baptist,ETBU,636-5462,2,2,12,0,12,0,0,1,1,1,1,0,0,0,.50,.50,.50,.000,.500,1,0,0,0,0,0,0,.000,1,0,0,0,.50,.00,.00,.00,0,,180:00,0,.00,.00,,,,,,,,,,,,,,,,,,,,,
2026-27,msoc,American Southwest Conference (ASC),asc,East Texas Baptist,Matthew Aguilar,Matthew,Aguilar,,1062,Matthew Aguilar,"AGUILAR,MATTHEW",East Texas Baptist,ETBU,636-4584,0,0,13,0,13,0,0,0,0,0,0,0,0,0,.00,.00,.00,.000,.000,0,0,0,0,0,0,0,.000,0,0,0,0,.00,.00,.00,.00,0,,00:00,0,.00,.00,,,,,,,,,,,,,,,,,,,,,
2026-27,msoc,American Southwest Conference (ASC),asc,East Texas Baptist,Joel Gonzalez,Joel,Gonzalez,,1062,Joel Gonzalez,"GONZALEZ,JOEL",East Texas Baptist,ETBU,636-5464,1,0,14,0,14,0,0,0,0,0,0,0,0,0,.00,.00,.00,.000,.000,0,0,0,0,0,0,0,.000,1,0,0,0,1.00,.00,.00,.00,0,,12:00,0,.00,.00,,,,,,,,,,,,,,,,,,,,,
2026-27,msoc,American Southwest Conference (ASC),asc,East Texas Baptist,Brenden Davidson,Brenden,Davidson,,1062,Brenden Davidson,"DAVIDSON,BRENDEN",East Texas Baptist,ETBU,636-5465,2,0,15,0,15,0,0,0,0,0,0,0,0,0,.00,.00,.00,.000,.000,0,0,0,0,0,0,0,.000,0,0,0,0,.00,.00,.00,.00,0,,80:00,0,.00,.00,,,,,,,,,,,,,,,,,,,,,
2026-27,msoc,American Southwest Conference (ASC),asc,East Texas Baptist,Rene Padilla,Rene,Padilla,,1062,Rene Padilla,"PADILLA,RENE",East Texas Baptist,ETBU,636-5466,0,0,16,0,16,0,0,0,0,0,0,0,0,0,.00,.00,.00,.000,.000,0,0,0,0,0,0,0,.000,0,0,0,0,.00,.00,.00,.00,0,,00:00,0,.00,.00,,,,,,,,,,,,,,,,,,,,,
2026-27,msoc,American Southwest Conference (ASC),asc,East Texas Baptist,Kaden Elsasser,Kaden,Elsasser,,1062,Kaden Elsasser,"ELSASSER,KADEN",East Texas Baptist,ETBU,0,0,0,17,0,17,,,,,,,,,,,,,,,,,,,,,,,,,,,,,,,,,,,,,,,,,,,,,,,,,,,,,,,,,
2026-27,msoc,American Southwest Conference (ASC),asc,East Texas Baptist,Andrew Bradford,Andrew,Bradford,,1062,Andrew Bradford,"BRADFORD,ANDREW",East Texas Baptist,ETBU,636-5467,2,0,18,0,18,0,0,1,1,0,0,0,0,0,.50,.50,.00,.000,.000,1,0,0,0,0,0,0,.000,0,0,0,0,.00,.00,.00,.00,0,,73:00,0,.00,.00,,,,,,,,,,,,,,,,,,,,,
2026-27,msoc,American Southwest Conference (ASC),asc,East Texas Baptist,Jayce Pribbenow,Jayce,Pribbenow,,1062,Jayce Pribbenow,"PRIBBENOW,JAYCE",East Texas Baptist,ETBU,636-5468,0,0,19,0,19,0,0,0,0,0,0,0,0,0,.00,.00,.00,.000,.000,0,0,0,0,0,0,0,.000,0,0,0,0,.00,.00,.00,.00,0,,00:00,0,.00,.00,,,,,,,,,,,,,,,,,,,,,
2026-27,msoc,American Southwest Conference (ASC),asc,East Texas Baptist,Befikir Jabir,Befikir,Jabir,,1062,Befikir Jabir,"JABIR,BEFIKIR",East Texas Baptist,ETBU,636-4917,1,0,20,0,20,0,0,0,0,0,0,0,0,0,.00,.00,.00,.000,.000,0,0,0,0,0,0,0,.000,0,0,0,0,.00,.00,.00,.00,0,,14:00,0,.00,.00,,,,,,,,,,,,,,,,,,,,,
2026-27,msoc,American Southwest Conference (ASC),asc,East Texas Baptist,Jared Zuniga,Jared,Zuniga,,1062,Jared Zuniga,"ZUNIGA,JARED",East Texas Baptist,ETBU,636-4245,1,0,21,0,21,0,0,0,1,0,0,0,0,0,1.00,.00,.00,.000,.000,0,0,0,0,0,0,0,.000,0,0,0,0,.00,.00,.00,.00,0,,16:00,0,.00,.00,,,,,,,,,,,,,,,,,,,,,
2026-27,msoc,American Southwest Conference (ASC),asc,East Texas Baptist,Dawson Lopez,Dawson,Lopez,,1062,Dawson Lopez,"LOPEZ,DAWSON",East Texas Baptist,ETBU,636-4927,1,0,22,0,22,0,0,0,0,0,0,0,0,0,.00,.00,.00,.000,.000,0,0,0,0,0,0,0,.000,0,0,0,0,.00,.00,.00,.00,0,,11:00,0,.00,.00,,,,,,,,,,,,,,,,,,,,,
2026-27,msoc,American Southwest Conference (ASC),asc,East Texas Baptist,James Mastrangelo,James,Mastrangelo,,1062,James Mastrangelo,"MASTRANGELO,JAMES",East Texas Baptist,ETBU,636-5469,2,0,23,0,23,0,0,1,1,0,0,0,0,0,.50,.50,.00,.000,.000,1,0,0,0,0,0,0,.000,0,0,0,0,.00,.00,.00,.00,0,,75:00,0,.00,.00,,,,,,,,,,,,,,,,,,,,,
2026-27,msoc,American Southwest Conference (ASC),asc,East Texas Baptist,Graylen Bowman,Graylen,Bowman,,1062,Graylen Bowman,"BOWMAN,GRAYLEN",East Texas Baptist,ETBU,636-5470,2,0,24,0,24,0,0,0,0,1,1,0,0,0,.00,.00,.50,.000,.500,0,0,0,0,0,0,0,.000,0,0,0,0,.00,.00,.00,.00,0,,84:00,0,.00,.00,,,,,,,,,,,,,,,,,,,,,
2026-27,msoc,American Southwest Conference (ASC),asc,East Texas Baptist,Preston McLean,Preston,McLean,,1062,Preston McLean,"MCLEAN,PRESTON",East Texas Baptist,ETBU,636-5471,2,2,25,0,25,0,0,0,1,0,0,0,0,0,.50,.00,.00,.000,.000,0,0,0,0,0,0,0,.000,1,0,1,0,.50,.50,.00,.00,0,,126:00,0,.00,.00,,,,,,,,,,,,,,,,,,,,,
2026-27,msoc,American Southwest Conference (ASC),asc,East Texas Baptist,Ethan Carmichael,Ethan,Carmichael,,1062,Ethan Carmichael,"CARMICHAEL,ETHAN",East Texas Baptist,ETBU,636-4919,0,0,26,0,26,0,0,0,0,0,0,0,0,0,.00,.00,.00,.000,.000,0,0,0,0,0,0,0,.000,0,0,0,0,.00,.00,.00,.00,0,,00:00,0,.00,.00,,,,,,,,,,,,,,,,,,,,,
2026-27,msoc,American Southwest Conference (ASC),asc,East Texas Baptist,Ethan Mireles,Ethan,Mireles,,1062,Ethan Mireles,"MIRELES,ETHAN",East Texas Baptist,ETBU,636-5472,0,0,27,0,27,0,0,0,0,0,0,0,0,0,.00,.00,.00,.000,.000,0,0,0,0,0,0,0,.000,0,0,0,0,.00,.00,.00,.00,0,,00:00,0,.00,.00,,,,,,,,,,,,,,,,,,,,,
2026-27,msoc,American Southwest Conference (ASC),asc,East Texas Baptist,Jacob Viator,Jacob,Viator,,1062,Jacob Viator,"VIATOR,JACOB",East Texas Baptist,ETBU,636-5473,2,0,28,0,28,0,0,1,1,0,0,0,0,0,.50,.50,.00,.000,.000,1,0,0,0,0,0,0,.000,0,0,0,0,.00,.00,.00,.00,0,,29:00,0,.00,.00,,,,,,,,,,,,,,,,,,,,,
2026-27,msoc,American Southwest Conference (ASC),asc,East Texas Baptist,David Triana,David,Triana,,1062,David Triana,"TRIANA,DAVID",East Texas Baptist,ETBU,636-5474,0,0,29,0,29,0,0,0,0,0,0,0,0,0,.00,.00,.00,.000,.000,0,0,0,0,0,0,0,.000,0,0,0,0,.00,.00,.00,.00,0,,00:00,0,.00,.00,,,,,,,,,,,,,,,,,,,,,
2026-27,msoc,American Southwest Conference (ASC),asc,East Texas Baptist,Ian Granato,Ian,Granato,,1062,Ian Granato,"GRANATO,IAN",East Texas Baptist,ETBU,636-5475,0,0,30,0,30,0,0,0,0,0,0,0,0,0,.00,.00,.00,.000,.000,0,0,0,0,0,0,0,.000,0,0,0,0,.00,.00,.00,.00,0,,00:00,0,.00,.00,,,,,,,,,,,,,,,,,,,,,
2026-27,msoc,American Southwest Conference (ASC),asc,East Texas Baptist,Gavin Sotelo,Gavin,Sotelo,,1062,Gavin Sotelo,"SOTELO,GAVIN",East Texas Baptist,ETBU,636-4924,0,0,31,0,31,0,0,0,0,0,0,0,0,0,.00,.00,.00,.000,.000,0,0,0,0,0,0,0,.000,0,0,0,0,.00,.00,.00,.00,0,,00:00,0,.00,.00,,,,,,,,,,,,,,,,,,,,,
2026-27,msoc,American Southwest Conference (ASC),asc,East Texas Baptist,Reagan Jones,Reagan,Jones,,1062,Reagan Jones,"JONES,REAGAN",East Texas Baptist,ETBU,636-5476,0,0,32,0,32,0,0,0,0,0,0,0,0,0,.00,.00,.00,.000,.000,0,0,0,0,0,0,0,.000,0,0,0,0,.00,.00,.00,.00,0,,00:00,0,.00,.00,,,,,,,,,,,,,,,,,,,,,
2026-27,msoc,American Southwest Conference (ASC),asc,East Texas Baptist,Jordy Rocha,Jordy,Rocha,,1062,Jordy Rocha,"ROCHA,JORDY",East Texas Baptist,ETBU,636-5477,2,2,33,0,33,0,0,0,0,0,0,0,0,0,.00,.00,.00,.000,.000,0,0,0,0,0,0,0,.000,1,0,0,0,.50,.00,.00,.00,0,,150:00,0,.00,.00,,,,,,,,,,,,,,,,,,,,,
2026-27,msoc,American Southwest Conference (ASC),asc,East Texas Baptist,Joshua Daley,Joshua,Daley,,1062,Joshua Daley,"DALEY,JOSHUA",East Texas Baptist,ETBU,636-4577,2,2,34,0,34,0,0,3,3,4,0,2,0,0,1.50,1.50,2.00,1.000,.000,1,0,0,0,1,1,1,.500,1,0,1,0,.50,.50,.00,.00,0,,91:00,0,.00,.00,,,,,,,,,,,,,,,,,,,,,
2026-27,msoc,American Southwest Conference (ASC),asc,East Texas Baptist,Colton Whitemire,Colton,Whitemire,,1062,Colton Whitemire,"WHITEMIRE,COLTON",East Texas Baptist,ETBU,636-5478,0,0,35,0,35,0,0,0,0,0,0,0,0,0,.00,.00,.00,.000,.000,0,0,0,0,0,0,0,.000,0,0,0,0,.00,.00,.00,.00,0,,00:00,0,.00,.00,,,,,,,,,,,,,,,,,,,,,
2026-27,msoc,American Southwest Conference (ASC),asc,East Texas Baptist,Leonardo Esteban,Leonardo,Esteban,,1062,Leonardo Esteban,"ESTEBAN,LEONARDO",East Texas Baptist,ETBU,0,0,0,96,0,96,,,,,,,,,,,,,,,,,,,,,,,,,,,,,,,,,,,,,,,,,,,,,,,,,,,,,,,,,
2026-27,msoc,American Southwest Conference (ASC),asc,East Texas Baptist,William Alejandro,William,Alejandro,,1062,William Alejandro,"ALEJANDRO,WILLIAM",East Texas Baptist,ETBU,0,0,0,98,0,98,,,,,,,,,,,,,,,,,,,,,,,,,,,,,,,,,,,,,,,,,,,,,,,,,,,,,,,,,
2026-27,msoc,American Southwest Conference (ASC),asc,East Texas Baptist,Hayden Ashton,Hayden,Ashton,,1062,Hayden Ashton,"ASHTON,HAYDEN",East Texas Baptist,ETBU,636-5479,0,0,99,0,99,0,0,0,0,0,0,0,0,0,.00,.00,.00,.000,.000,0,0,0,0,0,0,0,.000,0,0,0,0,.00,.00,.00,.00,0,,00:00,0,.00,.00,,,,,,,,,,,,,,,,,,,,,
2026-27,msoc,American Southwest Conference (ASC),asc,McMurry,"Kruse, Cayden",Cayden,Kruse,,8530,"Kruse, Cayden","KRUSE,CAYDEN",McMurry,MCU,643-5953,1,0,0,0,0,0,0,0,0,0,0,0,0,0,.00,.00,.00,.000,.000,0,0,0,0,0,0,0,.000,0,0,0,0,.00,.00,.00,.00,0,,14:00,0,.00,.00,,1,0,0,0,0,0.0,0.00,0,0,14:22,0,1,.00,0.000,.000,.00,,,,
2026-27,msoc,American Southwest Conference (ASC),asc,McMurry,"Sanchez, Jonathan",Jonathan,Sanchez,,8530,"Sanchez, Jonathan","SANCHEZ,JONATHAN",McMurry,MCU,643-6351,1,0,00,0,00,0,0,0,0,0,0,0,0,0,.00,.00,.00,.000,.000,0,0,0,0,0,0,0,.000,0,0,0,0,.00,.00,.00,.00,0,,45:00,0,.00,.00,,7,0,0,1,0,1.000,0.00,3,0,45:00,0,1,.00,1.000,.000,3.00,,,,
2026-27,msoc,American Southwest Conference (ASC),asc,McMurry,"Sanchez, Jose",Jose,Sanchez,,8530,"Sanchez, Jose","SANCHEZ,JOSE",McMurry,MCU,643-5955,2,2,1,0,1,0,0,0,0,0,0,0,0,0,.00,.00,.00,.000,.000,0,0,0,0,0,0,0,.000,0,0,0,0,.00,.00,.00,.00,0,,121:00,0,.00,.00,,27,0,2,0,0,.667,4.50,12,6,120:38,2,2,3.00,0.667,.000,6.00,,,,
2026-27,msoc,American Southwest Conference (ASC),asc,McMurry,"Caballo, Enrique",Enrique,Caballo,,8530,"Caballo, Enrique","CABALLO,ENRIQUE",McMurry,MCU,643-6343,2,1,99,0,99,0,0,0,0,0,0,0,0,0,.00,.00,.00,.000,.000,0,0,0,0,0,0,0,.000,0,0,0,0,.00,.00,.00,.00,0,,90:00,0,.00,.00,,12,0,0,0,0,1.000,0.00,5,0,90:00,1,2,.00,1.000,.000,2.50,,,,
2026-27,msoc,American Southwest Conference (ASC),asc,McMurry,"Munezero, Moise",Moise,Munezero,,8530,"Munezero, Moise","MUNEZERO,MOISE",McMurry,MCU,643-5974,3,2,2,0,2,0,0,0,0,0,0,0,0,0,.00,.00,.00,.000,.000,0,0,0,0,0,0,0,.000,2,0,0,0,.67,.00,.00,.00,0,,196:00,0,.00,.00,,,,,,,,,,,,,,,,,,,,,
2026-27,msoc,American Southwest Conference (ASC),asc,McMurry,"Aguinaga, Alexis",Alexis,Aguinaga,,8530,"Aguinaga, Alexis","AGUINAGA,ALEXIS",McMurry,MCU,643-6340,3,2,3,0,3,0,0,0,0,0,0,0,0,0,.00,.00,.00,.000,.000,0,0,0,0,0,0,0,.000,1,0,0,0,.33,.00,.00,.00,0,,225:00,0,.00,.00,,,,,,,,,,,,,,,,,,,,,
2026-27,msoc,American Southwest Conference (ASC),asc,McMurry,"McCormick, Collin",Collin,McCormick,,8530,"McCormick, Collin","MCCORMICK,COLLIN",McMurry,MCU,643-6348,2,1,4,0,4,0,0,0,0,0,0,0,0,0,.00,.00,.00,.000,.000,0,0,0,0,0,0,0,.000,0,0,0,0,.00,.00,.00,.00,0,,45:00,0,.00,.00,,,,,,,,,,,,,,,,,,,,,
2026-27,msoc,American Southwest Conference (ASC),asc,McMurry,"Munoz, Nick",Nick,Munoz,,8530,"Munoz, Nick","MUNOZ,NICK",McMurry,MCU,643-5461,3,1,7,0,7,0,0,1,1,0,0,0,0,0,.33,.33,.00,.000,.000,1,0,0,0,0,0,0,.000,3,0,0,0,1.00,.00,.00,.00,0,,84:00,0,.00,.00,,,,,,,,,,,,,,,,,,,,,
2026-27,msoc,American Southwest Conference (ASC),asc,McMurry,"Irigoyen, Nicholas",Nicholas,Irigoyen,,8530,"Irigoyen, Nicholas","IRIGOYEN,NICHOLAS",McMurry,MCU,643-6347,3,2,8,0,8,0,0,0,1,0,0,0,0,0,.33,.00,.00,.000,.000,0,0,0,0,0,0,0,.000,0,0,0,0,.00,.00,.00,.00,0,,143:00,0,.00,.00,,,,,,,,,,,,,,,,,,,,,
2026-27,msoc,American Southwest Conference (ASC),asc,McMurry,"Hernandez, Payton",Payton,Hernandez,,8530,"Hernandez, Payton","HERNANDEZ,PAYTON",McMurry,MCU,643-6350,2,0,9,0,9,0,0,0,0,0,0,0,0,0,.00,.00,.00,.000,.000,0,0,0,0,0,0,0,.000,2,0,0,0,1.00,.00,.00,.00,0,,75:00,0,.00,.00,,,,,,,,,,,,,,,,,,,,,
2026-27,msoc,American Southwest Conference (ASC),asc,McMurry,"Burnett, Jovani",Jovani,Burnett,,8530,"Burnett, Jovani","BURNETT,JOVANI",McMurry,MCU,643-5794,3,2,10,0,10,0,0,0,1,0,0,0,0,0,.33,.00,.00,.000,.000,0,0,0,0,0,0,0,.000,4,0,0,0,1.33,.00,.00,.00,0,,203:00,0,.00,.00,,,,,,,,,,,,,,,,,,,,,
2026-27,msoc,American Southwest Conference (ASC),asc,McMurry,"Judie, Justyn",Justyn,Judie,,8530,"Judie, Justyn","JUDIE,JUSTYN",McMurry,MCU,643-5970,3,2,11,0,11,0,0,1,2,2,0,1,0,0,.67,.33,.67,.333,.000,0,0,0,0,1,1,1,.333,3,0,1,0,1.00,.33,.00,.00,0,,184:00,0,.00,.00,,,,,,,,,,,,,,,,,,,,,
2026-27,msoc,American Southwest Conference (ASC),asc,McMurry,"Alkoofee, Mustafa",Mustafa,Alkoofee,,8530,"Alkoofee, Mustafa","ALKOOFEE,MUSTAFA",McMurry,MCU,643-6341,3,1,12,0,12,0,0,0,1,0,0,0,0,0,.33,.00,.00,.000,.000,0,0,0,0,0,0,0,.000,1,0,0,0,.33,.00,.00,.00,0,,107:00,0,.00,.00,,,,,,,,,,,,,,,,,,,,,
2026-27,msoc,American Southwest Conference (ASC),asc,McMurry,"Batanndji, Samweli",Samweli,Batanndji,,8530,"Batanndji, Samweli","BATANNDJI,SAMWELI",McMurry,MCU,643-6342,3,1,13,0,13,0,0,1,1,0,0,0,0,0,.33,.33,.00,.000,.000,1,0,0,0,0,0,0,.000,2,0,0,0,.67,.00,.00,.00,0,,142:00,0,.00,.00,,,,,,,,,,,,,,,,,,,,,
2026-27,msoc,American Southwest Conference (ASC),asc,McMurry,"Moreno, Audrick",Audrick,Moreno,,8530,"Moreno, Audrick","MORENO,AUDRICK",McMurry,MCU,643-6349,3,2,14,0,14,0,0,4,4,4,0,2,0,0,1.33,1.33,1.33,.667,.000,2,1,0,0,0,2,0,.000,10,0,1,0,3.33,.33,.00,.00,0,,160:00,0,.00,.00,,,,,,,,,,,,,,,,,,,,,
2026-27,msoc,American Southwest Conference (ASC),asc,McMurry,"Canas, Cristian",Cristian,Canas,,8530,"Canas, Cristian","CANAS,CRISTIAN",McMurry,MCU,643-5962,3,2,15,0,15,0,0,0,0,0,0,0,0,0,.00,.00,.00,.000,.000,0,0,0,0,0,0,0,.000,1,0,0,0,.33,.00,.00,.00,0,,144:00,0,.00,.00,,,,,,,,,,,,,,,,,,,,,
2026-27,msoc,American Southwest Conference (ASC),asc,McMurry,"Rocha, Johnny",Johnny,Rocha,,8530,"Rocha, Johnny","ROCHA,JOHNNY",McMurry,MCU,643-5237,3,1,16,0,16,0,0,0,1,0,0,0,0,0,.33,.00,.00,.000,.000,0,0,0,0,0,0,0,.000,3,0,1,0,1.00,.33,.00,.00,0,,77:00,0,.00,.00,,,,,,,,,,,,,,,,,,,,,
2026-27,msoc,American Southwest Conference (ASC),asc,McMurry,"Ibrahim, Arsany",Arsany,Ibrahim,,8530,"Ibrahim, Arsany","IBRAHIM,ARSANY",McMurry,MCU,643-5963,3,2,17,0,17,0,0,0,3,0,0,0,0,0,1.00,.00,.00,.000,.000,0,0,0,0,0,0,0,.000,3,0,0,0,1.00,.00,.00,.00,0,,153:00,0,.00,.00,,,,,,,,,,,,,,,,,,,,,
2026-27,msoc,American Southwest Conference (ASC),asc,McMurry,"Kesetovic, Tarik",Tarik,Kesetovic,,8530,"Kesetovic, Tarik","KESETOVIC,TARIK",McMurry,MCU,643-5964,3,2,18,0,18,0,0,0,1,0,0,0,0,0,.33,.00,.00,.000,.000,0,0,0,0,0,0,0,.000,2,0,0,0,.67,.00,.00,.00,0,,158:00,0,.00,.00,,,,,,,,,,,,,,,,,,,,,
2026-27,msoc,American Southwest Conference (ASC),asc,McMurry,"Fernandez, Andrew",Andrew,Fernandez,,8530,"Fernandez, Andrew","FERNANDEZ,ANDREW",McMurry,MCU,643-6344,1,0,19,0,19,0,0,0,0,0,0,0,0,0,.00,.00,.00,.000,.000,0,0,0,0,0,0,0,.000,0,0,0,0,.00,.00,.00,.00,0,,15:00,0,.00,.00,,,,,,,,,,,,,,,,,,,,,
2026-27,msoc,American Southwest Conference (ASC),asc,McMurry,"Gonzalez, Pavel",Pavel,Gonzalez,,8530,"Gonzalez, Pavel","GONZALEZ,PAVEL",McMurry,MCU,643-6345,2,1,20,0,20,0,0,0,0,0,0,0,0,0,.00,.00,.00,.000,.000,0,0,0,0,0,0,0,.000,0,0,0,0,.00,.00,.00,.00,0,,126:00,0,.00,.00,,,,,,,,,,,,,,,,,,,,,
2026-27,msoc,American Southwest Conference (ASC),asc,McMurry,"Guerra, Carlos",Carlos,Guerra,,8530,"Guerra, Carlos","GUERRA,CARLOS",McMurry,MCU,643-6346,3,2,21,0,21,0,0,0,0,0,0,0,0,0,.00,.00,.00,.000,.000,0,0,0,0,0,0,0,.000,0,0,0,0,.00,.00,.00,.00,0,,200:00,0,.00,.00,,,,,,,,,,,,,,,,,,,,,
2026-27,msoc,American Southwest Conference (ASC),asc,McMurry,"Rocha Ceron, Juan Carlos",Juan Carlos,Rocha Ceron,,8530,"Rocha Ceron, Juan Carlos","ROCHA CERON,JUAN CARLOS",McMurry,MCU,643-5965,1,1,22,0,22,0,0,0,0,0,0,0,0,0,.00,.00,.00,.000,.000,0,0,0,0,0,0,0,.000,0,0,0,0,.00,.00,.00,.00,0,,23:00,0,.00,.00,,,,,,,,,,,,,,,,,,,,,
2026-27,msoc,American Southwest Conference (ASC),asc,McMurry,"Osagiede, Divine",Divine,Osagiede,,8530,"Osagiede, Divine","OSAGIEDE,DIVINE",McMurry,MCU,643-5966,2,1,24,0,24,0,0,0,1,0,0,0,0,0,.50,.00,.00,.000,.000,0,0,0,0,0,0,0,.000,3,0,1,0,1.50,.50,.00,.00,0,,89:00,0,.00,.00,,,,,,,,,,,,,,,,,,,,,
2026-27,msoc,American Southwest Conference (ASC),asc,McMurry,"Cervantez, Jaiden",Jaiden,Cervantez,,8530,"Cervantez, Jaiden","CERVANTEZ,JAIDEN",McMurry,MCU,643-5967,3,1,25,0,25,0,0,0,0,0,0,0,0,0,.00,.00,.00,.000,.000,0,0,0,0,0,0,0,.000,0,0,0,0,.00,.00,.00,.00,0,,96:00,0,.00,.00,,,,,,,,,,,,,,,,,,,,,
2026-27,msoc,American Southwest Conference (ASC),asc,McMurry,"Peterson, Carter",Carter,Peterson,,8530,"Peterson, Carter","PETERSON,CARTER",McMurry,MCU,643-5968,1,0,26,0,26,0,0,0,0,0,0,0,0,0,.00,.00,.00,.000,.000,0,0,0,0,0,0,0,.000,0,0,0,0,.00,.00,.00,.00,0,,25:00,0,.00,.00,,,,,,,,,,,,,,,,,,,,,
2026-27,msoc,American Southwest Conference (ASC),asc,McMurry,"Michael, Ethan",Ethan,Michael,,8530,"Michael, Ethan","MICHAEL,ETHAN",McMurry,MCU,643-5978,1,1,32,0,32,0,0,0,0,0,0,0,0,0,.00,.00,.00,.000,.000,0,0,0,0,0,0,0,.000,1,0,0,0,1.00,.00,.00,.00,0,,30:00,0,.00,.00,,,,,,,,,,,,,,,,,,,,,
2026-27,msoc,American Southwest Conference (ASC),asc,Howard Payne,"Villa, Adrian",Adrian,Villa,,2741,"Villa, Adrian","VILLA,ADRIAN",Howard Payne,HPU,639-3501,2,2,0,0,0,0,0,0,0,0,0,0,0,0,.00,.00,.00,.000,.000,0,0,0,0,0,0,0,.000,0,0,0,0,.00,.00,.00,.00,0,,180:00,0,.00,.00,,35,0,2,0,0,.667,3.00,12,6,180:00,2,2,3.00,0.667,.000,6.00,,,,
2026-27,msoc,American Southwest Conference (ASC),asc,Howard Payne,"Woodward, Cornelius",Cornelius,Woodward,,2741,"Woodward, Cornelius","WOODWARD,CORNELIUS",Howard Payne,HPU,639-3516,0,0,46,0,46,0,0,0,0,0,0,0,0,0,.00,.00,.00,.000,.000,0,0,0,0,0,0,0,.000,0,0,0,0,.00,.00,.00,.00,0,,00:00,0,.00,.00,,,,,,,,,,,,,,,,,,,,,
2026-27,msoc,American Southwest Conference (ASC),asc,Howard Payne,"Laminack, Logan",Logan,Laminack,,2741,"Laminack, Logan","LAMINACK,LOGAN",Howard Payne,HPU,639-3517,0,0,99,0,99,0,0,0,0,0,0,0,0,0,.00,.00,.00,.000,.000,0,0,0,0,0,0,0,.000,0,0,0,0,.00,.00,.00,.00,0,,00:00,0,.00,.00,,,,,,,,,,,,,,,,,,,,,
2026-27,msoc,American Southwest Conference (ASC),asc,Howard Payne,"Ballard, James",James,Ballard,,2741,"Ballard, James","BALLARD,JAMES",Howard Payne,HPU,639-3709,2,1,2,0,2,0,0,0,1,0,0,0,0,0,.50,.00,.00,.000,.000,0,0,0,0,0,0,0,.000,1,0,0,0,.50,.00,.00,.00,0,,125:00,0,.00,.00,,,,,,,,,,,,,,,,,,,,,
2026-27,msoc,American Southwest Conference (ASC),asc,Howard Payne,"Rios, Aiden",Aiden,Rios,,2741,"Rios, Aiden","RIOS,AIDEN",Howard Payne,HPU,639-3710,2,1,3,0,3,0,0,0,0,0,0,0,0,0,.00,.00,.00,.000,.000,0,0,0,0,0,0,0,.000,1,0,0,0,.50,.00,.00,.00,0,,52:00,0,.00,.00,,,,,,,,,,,,,,,,,,,,,
2026-27,msoc,American Southwest Conference (ASC),asc,Howard Payne,"Quinteros, Aiden",Aiden,Quinteros,,2741,"Quinteros, Aiden","QUINTEROS,AIDEN",Howard Payne,HPU,639-3502,2,2,4,0,4,0,0,0,2,0,0,0,0,0,1.00,.00,.00,.000,.000,0,0,0,0,0,0,0,.000,1,0,0,0,.50,.00,.00,.00,0,,97:00,0,.00,.00,,,,,,,,,,,,,,,,,,,,,
2026-27,msoc,American Southwest Conference (ASC),asc,Howard Payne,"Horton, Kyler",Kyler,Horton,,2741,"Horton, Kyler","HORTON,KYLER",Howard Payne,HPU,639-3711,2,2,5,0,5,0,0,0,0,0,0,0,0,0,.00,.00,.00,.000,.000,0,0,0,0,0,0,0,.000,1,0,0,0,.50,.00,.00,.00,0,,129:00,0,.00,.00,,,,,,,,,,,,,,,,,,,,,
2026-27,msoc,American Southwest Conference (ASC),asc,Howard Payne,"Montavez, Josh",Josh,Montavez,,2741,"Montavez, Josh","MONTAVEZ,JOSH",Howard Payne,HPU,639-3503,2,2,6,0,6,0,0,0,0,0,0,0,0,0,.00,.00,.00,.000,.000,0,0,0,0,0,0,0,.000,0,0,0,0,.00,.00,.00,.00,0,,147:00,0,.00,.00,,,,,,,,,,,,,,,,,,,,,
2026-27,msoc,American Southwest Conference (ASC),asc,Howard Payne,"Smith, Nate",Nate,Smith,,2741,"Smith, Nate","SMITH,NATE",Howard Payne,HPU,639-3504,2,2,7,0,7,0,0,0,0,0,0,0,0,0,.00,.00,.00,.000,.000,0,0,0,0,0,0,0,.000,1,0,0,0,.50,.00,.00,.00,0,,130:00,0,.00,.00,,,,,,,,,,,,,,,,,,,,,
2026-27,msoc,American Southwest Conference (ASC),asc,Howard Payne,"Reyes, Alexander",Alexander,Reyes,,2741,"Reyes, Alexander","REYES,ALEXANDER",Howard Payne,HPU,639-3509,2,1,8,0,8,0,0,0,0,0,0,0,0,0,.00,.00,.00,.000,.000,0,0,0,0,0,0,0,.000,0,0,0,0,.00,.00,.00,.00,0,,101:00,0,.00,.00,,,,,,,,,,,,,,,,,,,,,
2026-27,msoc,American Southwest Conference (ASC),asc,Howard Payne,"Parker, Connor",Connor,Parker,,2741,"Parker, Connor","PARKER,CONNOR",Howard Payne,HPU,639-3506,2,2,9,0,9,0,0,0,2,0,0,0,0,0,1.00,.00,.00,.000,.000,0,0,0,0,0,0,0,.000,0,0,0,0,.00,.00,.00,.00,0,,106:00,0,.00,.00,,,,,,,,,,,,,,,,,,,,,
2026-27,msoc,American Southwest Conference (ASC),asc,Howard Payne,"Womack, Andrew",Andrew,Womack,,2741,"Womack, Andrew","WOMACK,ANDREW",Howard Payne,HPU,639-3508,2,1,11,0,11,0,0,0,0,0,0,0,0,0,.00,.00,.00,.000,.000,0,0,0,0,0,0,0,.000,2,0,0,0,1.00,.00,.00,.00,0,,41:00,0,.00,.00,,,,,,,,,,,,,,,,,,,,,
2026-27,msoc,American Southwest Conference (ASC),asc,Howard Payne,"Lara, Kolby",Kolby,Lara,,2741,"Lara, Kolby","LARA,KOLBY",Howard Payne,HPU,639-3246,2,2,12,0,12,0,0,0,0,0,0,0,0,0,.00,.00,.00,.000,.000,0,0,0,0,0,0,0,.000,3,0,0,0,1.50,.00,.00,.00,0,,118:00,0,.00,.00,,,,,,,,,,,,,,,,,,,,,
2026-27,msoc,American Southwest Conference (ASC),asc,Howard Payne,"Perdomo, Jorge",Jorge,Perdomo,,2741,"Perdomo, Jorge","PERDOMO,JORGE",Howard Payne,HPU,639-3712,0,0,12,0,12,0,0,0,0,0,0,0,0,0,.00,.00,.00,.000,.000,0,0,0,0,0,0,0,.000,0,0,0,0,.00,.00,.00,.00,0,,00:00,0,.00,.00,,,,,,,,,,,,,,,,,,,,,
2026-27,msoc,American Southwest Conference (ASC),asc,Howard Payne,"Phipps, Cameron",Cameron,Phipps,,2741,"Phipps, Cameron","PHIPPS,CAMERON",Howard Payne,HPU,639-3069,1,1,14,0,14,0,0,0,0,0,0,0,0,0,.00,.00,.00,.000,.000,0,0,0,0,0,0,0,.000,3,0,1,0,3.00,1.00,.00,.00,0,,73:00,0,.00,.00,,,,,,,,,,,,,,,,,,,,,
2026-27,msoc,American Southwest Conference (ASC),asc,Howard Payne,"Lopez, Jacob",Jacob,Lopez,,2741,"Lopez, Jacob","LOPEZ,JACOB",Howard Payne,HPU,639-3509,-5,-5,15,0,15,0,0,0,0,0,0,0,0,0,.00,.00,.00,.000,.000,0,0,0,0,0,0,0,.000,0,0,0,0,.00,.00,.00,.00,0,,-430:00,0,.00,.00,,,,,,,,,,,,,,,,,,,,,
2026-27,msoc,American Southwest Conference (ASC),asc,Howard Payne,"Gutierriez, Axel",Axel,Gutierriez,,2741,"Gutierriez, Axel","GUTIERRIEZ,AXEL",Howard Payne,HPU,639-3718,1,0,18,0,18,0,0,0,0,0,0,0,0,0,.00,.00,.00,.000,.000,0,0,0,0,0,0,0,.000,1,0,0,0,1.00,.00,.00,.00,0,,50:00,0,.00,.00,,,,,,,,,,,,,,,,,,,,,
2026-27,msoc,American Southwest Conference (ASC),asc,Howard Payne,"Marinez, Malachi",Malachi,Marinez,,2741,"Marinez, Malachi","MARINEZ,MALACHI",Howard Payne,HPU,639-3510,0,0,20,0,20,0,0,0,0,0,0,0,0,0,.00,.00,.00,.000,.000,0,0,0,0,0,0,0,.000,0,0,0,0,.00,.00,.00,.00,0,,00:00,0,.00,.00,,,,,,,,,,,,,,,,,,,,,
2026-27,msoc,American Southwest Conference (ASC),asc,Howard Payne,"Lemus, Erik",Erik,Lemus,,2741,"Lemus, Erik","LEMUS,ERIK",Howard Payne,HPU,639-3719,2,0,22,0,22,0,0,0,0,0,0,0,0,0,.00,.00,.00,.000,.000,0,0,0,0,0,0,0,.000,2,0,0,0,1.00,.00,.00,.00,0,,71:00,0,.00,.00,,,,,,,,,,,,,,,,,,,,,
2026-27,msoc,American Southwest Conference (ASC),asc,Howard Payne,"Saldana, Xzavier",Xzavier,Saldana,,2741,"Saldana, Xzavier","SALDANA,XZAVIER",Howard Payne,HPU,639-3248,2,1,23,0,23,0,0,2,4,4,0,2,0,0,2.00,1.00,2.00,1.000,.000,0,0,0,0,1,1,0,.000,3,0,0,0,1.50,.00,.00,.00,0,,116:00,0,.00,.00,,,,,,,,,,,,,,,,,,,,,
2026-27,msoc,American Southwest Conference (ASC),asc,Howard Payne,"Merkh, Tristan",Tristan,Merkh,,2741,"Merkh, Tristan","MERKH,TRISTAN",Howard Payne,HPU,639-3512,1,1,24,0,24,0,0,0,0,0,0,0,0,0,.00,.00,.00,.000,.000,0,0,0,0,0,0,0,.000,0,0,0,0,.00,.00,.00,.00,0,,48:00,0,.00,.00,,,,,,,,,,,,,,,,,,,,,
2026-27,msoc,American Southwest Conference (ASC),asc,Howard Payne,"Talley, Stephen",Stephen,Talley,,2741,"Talley, Stephen","TALLEY,STEPHEN",Howard Payne,HPU,639-3713,0,0,25,0,25,0,0,0,0,0,0,0,0,0,.00,.00,.00,.000,.000,0,0,0,0,0,0,0,.000,0,0,0,0,.00,.00,.00,.00,0,,00:00,0,.00,.00,,,,,,,,,,,,,,,,,,,,,
2026-27,msoc,American Southwest Conference (ASC),asc,Howard Payne,"Lane, Trey",Trey,Lane,,2741,"Lane, Trey","LANE,TREY",Howard Payne,HPU,639-3514,7,0,17,0,17,0,0,0,0,1,1,0,0,0,.00,.00,.14,.000,.143,0,0,0,0,0,0,0,.000,6,0,0,0,.86,.00,.00,.00,0,,177:00,0,.00,.00,,,,,,,,,,,,,,,,,,,,,
2026-27,msoc,American Southwest Conference (ASC),asc,Howard Payne,"Knight, Jasper",Jasper,Knight,,2741,"Knight, Jasper","KNIGHT,JASPER",Howard Payne,HPU,639-3714,2,0,27,0,27,0,0,0,0,0,0,0,0,0,.00,.00,.00,.000,.000,0,0,0,0,0,0,0,.000,3,0,1,0,1.50,.50,.00,.00,0,,69:00,0,.00,.00,,,,,,,,,,,,,,,,,,,,,
2026-27,msoc,American Southwest Conference (ASC),asc,Howard Payne,"Perez, Francisco",Francisco,Perez,,2741,"Perez, Francisco","PEREZ,FRANCISCO",Howard Payne,HPU,639-3715,2,1,28,0,28,0,0,1,1,0,0,0,0,0,.50,.50,.00,.000,.000,1,0,0,0,0,0,0,.000,1,0,0,0,.50,.00,.00,.00,0,,105:00,0,.00,.00,,,,,,,,,,,,,,,,,,,,,
2026-27,msoc,American Southwest Conference (ASC),asc,Howard Payne,"Gray, Sterling",Sterling,Gray,,2741,"Gray, Sterling","GRAY,STERLING",Howard Payne,HPU,639-3250,2,0,30,0,30,0,0,0,0,0,0,0,0,0,.00,.00,.00,.000,.000,0,0,0,0,0,0,0,.000,0,0,0,0,.00,.00,.00,.00,0,,68:00,0,.00,.00,,,,,,,,,,,,,,,,,,,,,
2026-27,msoc,American Southwest Conference (ASC),asc,Howard Payne,"Corella, Doug",Doug,Corella,,2741,"Corella, Doug","CORELLA,DOUG",Howard Payne,HPU,639-3716,2,0,31,0,31,0,0,0,0,0,0,0,0,0,.00,.00,.00,.000,.000,0,0,0,0,0,0,0,.000,0,0,1,0,.00,.50,.00,.00,0,,91:00,0,.00,.00,,,,,,,,,,,,,,,,,,,,,
2026-27,msoc,American Southwest Conference (ASC),asc,Schreiner,Mason Szymanski,Mason,Szymanski,,1355,Mason Szymanski,"SZYMANSKI,MASON",Schreiner,SCHREINE,0,0,0,0,0,0,0,0,0,0,0,0,0,0,0,.00,.00,.00,.000,.000,0,0,0,0,0,0,0,.000,0,0,0,0,.00,.00,.00,.00,0,,00:00,0,.00,.00,,,,,,,,,,,,,,,,,,,,,
2026-27,msoc,American Southwest Conference (ASC),asc,Schreiner,Mason Miller,Mason,Miller,,1355,Mason Miller,"MILLER,MASON",Schreiner,SCHREINE,0,2,2,1,0,1,0,0,0,0,0,0,0,0,0,.00,.00,.00,.000,.000,0,0,0,0,0,0,0,.000,0,0,0,0,.00,.00,.00,.00,0,,180:00,0,.00,.00,,22,0,1,0,0,.571,3.00,8,6,180:00,2,2,3.00,0.571,.000,4.00,,,,
2026-27,msoc,American Southwest Conference (ASC),asc,Schreiner,Layton Norwood,Layton,Norwood,,1355,Layton Norwood,"NORWOOD,LAYTON",Schreiner,SCHREINE,0,2,2,2,0,2,0,0,0,0,0,0,0,0,0,.00,.00,.00,.000,.000,0,0,0,0,0,0,0,.000,2,0,0,0,1.00,.00,.00,.00,0,,100:00,0,.00,.00,,,,,,,,,,,,,,,,,,,,,
2026-27,msoc,American Southwest Conference (ASC),asc,Schreiner,Derek Toney,Derek,Toney,,1355,Derek Toney,"TONEY,DEREK",Schreiner,SCHREINE,0,1,1,4,0,4,0,0,1,1,0,0,0,0,0,1.00,1.00,.00,.000,.000,1,0,0,0,0,0,0,.000,1,0,1,0,1.00,1.00,.00,.00,0,,45:00,0,.00,.00,,,,,,,,,,,,,,,,,,,,,
2026-27,msoc,American Southwest Conference (ASC),asc,Schreiner,Nicholas Vasquez,Nicholas,Vasquez,,1355,Nicholas Vasquez,"VASQUEZ,NICHOLAS",Schreiner,SCHREINE,0,2,0,5,0,5,0,0,0,0,0,0,0,0,0,.00,.00,.00,.000,.000,0,0,0,0,0,0,0,.000,0,0,0,0,.00,.00,.00,.00,0,,92:00,0,.00,.00,,,,,,,,,,,,,,,,,,,,,
2026-27,msoc,American Southwest Conference (ASC),asc,Schreiner,Kolton Kaufmann,Kolton,Kaufmann,,1355,Kolton Kaufmann,"KAUFMANN,KOLTON",Schreiner,SCHREINE,0,1,0,6,0,6,0,0,0,0,0,0,0,0,0,.00,.00,.00,.000,.000,0,0,0,0,0,0,0,.000,0,0,0,0,.00,.00,.00,.00,0,,37:00,0,.00,.00,,,,,,,,,,,,,,,,,,,,,
2026-27,msoc,American Southwest Conference (ASC),asc,Schreiner,Lewis Patterson,Lewis,Patterson,,1355,Lewis Patterson,"PATTERSON,LEWIS",Schreiner,SCHREINE,0,2,2,7,0,7,0,0,1,1,2,0,1,0,0,.50,.50,1.00,.500,.000,0,0,0,0,0,0,0,.000,1,0,0,0,.50,.00,.00,.00,0,,129:00,0,.00,.00,,,,,,,,,,,,,,,,,,,,,
2026-27,msoc,American Southwest Conference (ASC),asc,Schreiner,Everett Lowrance,Everett,Lowrance,,1355,Everett Lowrance,"LOWRANCE,EVERETT",Schreiner,SCHREINE,0,2,2,8,0,8,0,0,0,0,0,0,0,0,0,.00,.00,.00,.000,.000,0,0,0,0,0,0,0,.000,0,0,0,0,.00,.00,.00,.00,0,,63:00,0,.00,.00,,,,,,,,,,,,,,,,,,,,,
2026-27,msoc,American Southwest Conference (ASC),asc,Schreiner,Stephano Zagastizabal,Stephano,Zagastizabal,,1355,Stephano Zagastizabal,"ZAGASTIZABAL,STEPHANO",Schreiner,SCHREINE,0,1,1,10,0,10,0,0,1,3,1,1,0,0,0,3.00,1.00,1.00,.000,1.000,1,0,0,0,0,0,0,.000,0,0,0,0,.00,.00,.00,.00,0,,76:00,0,.00,.00,,,,,,,,,,,,,,,,,,,,,
2026-27,msoc,American Southwest Conference (ASC),asc,Schreiner,Diego Saenz,Diego,Saenz,,1355,Diego Saenz,"SAENZ,DIEGO",Schreiner,SCHREINE,0,2,2,11,0,11,0,0,0,1,0,0,0,0,0,.50,.00,.00,.000,.000,0,0,0,0,0,0,0,.000,3,0,1,0,1.50,.50,.00,.00,0,,180:00,0,.00,.00,,,,,,,,,,,,,,,,,,,,,
2026-27,msoc,American Southwest Conference (ASC),asc,Schreiner,Cody Smith,Cody,Smith,,1355,Cody Smith,"SMITH,CODY",Schreiner,SCHREINE,0,2,2,15,0,15,0,0,3,3,2,0,1,0,0,1.50,1.50,1.00,.500,.000,2,0,0,0,0,1,0,.000,1,0,0,0,.50,.00,.00,.00,0,,132:00,0,.00,.00,,,,,,,,,,,,,,,,,,,,,
2026-27,msoc,American Southwest Conference (ASC),asc,Schreiner,Cash Reese,Cash,Reese,,1355,Cash Reese,"REESE,CASH",Schreiner,SCHREINE,0,2,0,16,0,16,0,0,0,1,0,0,0,0,0,.50,.00,.00,.000,.000,0,0,0,0,0,0,0,.000,1,1,0,0,.50,.00,.50,.00,0,,50:00,0,.00,.00,,,,,,,,,,,,,,,,,,,,,
2026-27,msoc,American Southwest Conference (ASC),asc,Schreiner,Holden Smith,Holden,Smith,,1355,Holden Smith,"SMITH,HOLDEN",Schreiner,SCHREINE,0,2,0,17,0,17,0,0,1,1,0,0,0,0,0,.50,.50,.00,.000,.000,1,0,0,0,0,0,0,.000,0,0,0,0,.00,.00,.00,.00,0,,58:00,0,.00,.00,,,,,,,,,,,,,,,,,,,,,
2026-27,msoc,American Southwest Conference (ASC),asc,Schreiner,John Mecke,John,Mecke,,1355,John Mecke,"MECKE,JOHN",Schreiner,SCHREINE,0,2,2,19,0,19,0,0,2,2,0,0,0,0,0,1.00,1.00,.00,.000,.000,2,0,0,0,0,0,0,.000,3,0,0,0,1.50,.00,.00,.00,0,,139:00,0,.00,.00,,,,,,,,,,,,,,,,,,,,,
2026-27,msoc,American Southwest Conference (ASC),asc,Schreiner,Edwin Quijada,Edwin,Quijada,,1355,Edwin Quijada,"QUIJADA,EDWIN",Schreiner,SCHREINE,0,1,0,21,0,21,0,0,2,2,0,0,0,0,0,2.00,2.00,.00,.000,.000,2,0,0,0,0,0,0,.000,0,1,0,0,.00,.00,1.00,.00,0,,33:00,0,.00,.00,,,,,,,,,,,,,,,,,,,,,
2026-27,msoc,American Southwest Conference (ASC),asc,Schreiner,Cameron Hoschar,Cameron,Hoschar,,1355,Cameron Hoschar,"HOSCHAR,CAMERON",Schreiner,SCHREINE,0,2,2,22,0,22,0,0,0,1,0,0,0,0,0,.50,.00,.00,.000,.000,0,0,0,0,0,0,0,.000,3,0,0,0,1.50,.00,.00,.00,0,,128:00,0,.00,.00,,,,,,,,,,,,,,,,,,,,,
2026-27,msoc,American Southwest Conference (ASC),asc,Schreiner,Diego Ruiz,Diego,Ruiz,,1355,Diego Ruiz,"RUIZ,DIEGO",Schreiner,SCHREINE,0,2,0,23,0,23,0,0,0,0,0,0,0,0,0,.00,.00,.00,.000,.000,0,0,0,0,0,0,0,.000,0,0,0,0,.00,.00,.00,.00,0,,41:00,0,.00,.00,,,,,,,,,,,,,,,,,,,,,
2026-27,msoc,American Southwest Conference (ASC),asc,Schreiner,Sebastian Gonzalez,Sebastian,Gonzalez,,1355,Sebastian Gonzalez,"GONZALEZ,SEBASTIAN",Schreiner,SCHREINE,0,2,0,24,0,24,0,0,0,1,0,0,0,0,0,.50,.00,.00,.000,.000,0,0,0,0,0,0,0,.000,0,0,0,0,.00,.00,.00,.00,0,,46:00,0,.00,.00,,,,,,,,,,,,,,,,,,,,,
2026-27,msoc,American Southwest Conference (ASC),asc,Schreiner,Cody Brown,Cody,Brown,,1355,Cody Brown,"BROWN,CODY",Schreiner,SCHREINE,0,2,2,26,0,26,0,0,0,1,0,0,0,0,0,.50,.00,.00,.000,.000,0,0,0,0,0,0,0,.000,2,0,1,0,1.00,.50,.00,.00,0,,127:00,0,.00,.00,,,,,,,,,,,,,,,,,,,,,
2026-27,msoc,American Southwest Conference (ASC),asc,Schreiner,Brody Bowen,Brody,Bowen,,1355,Brody Bowen,"BOWEN,BRODY",Schreiner,SCHREINE,0,2,0,27,0,27,0,0,1,1,0,0,0,0,0,.50,.50,.00,.000,.000,1,0,0,0,0,0,0,.000,0,0,0,0,.00,.00,.00,.00,0,,58:00,0,.00,.00,,,,,,,,,,,,,,,,,,,,,
2026-27,msoc,American Southwest Conference (ASC),asc,Schreiner,Ryan Carmona,Ryan,Carmona,,1355,Ryan Carmona,"CARMONA,RYAN",Schreiner,SCHREINE,0,2,0,31,0,31,0,0,0,1,0,0,0,0,0,.50,.00,.00,.000,.000,0,0,0,0,0,0,0,.000,0,0,0,0,.00,.00,.00,.00,0,,78:00,0,.00,.00,,,,,,,,,,,,,,,,,,,,,
2026-27,msoc,American Southwest Conference (ASC),asc,Schreiner,Blaze Hiapo,Blaze,Hiapo,,1355,Blaze Hiapo,"HIAPO,BLAZE",Schreiner,SCHREINE,0,2,0,34,0,34,0,0,0,0,0,0,0,0,0,.00,.00,.00,.000,.000,0,0,0,0,0,0,0,.000,1,0,0,0,.50,.00,.00,.00,0,,43:00,0,.00,.00,,,,,,,,,,,,,,,,,,,,,
2026-27,msoc,American Southwest Conference (ASC),asc,Schreiner,Ransom Finely,Ransom,Finely,,1355,Ransom Finely,"FINELY,RANSOM",Schreiner,SCHREINE,0,0,0,35,0,35,,,,,,,,,,,,,,,,,,,,,,,,,,,,,,,,,,,,,,,,,,,,,,,,,,,,,,,,,
2026-27,msoc,American Southwest Conference (ASC),asc,Schreiner,Clayton Hudson,Clayton,Hudson,,1355,Clayton Hudson,"HUDSON,CLAYTON",Schreiner,SCHREINE,0,1,0,36,0,36,0,0,0,0,0,0,0,0,0,.00,.00,.00,.000,.000,0,0,0,0,0,0,0,.000,0,0,0,0,.00,.00,.00,.00,0,,23:00,0,.00,.00,,,,,,,,,,,,,,,,,,,,,
2026-27,msoc,American Southwest Conference (ASC),asc,Schreiner,"Wilhite, Colby",Colby,Wilhite,,1355,"Wilhite, Colby","WILHITE,COLBY",Schreiner,SCHREINE,0,0,0,00,0,00,0,0,0,0,0,0,0,0,0,.00,.00,.00,.000,.000,0,0,0,0,0,0,0,.000,0,0,0,0,.00,.00,.00,.00,0,,00:00,0,.00,.00,,,,,,,,,,,,,,,,,,,,,
2026-27,msoc,American Southwest Conference (ASC),asc,Schreiner,"Fijalkowski, Alex",Alex,Fijalkowski,,1355,"Fijalkowski, Alex","FIJALKOWSKI,ALEX",Schreiner,SCHREINE,0,0,0,3,0,3,0,0,0,0,0,0,0,0,0,.00,.00,.00,.000,.000,0,0,0,0,0,0,0,.000,0,0,0,0,.00,.00,.00,.00,0,,00:00,0,.00,.00,,,,,,,,,,,,,,,,,,,,,
2026-27,msoc,American Southwest Conference (ASC),asc,Schreiner,"Kauffman, Kolton",Kolton,Kauffman,,1355,"Kauffman, Kolton","KAUFFMAN,KOLTON",Schreiner,SCHREINE,0,1,1,6,0,6,0,0,0,0,0,0,0,0,0,.00,.00,.00,.000,.000,0,0,0,0,0,0,0,.000,0,0,0,0,.00,.00,.00,.00,0,,28:00,0,.00,.00,,,,,,,,,,,,,,,,,,,,,
2026-27,msoc,American Southwest Conference (ASC),asc,Schreiner,"Estrada, David",David,Estrada,,1355,"Estrada, David","ESTRADA,DAVID",Schreiner,SCHREINE,0,0,0,9,0,9,0,0,0,0,0,0,0,0,0,.00,.00,.00,.000,.000,0,0,0,0,0,0,0,.000,0,0,0,0,.00,.00,.00,.00,0,,00:00,0,.00,.00,,,,,,,,,,,,,,,,,,,,,
2026-27,msoc,American Southwest Conference (ASC),asc,Schreiner,"Zagastizabal, Gabe",Gabe,Zagastizabal,,1355,"Zagastizabal, Gabe","ZAGASTIZABAL,GABE",Schreiner,SCHREINE,0,1,1,10,0,10,0,0,0,0,0,0,0,0,0,.00,.00,.00,.000,.000,0,0,0,0,0,0,0,.000,1,0,0,0,1.00,.00,.00,.00,0,,68:00,0,.00,.00,,,,,,,,,,,,,,,,,,,,,
2026-27,msoc,American Southwest Conference (ASC),asc,Schreiner,"Pinela, Angel",Angel,Pinela,,1355,"Pinela, Angel","PINELA,ANGEL",Schreiner,SCHREINE,0,0,0,13,0,13,0,0,0,0,0,0,0,0,0,.00,.00,.00,.000,.000,0,0,0,0,0,0,0,.000,0,0,0,0,.00,.00,.00,.00,0,,00:00,0,.00,.00,,,,,,,,,,,,,,,,,,,,,
2026-27,msoc,American Southwest Conference (ASC),asc,Schreiner,"Carreon, Aiden",Aiden,Carreon,,1355,"Carreon, Aiden","CARREON,AIDEN",Schreiner,SCHREINE,0,0,0,20,0,20,0,0,0,0,0,0,0,0,0,.00,.00,.00,.000,.000,0,0,0,0,0,0,0,.000,0,0,0,0,.00,.00,.00,.00,0,,00:00,0,.00,.00,,,,,,,,,,,,,,,,,,,,,
2026-27,msoc,American Southwest Conference (ASC),asc,Schreiner,"Gallegos, Ruben",Ruben,Gallegos,,1355,"Gallegos, Ruben","GALLEGOS,RUBEN",Schreiner,SCHREINE,0,0,0,25,0,25,0,0,0,0,0,0,0,0,0,.00,.00,.00,.000,.000,0,0,0,0,0,0,0,.000,0,0,0,0,.00,.00,.00,.00,0,,00:00,0,.00,.00,,,,,,,,,,,,,,,,,,,,,
2026-27,msoc,American Southwest Conference (ASC),asc,Schreiner,"Leverette, Christian",Christian,Leverette,,1355,"Leverette, Christian","LEVERETTE,CHRISTIAN",Schreiner,SCHREINE,0,0,0,28,0,28,0,0,0,0,0,0,0,0,0,.00,.00,.00,.000,.000,0,0,0,0,0,0,0,.000,0,0,0,0,.00,.00,.00,.00,0,,00:00,0,.00,.00,,,,,,,,,,,,,,,,,,,,,
2026-27,msoc,American Southwest Conference (ASC),asc,Schreiner,"Klotz, Robert",Robert,Klotz,,1355,"Klotz, Robert","KLOTZ,ROBERT",Schreiner,SCHREINE,0,0,0,30,0,30,0,0,0,0,0,0,0,0,0,.00,.00,.00,.000,.000,0,0,0,0,0,0,0,.000,0,0,0,0,.00,.00,.00,.00,0,,00:00,0,.00,.00,,,,,,,,,,,,,,,,,,,,,
2026-27,msoc,American Southwest Conference (ASC),asc,Schreiner,"Fox, Nathaniel",Nathaniel,Fox,,1355,"Fox, Nathaniel","FOX,NATHANIEL",Schreiner,SCHREINE,0,0,0,32,0,32,0,0,0,0,0,0,0,0,0,.00,.00,.00,.000,.000,0,0,0,0,0,0,0,.000,0,0,0,0,.00,.00,.00,.00,0,,00:00,0,.00,.00,,,,,,,,,,,,,,,,,,,,,
2026-27,msoc,American Southwest Conference (ASC),asc,Schreiner,"Ramirez-Mora, Diego",Diego,Ramirez-Mora,,1355,"Ramirez-Mora, Diego","RAMIREZ-MORA,DIEGO",Schreiner,SCHREINE,0,0,0,33,0,33,0,0,0,0,0,0,0,0,0,.00,.00,.00,.000,.000,0,0,0,0,0,0,0,.000,0,0,0,0,.00,.00,.00,.00,0,,00:00,0,.00,.00,,,,,,,,,,,,,,,,,,,,,
2026-27,msoc,American Southwest Conference (ASC),asc,Schreiner,"Finley, Ransom",Ransom,Finley,,1355,"Finley, Ransom","FINLEY,RANSOM",Schreiner,SCHREINE,0,0,0,35,0,35,0,0,0,0,0,0,0,0,0,.00,.00,.00,.000,.000,0,0,0,0,0,0,0,.000,0,0,0,0,.00,.00,.00,.00,0,,00:00,0,.00,.00,,,,,,,,,,,,,,,,,,,,,
2026-27,msoc,American Southwest Conference (ASC),asc,Schreiner,"Ecord, Tristan",Tristan,Ecord,,1355,"Ecord, Tristan","ECORD,TRISTAN",Schreiner,SCHREINE,0,0,0,37,0,37,0,0,0,0,0,0,0,0,0,.00,.00,.00,.000,.000,0,0,0,0,0,0,0,.000,0,0,0,0,.00,.00,.00,.00,0,,00:00,0,.00,.00,,,,,,,,,,,,,,,,,,,,,
2026-27,msoc,American Southwest Conference (ASC),asc,Schreiner,"Caraccioli, Samuel",Samuel,Caraccioli,,1355,"Caraccioli, Samuel","CARACCIOLI,SAMUEL",Schreiner,SCHREINE,0,0,0,38,0,38,0,0,0,0,0,0,0,0,0,.00,.00,.00,.000,.000,0,0,0,0,0,0,0,.000,0,0,0,0,.00,.00,.00,.00,0,,00:00,0,.00,.00,,,,,,,,,,,,,,,,,,,,,
2026-27,msoc,American Southwest Conference (ASC),asc,Schreiner,"Diaz, Felix",Felix,Diaz,,1355,"Diaz, Felix","DIAZ,FELIX",Schreiner,SCHREINE,0,0,0,39,0,39,0,0,0,0,0,0,0,0,0,.00,.00,.00,.000,.000,0,0,0,0,0,0,0,.000,0,0,0,0,.00,.00,.00,.00,0,,00:00,0,.00,.00,,,,,,,,,,,,,,,,,,,,,
2026-27,msoc,American Southwest Conference (ASC),asc,Schreiner,"Gutierrez, Daniel",Daniel,Gutierrez,,1355,"Gutierrez, Daniel","GUTIERREZ,DANIEL",Schreiner,SCHREINE,0,0,0,42,0,42,0,0,0,0,0,0,0,0,0,.00,.00,.00,.000,.000,0,0,0,0,0,0,0,.000,0,0,0,0,.00,.00,.00,.00,0,,00:00,0,.00,.00,,,,,,,,,,,,,,,,,,,,,
2026-27,msoc,American Southwest Conference (ASC),asc,Hardin-Simmons,"Francis, Cayden",Cayden,Francis,,271,"Francis, Cayden","FRANCIS,CAYDEN",Hardin-Simmons,HSU,637-3964,0,0,00,0,00,0,0,0,0,0,0,0,0,0,.00,.00,.00,.000,.000,0,0,0,0,0,0,0,.000,0,0,0,0,.00,.00,.00,.00,0,,00:00,0,.00,.00,,,,,,,,,,,,,,,,,,,,,
2026-27,msoc,American Southwest Conference (ASC),asc,Hardin-Simmons,"McPherson, Joel",Joel,McPherson,,271,"McPherson, Joel","MCPHERSON,JOEL",Hardin-Simmons,HSU,637-3729,2,2,0,0,0,0,0,0,0,0,0,0,0,0,.00,.00,.00,.000,.000,0,0,0,0,0,0,0,.000,0,0,0,0,.00,.00,.00,.00,0,,90:00,0,.00,.00,,23,0,1,0,0,.833,2.00,10,2,90:00,2,2,1.00,0.833,.000,5.00,,,,
2026-27,msoc,American Southwest Conference (ASC),asc,Hardin-Simmons,"Sanchez, Joaquin",Joaquin,Sanchez,,271,"Sanchez, Joaquin","SANCHEZ,JOAQUIN",Hardin-Simmons,HSU,637-3963,2,0,1,0,1,0,0,0,0,0,0,0,0,0,.00,.00,.00,.000,.000,0,0,0,0,0,0,0,.000,0,0,0,0,.00,.00,.00,.00,0,,90:00,0,.00,.00,,20,0,1,0,0,.833,1.00,5,1,90:00,0,2,.50,0.833,.000,2.50,,,,
2026-27,msoc,American Southwest Conference (ASC),asc,Hardin-Simmons,"Castro, Jacob",Jacob,Castro,,271,"Castro, Jacob","CASTRO,JACOB",Hardin-Simmons,HSU,637-3501,0,0,2,0,2,0,0,0,0,0,0,0,0,0,.00,.00,.00,.000,.000,0,0,0,0,0,0,0,.000,0,0,0,0,.00,.00,.00,.00,0,,00:00,0,.00,.00,,,,,,,,,,,,,,,,,,,,,
2026-27,msoc,American Southwest Conference (ASC),asc,Hardin-Simmons,"Vela, Godfrey",Godfrey,Vela,,271,"Vela, Godfrey","VELA,GODFREY",Hardin-Simmons,HSU,637-3497,0,0,3,0,3,0,0,0,0,0,0,0,0,0,.00,.00,.00,.000,.000,0,0,0,0,0,0,0,.000,0,0,0,0,.00,.00,.00,.00,0,,00:00,0,.00,.00,,,,,,,,,,,,,,,,,,,,,
2026-27,msoc,American Southwest Conference (ASC),asc,Hardin-Simmons,"Rojas Soto, Isaiah",Isaiah,Rojas Soto,,271,"Rojas Soto, Isaiah","ROJAS SOTO,ISAIAH",Hardin-Simmons,HSU,637-3498,0,0,4,0,4,0,0,0,0,0,0,0,0,0,.00,.00,.00,.000,.000,0,0,0,0,0,0,0,.000,0,0,0,0,.00,.00,.00,.00,0,,00:00,0,.00,.00,,,,,,,,,,,,,,,,,,,,,
2026-27,msoc,American Southwest Conference (ASC),asc,Hardin-Simmons,"Rodriguez, Gabriel",Gabriel,Rodriguez,,271,"Rodriguez, Gabriel","RODRIGUEZ,GABRIEL",Hardin-Simmons,HSU,637-3732,2,2,5,0,5,0,0,2,7,0,0,0,0,0,3.50,1.00,.00,.000,.000,2,0,0,0,0,0,0,.000,1,0,0,0,.50,.00,.00,.00,0,,180:00,0,.00,.00,,,,,,,,,,,,,,,,,,,,,
2026-27,msoc,American Southwest Conference (ASC),asc,Hardin-Simmons,"Garcia, Jerron",Jerron,Garcia,,271,"Garcia, Jerron","GARCIA,JERRON",Hardin-Simmons,HSU,637-3216,0,0,6,0,6,0,0,0,0,0,0,0,0,0,.00,.00,.00,.000,.000,0,0,0,0,0,0,0,.000,0,0,0,0,.00,.00,.00,.00,0,,00:00,0,.00,.00,,,,,,,,,,,,,,,,,,,,,
2026-27,msoc,American Southwest Conference (ASC),asc,Hardin-Simmons,"Bela, Noah",Noah,Bela,,271,"Bela, Noah","BELA,NOAH",Hardin-Simmons,HSU,637-3065,1,0,7,0,7,0,0,1,1,0,0,0,0,0,1.00,1.00,.00,.000,.000,1,0,0,0,0,0,0,.000,0,0,0,0,.00,.00,.00,.00,0,,68:00,0,.00,.00,,,,,,,,,,,,,,,,,,,,,
2026-27,msoc,American Southwest Conference (ASC),asc,Hardin-Simmons,"Trevino, Julian",Julian,Trevino,,271,"Trevino, Julian","TREVINO,JULIAN",Hardin-Simmons,HSU,637-3961,2,2,8,0,8,0,0,0,1,0,0,0,0,0,.50,.00,.00,.000,.000,0,0,0,0,0,0,0,.000,3,0,0,0,1.50,.00,.00,.00,0,,180:00,0,.00,.00,,,,,,,,,,,,,,,,,,,,,
2026-27,msoc,American Southwest Conference (ASC),asc,Hardin-Simmons,"Caudle, Hudson",Hudson,Caudle,,271,"Caudle, Hudson","CAUDLE,HUDSON",Hardin-Simmons,HSU,637-3966,2,2,9,0,9,0,0,0,0,0,0,0,0,0,.00,.00,.00,.000,.000,0,0,0,0,0,0,0,.000,3,0,0,0,1.50,.00,.00,.00,0,,132:00,0,.00,.00,,,,,,,,,,,,,,,,,,,,,
2026-27,msoc,American Southwest Conference (ASC),asc,Hardin-Simmons,"Friederich, Joseph",Joseph,Friederich,,271,"Friederich, Joseph","FRIEDERICH,JOSEPH",Hardin-Simmons,HSU,637-3489,0,0,10,0,10,0,0,0,0,0,0,0,0,0,.00,.00,.00,.000,.000,0,0,0,0,0,0,0,.000,0,0,0,0,.00,.00,.00,.00,0,,00:00,0,.00,.00,,,,,,,,,,,,,,,,,,,,,
2026-27,msoc,American Southwest Conference (ASC),asc,Hardin-Simmons,"Sam, Ethan",Ethan,Sam,,271,"Sam, Ethan","SAM,ETHAN",Hardin-Simmons,HSU,637-4026,2,0,11,0,11,0,0,1,2,0,0,0,0,0,1.00,.50,.00,.000,.000,1,0,0,0,0,0,0,.000,5,0,0,0,2.50,.00,.00,.00,0,,84:00,0,.00,.00,,,,,,,,,,,,,,,,,,,,,
2026-27,msoc,American Southwest Conference (ASC),asc,Hardin-Simmons,"Newman, Landon",Landon,Newman,,271,"Newman, Landon","NEWMAN,LANDON",Hardin-Simmons,HSU,637-3731,2,2,12,0,12,0,0,4,8,2,0,1,0,0,4.00,2.00,1.00,.500,.000,3,0,0,0,1,0,0,.000,0,0,0,0,.00,.00,.00,.00,0,,173:00,0,.00,.00,,,,,,,,,,,,,,,,,,,,,
2026-27,msoc,American Southwest Conference (ASC),asc,Hardin-Simmons,"Wachira, Josiah",Josiah,Wachira,,271,"Wachira, Josiah","WACHIRA,JOSIAH",Hardin-Simmons,HSU,637-3735,1,0,13,0,13,0,0,0,0,0,0,0,0,0,.00,.00,.00,.000,.000,0,0,0,0,0,0,0,.000,0,0,0,0,.00,.00,.00,.00,0,,10:00,0,.00,.00,,,,,,,,,,,,,,,,,,,,,
2026-27,msoc,American Southwest Conference (ASC),asc,Hardin-Simmons,"Addison, Clay",Clay,Addison,,271,"Addison, Clay","ADDISON,CLAY",Hardin-Simmons,HSU,637-3708,0,0,14,0,14,0,0,0,0,0,0,0,0,0,.00,.00,.00,.000,.000,0,0,0,0,0,0,0,.000,0,0,0,0,.00,.00,.00,.00,0,,00:00,0,.00,.00,,,,,,,,,,,,,,,,,,,,,
2026-27,msoc,American Southwest Conference (ASC),asc,Hardin-Simmons,"Shaffer, Jaxon",Jaxon,Shaffer,,271,"Shaffer, Jaxon","SHAFFER,JAXON",Hardin-Simmons,HSU,637-3733,0,0,15,0,15,0,0,0,0,0,0,0,0,0,.00,.00,.00,.000,.000,0,0,0,0,0,0,0,.000,0,0,0,0,.00,.00,.00,.00,0,,00:00,0,.00,.00,,,,,,,,,,,,,,,,,,,,,
2026-27,msoc,American Southwest Conference (ASC),asc,Hardin-Simmons,"Boone, Jacob",Jacob,Boone,,271,"Boone, Jacob","BOONE,JACOB",Hardin-Simmons,HSU,637-3962,2,2,16,0,16,0,0,1,1,0,0,0,0,0,.50,.50,.00,.000,.000,1,0,0,0,0,0,0,.000,1,0,0,0,.50,.00,.00,.00,0,,86:00,0,.00,.00,,,,,,,,,,,,,,,,,,,,,
2026-27,msoc,American Southwest Conference (ASC),asc,Hardin-Simmons,"Santi, Rafael",Rafael,Santi,,271,"Santi, Rafael","SANTI,RAFAEL",Hardin-Simmons,HSU,637-4024,2,2,17,0,17,0,0,0,2,0,0,0,0,0,1.00,.00,.00,.000,.000,0,0,0,0,0,0,0,.000,3,0,1,0,1.50,.50,.00,.00,0,,111:00,0,.00,.00,,,,,,,,,,,,,,,,,,,,,
2026-27,msoc,American Southwest Conference (ASC),asc,Hardin-Simmons,"Macias, Edwin",Edwin,Macias,,271,"Macias, Edwin","MACIAS,EDWIN",Hardin-Simmons,HSU,637-3228,0,0,18,0,18,0,0,0,0,0,0,0,0,0,.00,.00,.00,.000,.000,0,0,0,0,0,0,0,.000,0,0,0,0,.00,.00,.00,.00,0,,00:00,0,.00,.00,,,,,,,,,,,,,,,,,,,,,
2026-27,msoc,American Southwest Conference (ASC),asc,Hardin-Simmons,"Hedge, Easton",Easton,Hedge,,271,"Hedge, Easton","HEDGE,EASTON",Hardin-Simmons,HSU,637-3724,1,0,19,0,19,0,0,0,0,0,0,0,0,0,.00,.00,.00,.000,.000,0,0,0,0,0,0,0,.000,1,0,0,0,1.00,.00,.00,.00,0,,20:00,0,.00,.00,,,,,,,,,,,,,,,,,,,,,
2026-27,msoc,American Southwest Conference (ASC),asc,Hardin-Simmons,"Raef, Korbin",Korbin,Raef,,271,"Raef, Korbin","RAEF,KORBIN",Hardin-Simmons,HSU,637-3490,1,0,20,0,20,0,0,0,0,0,0,0,0,0,.00,.00,.00,.000,.000,0,0,0,0,0,0,0,.000,0,0,0,0,.00,.00,.00,.00,0,,51:00,0,.00,.00,,,,,,,,,,,,,,,,,,,,,
2026-27,msoc,American Southwest Conference (ASC),asc,Hardin-Simmons,"Weatherman, Holton",Holton,Weatherman,,271,"Weatherman, Holton","WEATHERMAN,HOLTON",Hardin-Simmons,HSU,637-3509,2,0,21,0,21,0,0,0,0,0,0,0,0,0,.00,.00,.00,.000,.000,0,0,0,0,0,0,0,.000,0,0,0,0,.00,.00,.00,.00,0,,26:00,0,.00,.00,,,,,,,,,,,,,,,,,,,,,
2026-27,msoc,American Southwest Conference (ASC),asc,Hardin-Simmons,"Halpin, Noah",Noah,Halpin,,271,"Halpin, Noah","HALPIN,NOAH",Hardin-Simmons,HSU,637-3967,2,2,22,0,22,0,0,1,1,0,0,0,0,0,.50,.50,.00,.000,.000,1,0,0,0,0,0,0,.000,1,0,0,0,.50,.00,.00,.00,0,,180:00,0,.00,.00,,,,,,,,,,,,,,,,,,,,,
2026-27,msoc,American Southwest Conference (ASC),asc,Hardin-Simmons,"Leal, Ethan",Ethan,Leal,,271,"Leal, Ethan","LEAL,ETHAN",Hardin-Simmons,HSU,637-3726,0,0,23,0,23,0,0,0,0,0,0,0,0,0,.00,.00,.00,.000,.000,0,0,0,0,0,0,0,.000,0,0,0,0,.00,.00,.00,.00,0,,00:00,0,.00,.00,,,,,,,,,,,,,,,,,,,,,
2026-27,msoc,American Southwest Conference (ASC),asc,Hardin-Simmons,"Nathans, Philip",Philip,Nathans,,271,"Nathans, Philip","NATHANS,PHILIP",Hardin-Simmons,HSU,637-3488,2,2,24,0,24,0,0,0,0,0,0,0,0,0,.00,.00,.00,.000,.000,0,0,0,0,0,0,0,.000,1,0,0,0,.50,.00,.00,.00,0,,175:00,0,.00,.00,,,,,,,,,,,,,,,,,,,,,
2026-27,msoc,American Southwest Conference (ASC),asc,Hardin-Simmons,"Santos, Geronimo",Geronimo,Santos,,271,"Santos, Geronimo","SANTOS,GERONIMO",Hardin-Simmons,HSU,637-3965,2,0,25,0,25,0,0,0,0,0,0,0,0,0,.00,.00,.00,.000,.000,0,0,0,0,0,0,0,.000,0,0,0,0,.00,.00,.00,.00,0,,19:00,0,.00,.00,,,,,,,,,,,,,,,,,,,,,
2026-27,msoc,American Southwest Conference (ASC),asc,Hardin-Simmons,"Anderson, Gabriel",Gabriel,Anderson,,271,"Anderson, Gabriel","ANDERSON,GABRIEL",Hardin-Simmons,HSU,637-3734,2,2,26,0,26,0,0,1,1,0,0,0,0,0,.50,.50,.00,.000,.000,1,0,0,0,0,0,0,.000,0,0,0,0,.00,.00,.00,.00,0,,165:00,0,.00,.00,,,,,,,,,,,,,,,,,,,,,
2026-27,msoc,American Southwest Conference (ASC),asc,Hardin-Simmons,"Njugi, Andy",Andy,Njugi,,271,"Njugi, Andy","NJUGI,ANDY",Hardin-Simmons,HSU,637-3717,0,0,27,0,27,0,0,0,0,0,0,0,0,0,.00,.00,.00,.000,.000,0,0,0,0,0,0,0,.000,0,0,0,0,.00,.00,.00,.00,0,,00:00,0,.00,.00,,,,,,,,,,,,,,,,,,,,,
2026-27,msoc,American Southwest Conference (ASC),asc,Hardin-Simmons,"Carnes, Caden",Caden,Carnes,,271,"Carnes, Caden","CARNES,CADEN",Hardin-Simmons,HSU,637-4025,1,0,28,0,28,0,0,0,0,0,0,0,0,0,.00,.00,.00,.000,.000,0,0,0,0,0,0,0,.000,0,0,0,0,.00,.00,.00,.00,0,,15:00,0,.00,.00,,,,,,,,,,,,,,,,,,,,,
2026-27,msoc,American Southwest Conference (ASC),asc,Hardin-Simmons,"Cisneros, Liam",Liam,Cisneros,,271,"Cisneros, Liam","CISNEROS,LIAM",Hardin-Simmons,HSU,637-3212,0,0,34,0,34,0,0,0,0,0,0,0,0,0,.00,.00,.00,.000,.000,0,0,0,0,0,0,0,.000,0,0,0,0,.00,.00,.00,.00,0,,00:00,0,.00,.00,,,,,,,,,,,,,,,,,,,,,
2026-27,msoc,American Southwest Conference (ASC),asc,Hardin-Simmons,"Zuniga, Gael",Gael,Zuniga,,271,"Zuniga, Gael","ZUNIGA,GAEL",Hardin-Simmons,HSU,637-4027,2,2,66,0,66,0,0,1,2,1,1,0,0,0,1.00,.50,.50,.000,.500,1,0,0,0,0,0,0,.000,3,0,1,0,1.50,.50,.00,.00,0,,170:00,0,.00,.00,,,,,,,,,,,,,,,,,,,,,
