season,sport,conference,conference_code,team,player_name,first_name,last_name,position,team_code,name,checkname,linkup_name,games_played,games_started,uniform,year,team_name,team_id,sdrm_id,goal_stats_shootout_goals,goal_stats_free_positiong_goals,goal_stats_game_tying_goals,goal_stats_empty_net_goals,goal_stats_overtime_goals,goal_stats_first_goals,goal_stats_unassisted_goals,goal_stats_short_handed_goals,goal_stats_power_play_goals,goal_stats_game_winning_goals,penalty_stats_number,penalty_stats_minutes,penalty_stats_fouls,penalty_stats_green_cards,penalty_stats_yellow_cards,penalty_stats_red_cards,penalty_stats_match,penalty_stats_major,penalty_stats_minor,misc_stats_powerplay_opps,misc_stats_powerplay_goals,misc_stats_faceoffs_won,misc_stats_faceoffs_lost,misc_stats_ground_balls,misc_stats_draw_controls,misc_stats_turnovers,misc_stats_caused_turnovers,misc_stats_minutes_played,misc_stats_seconds,misc_stats_faceoffs_taken,misc_stats_penalty_killing_pct,goalie_stats_games_played,goalie_stats_minutes,goalie_stats_goals_allowed,goalie_stats_saves,goalie_stats_shutouts,goalie_stats_win,goalie_stats_loss,goalie_stats_tie,goalie_stats_powerplay_goals_allowed,goalie_stats_shorthanded_goals_allowed,goalie_stats_emptynet_goals_allowed,goalie_stats_shots_faced,goalie_stats_goals_against_avg,goalie_stats_save_pct,shot_stats_shots_on_goal,shot_stats_shots,shot_stats_free_position_shots,shot_stats_points,shot_stats_assists,shot_stats_goals,shot_stats_shots_on_goal_pct,avg_points_game,goalie_stats,goal_stats,penalty_stats,misc_stats,shot_stats,composite_score,global_rank,rating
2026-27,mlax,Heartland Collegiate Athletic Conference (HCAC),hcac,Alfred St.,Matthew Bridges,Matthew,Bridges,,30170,Matthew Bridges,"BRIDGES,MATTHEW",BRIDGESMATTHEWALFRED S,16,16,,,Alfred St.,ALFRED S,1447-3320,0,0,0,0,0,3,18,0,7,2,0,0,0,0,0,0,0,2,0,0,0,0,0,69,0,36,24,960:00,0,0,1.000,,,,,,,,,,,,,,,86,126,0,72,16,56,.683,4.50,,,,,,16.51472191770019,1,99
2026-27,mlax,Heartland Collegiate Athletic Conference (HCAC),hcac,Hanover,"Deweese, Jack",Jack,Deweese,,1115,"Deweese, Jack","DEWEESE,JACK",DEWEESEJACKHAN,15,15,,,Hanover,HAN,1035-2827,0,0,0,0,0,0,31,2,4,1,0,0,0,0,0,0,0,5,1,0,0,0,4,31,0,26,12,896:00,50,4,1.000,,,,,,,,,,,,,,,100,176,0,78,20,58,.568,5.20,,,,,,15.034397514598474,2,99
2026-27,mlax,Heartland Collegiate Athletic Conference (HCAC),hcac,Transylvania,Huck Campbell,Huck,Campbell,,28749,Huck Campbell,"CAMPBELL,HUCK",CAMPBELLHUCKTRANSYLV,17,16,,,Transylvania,TRANSYLV,1039-3043,0,0,0,0,0,2,17,0,4,3,0,0,0,0,0,0,2,0,0,0,0,0,0,25,0,39,11,968:00,0,0,1.000,,,,,,,,,,,,,,,70,109,0,65,30,35,.642,3.82,,,,,,13.014086428470053,3,99
2026-27,mlax,Heartland Collegiate Athletic Conference (HCAC),hcac,Hanover,"Hospelhorn, Kasey",Kasey,Hospelhorn,,1115,"Hospelhorn, Kasey","HOSPELHORN,KASEY",HOSPELHORNKASEYHAN,15,15,,,Hanover,HAN,1035-2434,0,0,0,0,0,1,30,1,0,2,0,0,0,0,0,0,4,11,11,0,0,121,104,91,0,34,13,896:00,50,225,1.000,,,,,,,,,,,,,,,69,118,0,51,17,34,.585,3.40,,,,,,12.266307266547003,4,98
2026-27,mlax,Heartland Collegiate Athletic Conference (HCAC),hcac,Transylvania,Andrew Welch,Andrew,Welch,,28749,Andrew Welch,"WELCH,ANDREW",WELCHANDREWTRANSYLV,17,16,,,Transylvania,TRANSYLV,1039-2850,0,0,0,0,1,0,9,1,3,3,0,0,0,0,0,0,1,4,1,0,0,0,0,14,0,18,5,968:00,0,0,1.000,,,,,,,,,,,,,,,81,124,0,68,22,46,.653,4.00,,,,,,11.894478670471992,5,98
2026-27,mlax,Heartland Collegiate Athletic Conference (HCAC),hcac,Transylvania,Charlie Horner,Charlie,Horner,,28749,Charlie Horner,"HORNER,CHARLIE",HORNERCHARLIETRANSYLV,17,17,,,Transylvania,TRANSYLV,1039-3047,0,0,0,0,0,4,8,0,7,2,0,0,0,0,0,0,0,2,1,0,0,0,0,23,0,18,5,1028:00,0,0,1.000,,,,,,,,,,,,,,,72,104,0,56,18,38,.692,3.29,,,,,,9.783455730245262,6,98
2026-27,mlax,Heartland Collegiate Athletic Conference (HCAC),hcac,Alfred St.,Brendon O'Donnell,Brendon,O'Donnell,,30170,Brendon O'Donnell,"O'DONNELL,BRENDON",O'DONNELLBRENDONALFRED S,16,4,,,Alfred St.,ALFRED S,1447-3020,0,0,0,0,0,0,6,1,0,2,0,0,0,0,0,0,0,3,3,0,0,0,0,55,0,47,12,240:00,0,0,1.000,,,,,,,,,,,,,,,39,76,0,38,26,12,.513,2.38,,,,,,9.07844441313222,7,97
2026-27,mlax,Heartland Collegiate Athletic Conference (HCAC),hcac,Transylvania,Jack Miller,Jack,Miller,,28749,Jack Miller,"MILLER,JACK",MILLERJACKTRANSYLV,17,13,,,Transylvania,TRANSYLV,1039-3048,0,0,0,0,0,1,17,0,1,1,0,0,0,0,0,0,0,5,5,0,0,0,0,21,0,21,12,788:00,0,0,1.000,,,,,,,,,,,,,,,86,133,0,47,18,29,.647,2.76,,,,,,8.922167610766149,8,97
2026-27,mlax,Heartland Collegiate Athletic Conference (HCAC),hcac,Alfred St.,Joseph Tiberio,Joseph,Tiberio,,30170,Joseph Tiberio,"TIBERIO,JOSEPH",TIBERIOJOSEPHALFRED S,15,12,,,Alfred St.,ALFRED S,1447-3008,0,0,0,0,0,2,8,1,3,1,0,0,0,0,0,0,0,2,1,0,0,0,0,34,0,29,5,720:00,0,0,1.000,,,,,,,,,,,,,,,62,118,0,48,19,29,.525,3.20,,,,,,8.806196574093054,9,97
2026-27,mlax,Heartland Collegiate Athletic Conference (HCAC),hcac,Hanover,"O'Brien, Colin",Colin,O'Brien,,1115,"O'Brien, Colin","OBRIEN,COLIN",OBRIENCOLINHAN,14,14,,,Hanover,HAN,1035-2164,0,0,0,0,0,2,21,1,3,2,0,0,0,0,0,0,0,0,1,0,0,0,0,22,0,15,9,836:00,50,0,1.000,,,,,,,,,,,,,,,59,93,0,49,14,35,.634,3.50,,,,,,8.691253320710803,10,96
2026-27,mlax,Heartland Collegiate Athletic Conference (HCAC),hcac,Spalding,Nicolas Guzman,Nicolas,Guzman,,23260,Nicolas Guzman,"GUZMAN,NICOLAS",GUZMANNICOLASSPALDING,15,14,,,Spalding,SPALDING,926-1254,0,0,0,0,0,0,14,2,6,1,0,0,0,0,0,0,0,0,3,0,0,0,0,20,0,26,9,843:00,47,0,1.000,,,,,,,,,,,,,,,60,82,0,46,13,33,.732,3.07,,,,,,8.007626460671101,11,96
2026-27,mlax,Heartland Collegiate Athletic Conference (HCAC),hcac,Alfred St.,Brady Nugent,Brady,Nugent,,30170,Brady Nugent,"NUGENT,BRADY",NUGENTBRADYALFRED S,16,16,,,Alfred St.,ALFRED S,1447-3017,0,0,0,0,0,0,3,0,0,0,0,0,0,0,0,0,0,5,3,0,0,1,4,95,0,28,39,960:00,0,5,1.000,,,,,,,,,,,,,,,11,16,0,11,6,5,.688,0.69,,,,,,7.55684303546718,12,96
2026-27,mlax,Heartland Collegiate Athletic Conference (HCAC),hcac,Hanover,"Langridge, Mack",Mack,Langridge,,1115,"Langridge, Mack","LANGRIDGE,MACK",LANGRIDGEMACKHAN,15,1,,,Hanover,HAN,1035-2828,0,0,0,0,0,1,7,0,5,0,0,0,0,0,0,0,0,4,4,0,0,0,1,17,0,26,7,60:00,0,1,1.000,,,,,,,,,,,,,,,67,100,0,43,14,29,.670,2.87,,,,,,7.181598270852328,13,95
2026-27,mlax,Heartland Collegiate Athletic Conference (HCAC),hcac,Alfred St.,Griffin Doan,Griffin,Doan,,30170,Griffin Doan,"DOAN,GRIFFIN",DOANGRIFFINALFRED S,11,11,,,Alfred St.,ALFRED S,1447-3007,0,0,0,0,0,0,10,0,5,1,0,0,0,0,0,0,0,3,6,0,0,0,0,41,0,33,6,660:00,0,0,1.000,,,,,,,,,,,,,,,56,89,0,39,12,27,.629,3.55,,,,,,7.083106136006616,14,95
2026-27,mlax,Heartland Collegiate Athletic Conference (HCAC),hcac,Earlham,Robbie Gift,Robbie,Gift,,195,Robbie Gift,"GIFT,ROBBIE",GIFTROBBIEEARLHAM,13,13,,,Earlham,EARLHAM,1215-1642,0,0,0,0,0,1,7,0,4,0,0,0,0,0,0,0,0,2,2,0,0,0,0,20,0,23,9,779:00,28,0,1.000,,,,,,,,,,,,,,,48,73,0,38,17,21,.658,2.92,,,,,,6.82879116560506,15,94
2026-27,mlax,Heartland Collegiate Athletic Conference (HCAC),hcac,Transylvania,Aven Blair,Aven,Blair,,28749,Aven Blair,"BLAIR,AVEN",BLAIRAVENTRANSYLV,17,4,,,Transylvania,TRANSYLV,1039-3203,0,0,0,0,0,0,4,1,0,0,0,0,0,0,0,0,0,0,1,0,0,0,0,75,0,12,11,240:00,0,0,1.000,,,,,,,,,,,,,,,19,27,0,17,8,9,.704,1.00,,,,,,4.679742474834525,16,94
2026-27,mlax,Heartland Collegiate Athletic Conference (HCAC),hcac,Hanover,"Henderson, Dean",Dean,Henderson,,1115,"Henderson, Dean","HENDERSON,DEAN",HENDERSONDEANHAN,15,15,,,Hanover,HAN,1035-2615,0,0,0,0,0,1,9,2,2,2,0,0,0,0,0,0,0,0,1,0,0,0,0,14,0,28,6,896:00,50,0,1.000,,,,,,,,,,,,,,,52,72,0,32,9,23,.722,2.13,,,,,,4.624032647144159,17,94
2026-27,mlax,Heartland Collegiate Athletic Conference (HCAC),hcac,Spalding,Xzayvyon Isom,Xzayvyon,Isom,,23260,Xzayvyon Isom,"ISOM,XZAYVYON",ISOMXZAYVYONSPALDING,15,14,,,Spalding,SPALDING,926-1246,0,0,0,0,0,0,3,0,1,0,0,0,0,0,0,0,0,1,6,0,0,1,0,46,0,26,8,843:00,47,1,1.000,,,,,,,,,,,,,,,41,61,0,23,9,14,.672,1.53,,,,,,4.408974086628615,18,94
2026-27,mlax,Heartland Collegiate Athletic Conference (HCAC),hcac,Spalding,Giovanni Distasio,Giovanni,Distasio,,23260,Giovanni Distasio,"DISTASIO,GIOVANNI",DISTASIOGIOVANNISPALDING,15,14,,,Spalding,SPALDING,926-1482,0,0,0,0,0,1,21,1,1,1,0,0,0,0,0,0,2,1,5,0,0,1,0,13,0,21,4,840:00,30,1,1.000,,,,,,,,,,,,,,,66,111,0,32,5,27,.595,2.13,,,,,,4.077921301163004,19,93
2026-27,mlax,Heartland Collegiate Athletic Conference (HCAC),hcac,Transylvania,Josh Harney,Josh,Harney,,28749,Josh Harney,"HARNEY,JOSH",HARNEYJOSHTRANSYLV,14,9,,,Transylvania,TRANSYLV,1039-2834,0,0,0,0,0,1,4,1,2,0,0,0,0,0,0,0,0,1,0,0,0,0,0,10,0,9,0,548:00,0,0,1.000,,,,,,,,,,,,,,,31,62,0,31,12,19,.500,2.21,,,,,,3.77730117765294,20,93
2026-27,mlax,Heartland Collegiate Athletic Conference (HCAC),hcac,Hanover,"Hetrick, Gabe",Gabe,Hetrick,,1115,"Hetrick, Gabe","HETRICK,GABE",HETRICKGABEHAN,15,13,,,Hanover,HAN,1035-2360,0,0,0,0,0,0,8,0,0,0,0,0,0,0,0,0,0,2,1,0,0,0,1,39,0,22,12,780:00,39,1,1.000,,,,,,,,,,,,,,,42,65,0,18,4,14,.646,1.20,,,,,,3.3914271479434612,21,93
2026-27,mlax,Heartland Collegiate Athletic Conference (HCAC),hcac,Alfred St.,Mike Coburn,Mike,Coburn,,30170,Mike Coburn,"COBURN,MIKE",COBURNMIKEALFRED S,16,9,,,Alfred St.,ALFRED S,1447-3013,0,0,0,0,0,0,3,0,3,0,0,0,0,0,0,0,0,5,2,0,0,0,0,36,0,35,8,540:00,0,0,1.000,,,,,,,,,,,,,,,23,43,0,19,7,12,.535,1.19,,,,,,3.1836608400988666,22,92
2026-27,mlax,Heartland Collegiate Athletic Conference (HCAC),hcac,Hilbert,Eric Capling,Eric,Capling,,8398,Eric Capling,"CAPLING,ERIC",CAPLINGERICHILBERT,9,9,,,Hilbert,HILBERT,625-1834,0,0,0,0,0,0,13,0,1,0,0,0,0,0,0,0,0,2,2,0,0,0,1,28,0,29,7,540:00,0,1,1.000,,,,,,,,,,,,,,,29,55,0,21,7,14,.527,2.33,,,,,,3.1321023078293377,23,92
2026-27,mlax,Heartland Collegiate Athletic Conference (HCAC),hcac,Alfred St.,Matthew Burris,Matthew,Burris,,30170,Matthew Burris,"BURRIS,MATTHEW",BURRISMATTHEWALFRED S,13,11,,,Alfred St.,ALFRED S,1447-2441,0,0,0,0,0,0,0,0,0,0,0,0,0,0,0,0,1,2,0,0,0,0,0,92,0,51,10,600:00,0,0,1.000,13,660:29,147,170,0,5,6,0,2,1,0,492,13.35,.536,0,0,0,1,1,0,.000,0.08,,,,,,2.7642699020571855,24,92
2026-27,mlax,Heartland Collegiate Athletic Conference (HCAC),hcac,Earlham,Ivan Pineda,Ivan,Pineda,,195,Ivan Pineda,"PINEDA,IVAN",PINEDAIVANEARLHAM,12,8,,,Earlham,EARLHAM,1215-2005,0,0,0,0,0,1,8,0,3,0,0,0,0,0,0,0,0,1,2,0,0,0,2,15,0,35,3,480:00,0,2,1.000,,,,,,,,,,,,,,,59,100,0,24,6,18,.590,2.00,,,,,,2.650434227454873,25,91
2026-27,mlax,Heartland Collegiate Athletic Conference (HCAC),hcac,Hilbert,Ty Franko,Ty,Franko,,8398,Ty Franko,"FRANKO,TY",FRANKOTYHILBERT,9,7,,,Hilbert,HILBERT,625-1669,0,0,0,0,0,1,7,0,1,0,0,0,0,0,0,0,0,3,1,0,0,0,0,20,0,24,7,420:00,0,0,1.000,,,,,,,,,,,,,,,21,36,0,19,8,11,.583,2.11,,,,,,2.5439890135065566,26,91
2026-27,mlax,Heartland Collegiate Athletic Conference (HCAC),hcac,Spalding,Jontae Johnson,Jontae,Johnson,,23260,Jontae Johnson,"JOHNSON,JONTAE",JOHNSONJONTAESPALDING,15,11,,,Spalding,SPALDING,926-1484,0,0,0,0,0,0,3,0,0,0,0,0,0,0,0,0,0,6,5,0,0,1,2,12,0,34,4,661:00,20,3,1.000,,,,,,,,,,,,,,,22,35,0,20,10,10,.629,1.33,,,,,,2.2057077970440617,27,91
2026-27,mlax,Heartland Collegiate Athletic Conference (HCAC),hcac,Alfred St.,Ryan Batson,Ryan,Batson,,30170,Ryan Batson,"BATSON,RYAN",BATSONRYANALFRED S,16,8,,,Alfred St.,ALFRED S,1447-742,0,0,0,0,0,0,4,0,0,1,0,0,0,0,0,0,0,1,0,0,0,0,0,54,0,18,8,480:00,0,0,1.000,,,,,,,,,,,,,,,25,34,0,12,1,11,.735,0.75,,,,,,2.1731324900143916,28,91
2026-27,mlax,Heartland Collegiate Athletic Conference (HCAC),hcac,Hilbert,Kristopher Newman,Kristopher,Newman,,8398,Kristopher Newman,"NEWMAN,KRISTOPHER",NEWMANKRISTOPHERHILBERT,9,2,,,Hilbert,HILBERT,625-1530,0,0,0,0,0,1,14,0,1,1,0,0,0,0,0,0,0,0,2,0,0,3,7,11,0,11,2,120:00,0,10,1.000,,,,,,,,,,,,,,,41,59,0,24,2,22,.695,2.67,,,,,,2.114444093195232,29,90
2026-27,mlax,Heartland Collegiate Athletic Conference (HCAC),hcac,Hanover,"Hughes, Leonard",Leonard,Hughes,,1115,"Hughes, Leonard","HUGHES,LEONARD",HUGHESLEONARDHAN,14,14,,,Hanover,HAN,1035-2616,0,0,0,0,0,0,0,0,0,0,0,0,0,0,0,0,1,2,2,0,0,3,2,52,0,18,20,836:00,50,5,1.000,,,,,,,,,,,,,,,2,4,0,3,3,0,.500,0.21,,,,,,2.047153816836551,30,90
2026-27,mlax,Heartland Collegiate Athletic Conference (HCAC),hcac,Transylvania,Samuel Archer,Samuel,Archer,,28749,Samuel Archer,"ARCHER,SAMUEL",ARCHERSAMUELTRANSYLV,17,5,,,Transylvania,TRANSYLV,1039-2585,0,0,0,0,0,0,9,0,3,0,0,0,0,0,0,0,0,0,0,0,0,0,0,14,0,12,5,300:00,0,0,1.000,,,,,,,,,,,,,,,42,72,0,20,4,16,.583,1.18,,,,,,1.995496786661161,31,90
2026-27,mlax,Heartland Collegiate Athletic Conference (HCAC),hcac,Spalding,Daniel Curran,Daniel,Curran,,23260,Daniel Curran,"CURRAN,DANIEL",CURRANDANIELSPALDING,15,11,,,Spalding,SPALDING,926-1485,0,0,0,0,1,0,2,0,3,1,0,0,0,0,0,0,0,0,0,0,0,0,0,14,0,29,5,659:00,10,0,1.000,,,,,,,,,,,,,,,24,43,0,17,10,7,.558,1.13,,,,,,1.8562160631629592,32,89
2026-27,mlax,Heartland Collegiate Athletic Conference (HCAC),hcac,Earlham,Khalime Truell,Khalime,Truell,,195,Khalime Truell,"TRUELL,KHALIME",TRUELLKHALIMEEARLHAM,12,7,,,Earlham,EARLHAM,1215-1901,0,0,0,0,0,0,6,0,2,0,0,0,0,0,0,0,1,4,2,0,0,0,0,27,0,31,10,423:00,17,0,1.000,,,,,,,,,,,,,,,21,57,0,13,4,9,.368,1.08,,,,,,1.8060400995816797,33,89
2026-27,mlax,Heartland Collegiate Athletic Conference (HCAC),hcac,Alfred St.,Joseph Pritchard,Joseph,Pritchard,,30170,Joseph Pritchard,"PRITCHARD,JOSEPH",PRITCHARDJOSEPHALFRED S,13,2,,,Alfred St.,ALFRED S,1447-3319,0,0,0,0,0,1,1,0,0,0,0,0,0,0,0,0,0,3,0,0,0,0,0,19,0,20,4,120:00,0,0,1.000,,,,,,,,,,,,,,,17,28,0,17,7,10,.607,1.31,,,,,,1.7175909609794702,34,89
2026-27,mlax,Heartland Collegiate Athletic Conference (HCAC),hcac,Spalding,Eli Teater,Eli,Teater,,23260,Eli Teater,"TEATER,ELI",TEATERELISPALDING,15,1,,,Spalding,SPALDING,926-1253,0,0,0,0,0,0,1,0,0,0,0,0,0,0,0,0,0,1,1,0,0,184,185,97,0,20,2,60:00,0,369,1.000,,,,,,,,,,,,,,,4,5,0,4,3,1,.800,0.27,,,,,,1.7158888897069164,35,88
2026-27,mlax,Heartland Collegiate Athletic Conference (HCAC),hcac,Earlham,Liam McGlynn,Liam,McGlynn,,195,Liam McGlynn,"MCGLYNN,LIAM",MCGLYNNLIAMEARLHAM,13,13,,,Earlham,EARLHAM,1215-1909,0,0,0,0,0,0,0,0,0,0,0,0,0,0,0,0,0,3,0,0,0,7,24,40,0,11,24,779:00,28,31,1.000,,,,,,,,,,,,,,,3,11,0,1,1,0,.273,0.08,,,,,,1.5910748318550558,36,88
2026-27,mlax,Heartland Collegiate Athletic Conference (HCAC),hcac,Alfred St.,Richard Andres,Richard,Andres,,30170,Richard Andres,"ANDRES,RICHARD",ANDRESRICHARDALFRED S,15,3,,,Alfred St.,ALFRED S,1447-3303,0,0,0,0,0,0,1,0,0,0,0,0,0,0,0,0,0,0,2,0,0,36,79,34,0,16,6,180:00,0,115,1.000,,,,,,,,,,,,,,,22,35,0,11,8,3,.629,0.73,,,,,,1.4893236429324852,37,88
2026-27,mlax,Heartland Collegiate Athletic Conference (HCAC),hcac,Transylvania,Ben Gaccino,Ben,Gaccino,,28749,Ben Gaccino,"GACCINO,BEN",GACCINOBENTRANSYLV,17,13,,,Transylvania,TRANSYLV,1039-2833,0,0,0,0,0,0,4,0,1,0,0,0,0,0,0,0,0,0,2,0,0,0,0,7,0,7,4,788:00,0,0,1.000,,,,,,,,,,,,,,,33,56,0,17,8,9,.589,1.00,,,,,,1.3447692578454113,38,88
2026-27,mlax,Heartland Collegiate Athletic Conference (HCAC),hcac,Earlham,Saxon Coleman,Saxon,Coleman,,195,Saxon Coleman,"COLEMAN,SAXON",COLEMANSAXONEARLHAM,13,13,,,Earlham,EARLHAM,1215-2006,0,0,0,0,0,0,2,0,0,0,0,0,0,0,0,0,0,5,1,0,0,105,118,72,0,30,11,779:00,28,223,1.000,,,,,,,,,,,,,,,9,18,0,2,0,2,.500,0.15,,,,,,1.3164820782717142,39,87
2026-27,mlax,Heartland Collegiate Athletic Conference (HCAC),hcac,Earlham,Giovanni Randazzo,Giovanni,Randazzo,,195,Giovanni Randazzo,"RANDAZZO,GIOVANNI",RANDAZZOGIOVANNIEARLHAM,13,12,,,Earlham,EARLHAM,1215-1902,0,0,0,0,0,1,5,0,1,1,0,0,0,0,0,0,0,0,5,0,0,0,0,22,0,29,10,719:00,28,0,1.000,,,,,,,,,,,,,,,25,43,0,12,2,10,.581,0.92,,,,,,1.3070953868498871,40,87
2026-27,mlax,Heartland Collegiate Athletic Conference (HCAC),hcac,Earlham,Ryan Polack,Ryan,Polack,,195,Ryan Polack,"POLACK,RYAN",POLACKRYANEARLHAM,13,8,,,Earlham,EARLHAM,1215-1641,0,0,0,0,0,0,7,0,0,0,0,0,0,0,0,0,0,3,0,0,0,2,8,19,0,35,5,476:00,11,10,1.000,1,6:27,0,0,0,0,0,0,0,0,0,0,.00,.000,23,37,0,16,8,8,.622,1.23,,,,,,1.2461681915127123,41,87
2026-27,mlax,Heartland Collegiate Athletic Conference (HCAC),hcac,Transylvania,Jack McKiernan,Jack,McKiernan,,28749,Jack McKiernan,"MCKIERNAN,JACK",MCKIERNANJACKTRANSYLV,17,1,,,Transylvania,TRANSYLV,1039-2840,0,0,0,0,0,0,2,0,0,1,0,0,0,0,0,0,0,0,2,0,0,0,0,10,0,10,1,60:00,0,0,1.000,,,,,,,,,,,,,,,21,29,0,17,9,8,.724,1.00,,,,,,1.1616372724640125,42,86
2026-27,mlax,Heartland Collegiate Athletic Conference (HCAC),hcac,Transylvania,Andrew Mazy,Andrew,Mazy,,28749,Andrew Mazy,"MAZY,ANDREW",MAZYANDREWTRANSYLV,16,0,,,Transylvania,TRANSYLV,1039-3204,0,0,0,0,0,0,2,1,0,0,0,0,0,0,0,0,0,0,0,0,0,0,0,4,0,5,1,00:00,0,0,1.000,,,,,,,,,,,,,,,22,37,0,18,6,12,.595,1.13,,,,,,0.9207258246791961,43,86
2026-27,mlax,Heartland Collegiate Athletic Conference (HCAC),hcac,Transylvania,Nick DeGrandi,Nick,DeGrandi,,28749,Nick DeGrandi,"DEGRANDI,NICK",DEGRANDINICKTRANSYLV,17,15,,,Transylvania,TRANSYLV,1039-3044,0,0,0,0,0,0,0,0,0,0,0,0,0,0,0,0,0,0,0,0,0,0,0,28,0,7,6,903:00,7,0,1.000,17,804:05,115,158,0,6,4,0,2,0,0,461,8.58,.579,1,4,0,2,2,0,.250,0.12,,,,,,0.8043848879636755,44,86
2026-27,mlax,Heartland Collegiate Athletic Conference (HCAC),hcac,Hilbert,Jonathan Roustum,Jonathan,Roustum,,8398,Jonathan Roustum,"ROUSTUM,JONATHAN",ROUSTUMJONATHANHILBERT,9,9,,,Hilbert,HILBERT,625-1681,0,0,0,0,0,1,1,0,0,0,0,0,0,0,0,0,0,3,0,0,0,0,0,40,0,15,18,540:00,0,0,1.000,,,,,,,,,,,,,,,1,3,0,1,0,1,.333,0.11,,,,,,0.8029025000740132,45,86
2026-27,mlax,Heartland Collegiate Athletic Conference (HCAC),hcac,Earlham,Cape McAlhaney,Cape,McAlhaney,,195,Cape McAlhaney,"MCALHANEY,CAPE",MCALHANEYCAPEEARLHAM,13,2,,,Earlham,EARLHAM,1215-1904,0,0,0,0,0,0,1,0,3,0,0,0,0,0,0,0,0,0,0,0,0,0,1,24,0,23,3,116:00,11,1,1.000,,,,,,,,,,,,,,,22,32,0,11,5,6,.688,0.85,,,,,,0.5602693820957566,46,85
2026-27,mlax,Heartland Collegiate Athletic Conference (HCAC),hcac,Transylvania,Jaxon Eldridge,Jaxon,Eldridge,,28749,Jaxon Eldridge,"ELDRIDGE,JAXON",ELDRIDGEJAXONTRANSYLV,17,0,,,Transylvania,TRANSYLV,1039-2830,0,0,0,0,0,0,6,0,0,0,0,0,0,0,0,0,0,0,1,0,0,0,0,10,0,5,2,00:00,0,0,1.000,,,,,,,,,,,,,,,17,28,0,14,5,9,.607,0.82,,,,,,0.46965441014245274,47,85
2026-27,mlax,Heartland Collegiate Athletic Conference (HCAC),hcac,Alfred St.,Cameron Chase,Cameron,Chase,,30170,Cameron Chase,"CHASE,CAMERON",CHASECAMERONALFRED S,14,0,,,Alfred St.,ALFRED S,1447-3325,0,0,0,0,0,0,0,0,0,0,0,0,0,0,0,0,0,1,0,0,0,0,0,12,0,5,2,00:00,0,0,1.000,,,,,,,,,,,,,,,6,7,0,12,9,3,.857,0.86,,,,,,0.4501517121160526,48,85
2026-27,mlax,Heartland Collegiate Athletic Conference (HCAC),hcac,Hanover,"Adams, Josh",Josh,Adams,,1115,"Adams, Josh","ADAMS,JOSH",ADAMSJOSHHAN,15,15,,,Hanover,HAN,1035-2167,0,0,0,0,0,0,0,0,0,0,0,0,0,0,0,0,0,5,4,0,0,0,0,38,0,29,17,896:00,50,0,1.000,,,,,,,,,,,,,,,2,2,0,0,0,0,1.000,0.00,,,,,,0.42840658102140083,49,84
2026-27,mlax,Heartland Collegiate Athletic Conference (HCAC),hcac,Transylvania,Noah Siler,Noah,Siler,,28749,Noah Siler,"SILER,NOAH",SILERNOAHTRANSYLV,15,0,,,Transylvania,TRANSYLV,1039-3208,0,0,0,0,0,0,3,0,0,0,0,0,0,0,0,0,0,0,1,0,0,0,0,13,0,6,4,00:00,0,0,1.000,,,,,,,,,,,,,,,14,22,0,11,7,4,.636,0.73,,,,,,0.4115561286616949,50,84
2026-27,mlax,Heartland Collegiate Athletic Conference (HCAC),hcac,Hanover,"Powell-Smith, Kane",Kane,Powell-Smith,,1115,"Powell-Smith, Kane","POWELLSMITH,KANE",POWELLSMITHKANEHAN,14,0,,,Hanover,HAN,1035-2839,0,0,0,0,0,0,3,0,0,0,0,0,0,0,0,0,0,10,6,0,0,35,60,27,0,17,7,00:00,0,95,1.000,,,,,,,,,,,,,,,6,14,0,7,3,4,.429,0.50,,,,,,0.2923299529404122,51,84
2026-27,mlax,Heartland Collegiate Athletic Conference (HCAC),hcac,Transylvania,Caleb Kern,Caleb,Kern,,28749,Caleb Kern,"KERN,CALEB",KERNCALEBTRANSYLV,17,13,,,Transylvania,TRANSYLV,1039-3215,0,0,0,0,0,0,1,0,0,0,0,0,0,0,0,0,0,3,2,0,0,0,0,29,0,10,21,788:00,0,0,1.000,0,00:00,0,0,0,0,1,0,0,0,0,0,.00,.000,5,8,0,1,0,1,.625,0.06,,,,,,0.2820562704856959,52,83
2026-27,mlax,Heartland Collegiate Athletic Conference (HCAC),hcac,Alfred St.,Kevin Bell,Kevin,Bell,,30170,Kevin Bell,"BELL,KEVIN",BELLKEVINALFRED S,0,0,,,Alfred St.,ALFRED S,0,,,,,,,,,,,,,,,,,,,,,,,,,,,,,,,,,,,,,,,,,,,,,,,,,,,,,0,,,,,,0.0,53,83
2026-27,mlax,Heartland Collegiate Athletic Conference (HCAC),hcac,Alfred St.,Logan McGuire,Logan,McGuire,,30170,Logan McGuire,"MCGUIRE,LOGAN",MCGUIRELOGANALFRED S,0,0,,,Alfred St.,ALFRED S,1447-3088,,,,,,,,,,,,,,,,,,,,,,,,,,,,,,,,,,,,,,,,,,,,,,,,,,,,,0,,,,,,0.0,54,83
2026-27,mlax,Heartland Collegiate Athletic Conference (HCAC),hcac,Alfred St.,Sidney Webster,Sidney,Webster,,30170,Sidney Webster,"WEBSTER,SIDNEY",WEBSTERSIDNEYALFRED S,0,0,,,Alfred St.,ALFRED S,1447-3329,,,,,,,,,,,,,,,,,,,,,,,,,,,,,,,,,,,,,,,,,,,,,,,,,,,,,0,,,,,,0.0,55,83
2026-27,mlax,Heartland Collegiate Athletic Conference (HCAC),hcac,La Roche,Stephan Mescan,Stephan,Mescan,,1163,Stephan Mescan,"MESCAN,STEPHAN",MESCANSTEPHANLA ROCHE,9,9,,,La Roche,LA ROCHE,0,0,0,0,0,0,0,3,0,1,0,0,0,0,0,0,0,0,3,1,0,0,0,0,21,0,17,10,540:00,0,0,1.000,,,,,,,,,,,,,,,6,15,0,5,1,4,.400,0.56,,,,,,-0.06384356730399521,56,82
2026-27,mlax,Heartland Collegiate Athletic Conference (HCAC),hcac,Hilbert,Nathaniel Dell,Nathaniel,Dell,,8398,Nathaniel Dell,"DELL,NATHANIEL",DELLNATHANIELHILBERT,9,2,,,Hilbert,HILBERT,625-1543,0,0,0,0,0,0,3,0,0,0,0,0,0,0,0,0,0,0,0,0,0,0,0,10,0,25,0,120:00,0,0,1.000,,,,,,,,,,,,,,,13,18,0,12,5,7,.722,1.33,,,,,,-0.13263519268463636,57,82
2026-27,mlax,Heartland Collegiate Athletic Conference (HCAC),hcac,Hilbert,Aidan Franko,Aidan,Franko,,8398,Aidan Franko,"FRANKO,AIDAN",FRANKOAIDANHILBERT,9,9,,,Hilbert,HILBERT,625-1538,0,0,0,0,0,0,5,0,2,2,0,0,0,0,0,0,0,0,1,0,0,0,0,16,0,21,3,540:00,0,0,1.000,,,,,,,,,,,,,,,19,39,0,10,1,9,.487,1.11,,,,,,-0.18327201249533226,58,82
2026-27,mlax,Heartland Collegiate Athletic Conference (HCAC),hcac,Alfred St.,Landon Davis,Landon,Davis,,30170,Landon Davis,"DAVIS,LANDON",DAVISLANDONALFRED S,16,16,,,Alfred St.,ALFRED S,1447-3327,0,0,0,0,0,0,0,0,0,0,0,0,0,0,0,0,0,1,4,0,0,0,0,30,0,13,14,960:00,0,0,1.000,,,,,,,,,,,,,,,0,0,0,0,0,0,.000,0.00,,,,,,-0.2254415540752177,59,81
2026-27,mlax,Heartland Collegiate Athletic Conference (HCAC),hcac,Transylvania,Maverick Shultz,Maverick,Shultz,,28749,Maverick Shultz,"SHULTZ,MAVERICK",SHULTZMAVERICKTRANSYLV,17,6,,,Transylvania,TRANSYLV,1039-3214,0,0,0,0,0,1,1,0,0,1,0,0,0,0,0,0,1,3,2,0,0,0,0,22,0,4,11,360:00,0,0,1.000,,,,,,,,,,,,,,,7,8,0,3,1,2,.875,0.18,,,,,,-0.26901394677120294,60,81
2026-27,mlax,Heartland Collegiate Athletic Conference (HCAC),hcac,Spalding,Balin Luebbert,Balin,Luebbert,,23260,Balin Luebbert,"LUEBBERT,BALIN",LUEBBERTBALINSPALDING,15,13,,,Spalding,SPALDING,926-1481,0,0,0,0,0,0,2,0,2,0,0,0,0,0,0,0,0,0,0,0,0,10,52,5,0,19,2,780:00,30,62,1.000,,,,,,,,,,,,,,,21,35,0,11,4,7,.600,0.73,,,,,,-0.3239991263558498,61,81
2026-27,mlax,Heartland Collegiate Athletic Conference (HCAC),hcac,Earlham,Izreal Santisteban,Izreal,Santisteban,,195,Izreal Santisteban,"SANTISTEBAN,IZREAL",SANTISTEBANIZREALEARLHAM,13,7,,,Earlham,EARLHAM,1215-1903,0,0,0,0,0,0,0,0,0,0,0,0,0,0,0,0,0,0,1,0,0,0,0,21,0,28,11,423:00,17,0,1.000,,,,,,,,,,,,,,,18,22,0,3,0,3,.818,0.23,,,,,,-0.37297450829108425,62,80
2026-27,mlax,Heartland Collegiate Athletic Conference (HCAC),hcac,La Roche,Goran Miloradovic,Goran,Miloradovic,,1163,Goran Miloradovic,"MILORADOVIC,GORAN",MILORADOVICGORANLA ROCHE,9,9,,,La Roche,LA ROCHE,0,0,0,0,0,0,1,1,0,1,0,0,0,0,0,0,0,0,0,1,0,0,1,0,24,0,27,6,540:00,0,1,1.000,,,,,,,,,,,,,,,14,50,0,5,1,4,.280,0.56,,,,,,-0.4344084435658574,63,80
2026-27,mlax,Heartland Collegiate Athletic Conference (HCAC),hcac,Transylvania,Sam Neff,Sam,Neff,,28749,Sam Neff,"NEFF,SAM",NEFFSAMTRANSYLV,17,17,,,Transylvania,TRANSYLV,1039-3049,0,0,0,0,0,0,0,0,0,0,0,0,0,0,0,0,1,4,1,0,0,0,1,33,0,8,11,1028:00,0,1,1.000,,,,,,,,,,,,,,,0,0,0,0,0,0,.000,0.00,,,,,,-0.4758585421569639,64,80
2026-27,mlax,Heartland Collegiate Athletic Conference (HCAC),hcac,Transylvania,Camble Rosenbaum,Camble,Rosenbaum,,28749,Camble Rosenbaum,"ROSENBAUM,CAMBLE",ROSENBAUMCAMBLETRANSYLV,17,0,,,Transylvania,TRANSYLV,1039-2842,0,0,0,0,0,0,2,0,0,0,0,0,0,0,0,0,0,1,1,0,0,0,0,31,0,7,7,00:00,0,0,1.000,,,,,,,,,,,,,,,6,11,0,3,0,3,.545,0.18,,,,,,-0.48681047281620937,65,80
2026-27,mlax,Heartland Collegiate Athletic Conference (HCAC),hcac,Earlham,Elijah Adamson,Elijah,Adamson,,195,Elijah Adamson,"ADAMSON,ELIJAH",ADAMSONELIJAHEARLHAM,4,4,,,Earlham,EARLHAM,1215-1622,0,0,0,0,0,0,0,0,0,0,0,0,0,0,0,0,1,1,0,0,0,0,0,16,0,13,16,240:00,0,0,1.000,,,,,,,,,,,,,,,0,1,0,0,0,0,.000,0.00,,,,,,-0.49860360118846003,66,79
2026-27,mlax,Heartland Collegiate Athletic Conference (HCAC),hcac,Alfred St.,Ryan Vacanti,Ryan,Vacanti,,30170,Ryan Vacanti,"VACANTI,RYAN",VACANTIRYANALFRED S,14,14,,,Alfred St.,ALFRED S,1447-3323,0,0,0,0,0,0,0,0,0,0,0,0,0,0,0,0,0,6,1,0,0,0,0,24,0,9,11,840:00,0,0,1.000,,,,,,,,,,,,,,,0,0,0,1,1,0,.000,0.07,,,,,,-0.5576566555989926,67,79
2026-27,mlax,Heartland Collegiate Athletic Conference (HCAC),hcac,Alfred St.,Luca Campanelli,Luca,Campanelli,,30170,Luca Campanelli,"CAMPANELLI,LUCA",CAMPANELLILUCAALFRED S,14,13,,,Alfred St.,ALFRED S,1447-2442,0,0,0,0,0,0,2,0,0,0,0,0,0,0,0,0,0,4,0,0,0,100,159,37,0,10,3,780:00,0,259,1.000,,,,,,,,,,,,,,,6,7,0,4,0,4,.857,0.29,,,,,,-0.566351759386041,68,79
2026-27,mlax,Heartland Collegiate Athletic Conference (HCAC),hcac,Hilbert,David Bolin,David,Bolin,,8398,David Bolin,"BOLIN,DAVID",BOLINDAVIDHILBERT,9,8,,,Hilbert,HILBERT,625-1525,0,0,0,0,0,0,0,0,0,0,0,0,0,0,0,0,0,5,1,0,0,0,0,36,0,26,7,480:00,0,0,1.000,,,,,,,,,,,,,,,0,2,0,1,1,0,.000,0.11,,,,,,-0.5981415024850499,69,78
2026-27,mlax,Heartland Collegiate Athletic Conference (HCAC),hcac,Hanover,"Bishop, Chris",Chris,Bishop,,1115,"Bishop, Chris","BISHOP,CHRIS",BISHOPCHRISHAN,15,15,,,Hanover,HAN,1035-2620,0,0,0,0,0,0,0,0,0,0,0,0,0,0,0,0,0,2,0,0,0,8,21,19,0,8,12,896:00,50,29,1.000,,,,,,,,,,,,,,,1,2,0,1,1,0,.500,0.07,,,,,,-0.6208865615165456,70,78
2026-27,mlax,Heartland Collegiate Athletic Conference (HCAC),hcac,Alfred St.,Ryan Snyder,Ryan,Snyder,,30170,Ryan Snyder,"SNYDER,RYAN",SNYDERRYANALFRED S,6,4,,,Alfred St.,ALFRED S,1447-2454,0,0,0,0,0,0,0,0,0,0,0,0,0,0,0,0,0,2,3,0,0,0,0,19,0,9,14,240:00,0,0,1.000,,,,,,,,,,,,,,,0,1,0,0,0,0,.000,0.00,,,,,,-0.6288727010900901,71,78
2026-27,mlax,Heartland Collegiate Athletic Conference (HCAC),hcac,Transylvania,Braden Antle,Braden,Antle,,28749,Braden Antle,"ANTLE,BRADEN",ANTLEBRADENTRANSYLV,17,5,,,Transylvania,TRANSYLV,1039-3207,0,0,0,0,0,0,2,0,0,0,0,0,0,0,0,0,0,0,2,0,0,162,75,48,0,2,0,300:00,0,237,1.000,,,,,,,,,,,,,,,6,12,0,3,1,2,.500,0.18,,,,,,-0.6370761874445977,72,78
2026-27,mlax,Heartland Collegiate Athletic Conference (HCAC),hcac,Earlham,Ryan Dolafi,Ryan,Dolafi,,195,Ryan Dolafi,"DOLAFI,RYAN",DOLAFIRYANEARLHAM,13,13,,,Earlham,EARLHAM,1215-1906,0,0,0,0,0,0,0,0,0,0,0,0,0,0,0,0,0,1,1,0,0,0,0,25,0,21,0,779:00,28,0,1.000,13,672:16,147,174,0,1,12,0,0,0,0,545,13.12,.542,2,3,0,2,1,1,.667,0.15,,,,,,-0.6374742442107637,73,77
2026-27,mlax,Heartland Collegiate Athletic Conference (HCAC),hcac,Transylvania,Dom Tsourkas,Dom,Tsourkas,,28749,Dom Tsourkas,"TSOURKAS,DOM",TSOURKASDOMTRANSYLV,15,12,,,Transylvania,TRANSYLV,1039-2848,0,0,0,0,0,0,0,0,0,0,0,0,0,0,0,0,0,1,2,0,0,0,0,18,0,5,14,728:00,0,0,1.000,,,,,,,,,,,,,,,0,1,0,0,0,0,.000,0.00,,,,,,-0.6655482599096241,74,77
2026-27,mlax,Heartland Collegiate Athletic Conference (HCAC),hcac,Spalding,John Kelly,John,Kelly,,23260,John Kelly,"KELLY,JOHN",KELLYJOHNSPALDING,15,15,,,Spalding,SPALDING,926-1242,0,0,0,0,0,0,0,0,0,0,0,0,0,0,0,0,0,0,0,0,0,0,1,28,0,24,5,903:00,47,1,1.000,15,754:37,230,233,0,3,12,0,0,0,0,687,18.29,.503,0,0,0,0,0,0,.000,0.00,,,,,,-0.6697406757049291,75,77
2026-27,mlax,Heartland Collegiate Athletic Conference (HCAC),hcac,La Roche,Moses Andrawes,Moses,Andrawes,,1163,Moses Andrawes,"ANDRAWES,MOSES",ANDRAWESMOSESLA ROCHE,9,9,,,La Roche,LA ROCHE,0,0,0,0,0,0,0,0,0,0,0,0,0,0,0,0,0,0,3,0,0,0,0,1,21,0,27,13,540:00,0,1,1.000,,,,,,,,,,,,,,,2,2,0,0,0,0,1.000,0.00,,,,,,-0.6756694716311386,76,76
2026-27,mlax,Heartland Collegiate Athletic Conference (HCAC),hcac,Transylvania,Alex Vennari,Alex,Vennari,,28749,Alex Vennari,"VENNARI,ALEX",VENNARIALEXTRANSYLV,13,0,,,Transylvania,TRANSYLV,1039-3205,0,0,0,0,0,0,5,0,0,0,0,0,0,0,0,0,0,0,1,0,0,0,0,12,0,3,5,00:00,0,0,1.000,,,,,,,,,,,,,,,11,13,0,6,0,6,.846,0.46,,,,,,-0.880951127047298,77,76
2026-27,mlax,Heartland Collegiate Athletic Conference (HCAC),hcac,Hilbert,Davon Dyson,Davon,Dyson,,8398,Davon Dyson,"DYSON,DAVON",DYSONDAVONHILBERT,8,7,,,Hilbert,HILBERT,625-1719,0,0,0,0,0,0,0,0,0,0,0,0,0,0,0,0,0,1,0,0,0,0,0,18,0,11,12,420:00,0,0,1.000,,,,,,,,,,,,,,,0,0,0,0,0,0,.000,0.00,,,,,,-0.9058440362698558,78,76
2026-27,mlax,Heartland Collegiate Athletic Conference (HCAC),hcac,Transylvania,Zack Carrico,Zack,Carrico,,28749,Zack Carrico,"CARRICO,ZACK",CARRICOZACKTRANSYLV,12,1,,,Transylvania,TRANSYLV,1039-3212,0,0,0,0,0,0,0,0,0,0,0,0,0,0,0,0,0,0,0,0,0,0,0,2,0,0,0,64:00,53,0,1.000,6,107:32,2,7,0,0,0,0,0,0,0,12,1.12,.778,0,0,0,0,0,0,.000,0.00,,,,,,-0.9176826003915984,79,75
2026-27,mlax,Heartland Collegiate Athletic Conference (HCAC),hcac,Hanover,Matthew Hillard,Matthew,Hillard,,1115,Matthew Hillard,"HILLARD,MATTHEW",HILLARDMATTHEWHAN,3,1,,,Hanover,HAN,0,0,0,0,0,0,0,0,0,0,0,0,0,0,0,0,0,0,0,0,0,0,0,0,3,0,1,0,60:00,0,0,1.000,1,15:00,1,6,0,0,0,0,0,0,0,8,4.00,.857,0,0,0,0,0,0,.000,0.00,,,,,,-0.967190031440035,80,75
2026-27,mlax,Heartland Collegiate Athletic Conference (HCAC),hcac,Hanover,"Neiswanger, Evan",Evan,Neiswanger,,1115,"Neiswanger, Evan","NEISWANGER,EVAN",NEISWANGEREVANHAN,7,0,,,Hanover,HAN,1035-2825,0,0,0,0,0,0,2,0,0,0,0,0,0,0,0,0,2,9,4,0,0,7,14,9,0,7,6,00:00,0,21,1.000,,,,,,,,,,,,,,,2,6,0,4,2,2,.333,0.57,,,,,,-1.0982537363919467,81,75
2026-27,mlax,Heartland Collegiate Athletic Conference (HCAC),hcac,La Roche,Logan McQueen,Logan,McQueen,,1163,Logan McQueen,"MCQUEEN,LOGAN",MCQUEENLOGANLA ROCHE,9,9,,,La Roche,LA ROCHE,0,0,0,0,0,0,0,1,0,0,0,0,0,0,0,0,0,0,1,1,0,0,13,29,18,0,17,8,540:00,0,42,1.000,,,,,,,,,,,,,,,1,2,0,1,0,1,.500,0.11,,,,,,-1.205438675756891,82,75
2026-27,mlax,Heartland Collegiate Athletic Conference (HCAC),hcac,Transylvania,Patrick Slagle,Patrick,Slagle,,28749,Patrick Slagle,"SLAGLE,PATRICK",SLAGLEPATRICKTRANSYLV,15,0,,,Transylvania,TRANSYLV,1039-2846,0,0,0,0,0,0,0,0,0,0,0,0,0,0,0,0,0,0,1,0,0,0,0,12,0,2,6,00:00,0,0,1.000,,,,,,,,,,,,,,,2,4,0,3,1,2,.500,0.20,,,,,,-1.236508975867121,83,74
2026-27,mlax,Heartland Collegiate Athletic Conference (HCAC),hcac,Alfred St.,Cian Barry,Cian,Barry,,30170,Cian Barry,"BARRY,CIAN",BARRYCIANALFRED S,14,9,,,Alfred St.,ALFRED S,1447-3328,0,0,0,0,0,0,0,0,0,0,0,0,0,0,1,0,0,2,2,0,0,0,0,24,0,16,7,540:00,0,0,1.000,,,,,,,,,,,,,,,2,2,0,0,0,0,1.000,0.00,,,,,,-1.286530124253232,84,74
2026-27,mlax,Heartland Collegiate Athletic Conference (HCAC),hcac,Earlham,Brady Shaw,Brady,Shaw,,195,Brady Shaw,"SHAW,BRADY",SHAWBRADYEARLHAM,13,13,,,Earlham,EARLHAM,1215-1571,0,0,0,0,0,0,0,0,0,0,0,0,0,0,0,0,0,2,1,0,0,4,18,12,0,15,9,779:00,28,22,1.000,,,,,,,,,,,,,,,1,1,0,1,0,1,1.000,0.08,,,,,,-1.305344140493978,85,74
2026-27,mlax,Heartland Collegiate Athletic Conference (HCAC),hcac,Transylvania,Mason Davis,Mason,Davis,,28749,Mason Davis,"DAVIS,MASON",DAVISMASONTRANSYLV,12,0,,,Transylvania,TRANSYLV,1039-3206,0,0,0,0,0,0,0,0,0,0,0,0,0,0,0,0,0,1,0,0,0,0,0,13,0,3,4,00:00,0,0,1.000,,,,,,,,,,,,,,,0,3,0,3,3,0,.000,0.25,,,,,,-1.3055591880071244,86,73
2026-27,mlax,Heartland Collegiate Athletic Conference (HCAC),hcac,Spalding,Hank Ohlen,Hank,Ohlen,,23260,Hank Ohlen,"OHLEN,HANK",OHLENHANKSPALDING,15,14,,,Spalding,SPALDING,926-1379,0,0,0,0,0,0,0,0,0,0,0,0,0,0,0,0,0,14,1,0,0,0,1,11,0,15,10,842:00,27,1,1.000,,,,,,,,,,,,,,,0,1,0,0,0,0,.000,0.00,,,,,,-1.4028687243668245,87,73
2026-27,mlax,Heartland Collegiate Athletic Conference (HCAC),hcac,La Roche,Lebron James,Lebron,James,,1163,Lebron James,"JAMES,LEBRON",JAMESLEBRONLA ROCHE,9,9,,,La Roche,LA ROCHE,0,0,0,0,0,0,0,0,0,0,0,0,0,0,0,0,0,0,0,4,0,0,0,0,22,0,32,1,540:00,0,0,1.000,,,,,,,,,,,,,,,9,22,0,3,2,1,.409,0.33,,,,,,-1.4032078258720149,88,73
2026-27,mlax,Heartland Collegiate Athletic Conference (HCAC),hcac,Transylvania,RJ Young,RJ,Young,,28749,RJ Young,"YOUNG,RJ",YOUNGRJTRANSYLV,15,1,,,Transylvania,TRANSYLV,1039-3054,0,0,0,0,0,0,0,0,0,0,0,0,0,0,0,0,0,0,3,0,0,0,0,19,0,6,3,60:00,0,0,1.000,,,,,,,,,,,,,,,5,8,0,3,0,3,.625,0.20,,,,,,-1.4075087313710792,89,72
2026-27,mlax,Heartland Collegiate Athletic Conference (HCAC),hcac,Hilbert,Hunter Cleary,Hunter,Cleary,,8398,Hunter Cleary,"CLEARY,HUNTER",CLEARYHUNTERHILBERT,9,9,,,Hilbert,HILBERT,625-1835,0,0,0,0,0,0,0,0,0,0,0,0,0,0,0,0,0,1,0,0,0,0,0,11,0,10,9,540:00,0,0,1.000,,,,,,,,,,,,,,,0,0,0,0,0,0,.000,0.00,,,,,,-1.5230166125469404,90,72
2026-27,mlax,Heartland Collegiate Athletic Conference (HCAC),hcac,Transylvania,Grayson Pham,Grayson,Pham,,28749,Grayson Pham,"PHAM,GRAYSON",PHAMGRAYSONTRANSYLV,17,0,,,Transylvania,TRANSYLV,1039-3051,0,0,0,0,0,0,2,0,0,0,0,0,0,0,0,0,0,0,0,0,0,60,37,23,0,2,0,00:00,0,97,1.000,,,,,,,,,,,,,,,3,5,0,3,1,2,.600,0.18,,,,,,-1.5539651579329443,91,72
2026-27,mlax,Heartland Collegiate Athletic Conference (HCAC),hcac,Alfred St.,Anthony Kuc,Anthony,Kuc,,30170,Anthony Kuc,"KUC,ANTHONY",KUCANTHONYALFRED S,12,2,,,Alfred St.,ALFRED S,1447-3321,0,0,0,0,0,0,0,0,0,0,0,0,0,0,0,0,0,0,0,0,0,0,0,9,0,10,1,120:00,0,0,1.000,,,,,,,,,,,,,,,8,16,0,4,4,0,.500,0.33,,,,,,-1.5644231718918313,92,72
2026-27,mlax,Heartland Collegiate Athletic Conference (HCAC),hcac,Hanover,"Hillard, Mathew",Mathew,Hillard,,1115,"Hillard, Mathew","HILLARD,MATHEW",HILLARDMATHEWHAN,9,10,,,Hanover,HAN,1035-2171,0,0,0,0,0,0,0,0,0,0,0,0,0,0,0,0,0,0,0,0,0,0,0,25,0,11,1,600:00,39,0,1.000,10,495:54,118,121,0,5,5,0,5,0,0,396,14.28,.506,0,0,0,0,0,0,.000,0.00,,,,,,-1.5863545659195541,93,71
2026-27,mlax,Heartland Collegiate Athletic Conference (HCAC),hcac,Hilbert,Kody Moore,Kody,Moore,,8398,Kody Moore,"MOORE,KODY",MOOREKODYHILBERT,7,4,,,Hilbert,HILBERT,625-1683,0,0,0,0,0,0,0,0,0,0,0,0,0,0,0,0,0,0,0,0,0,0,0,14,0,11,3,271:00,17,0,1.000,7,301:17,59,76,0,2,3,0,0,0,0,237,11.75,.563,0,0,0,0,0,0,.000,0.00,,,,,,-1.5870472847221386,94,71
2026-27,mlax,Heartland Collegiate Athletic Conference (HCAC),hcac,Earlham,Thoms Toussaint,Thoms,Toussaint,,195,Thoms Toussaint,"TOUSSAINT,THOMS",TOUSSAINTTHOMSEARLHAM,12,7,,,Earlham,EARLHAM,1215-2004,0,0,0,0,0,0,0,0,0,0,0,0,0,0,0,0,0,2,2,0,0,0,0,4,0,17,2,419:00,28,0,1.000,7,100:45,18,33,0,0,2,0,0,0,0,96,10.72,.647,8,14,0,2,0,2,.571,0.17,,,,,,-1.6230126630464272,95,71
2026-27,mlax,Heartland Collegiate Athletic Conference (HCAC),hcac,Spalding,Carter Harris,Carter,Harris,,23260,Carter Harris,"HARRIS,CARTER",HARRISCARTERSPALDING,11,8,,,Spalding,SPALDING,926-1487,0,0,0,0,0,0,0,0,0,0,0,0,0,0,0,0,0,5,0,0,0,0,0,10,0,7,8,480:00,30,0,1.000,,,,,,,,,,,,,,,0,0,0,0,0,0,.000,0.00,,,,,,-1.6798400595465903,96,70
2026-27,mlax,Heartland Collegiate Athletic Conference (HCAC),hcac,La Roche,Hunter Augustine,Hunter,Augustine,,1163,Hunter Augustine,"AUGUSTINE,HUNTER",AUGUSTINEHUNTERLA ROCHE,9,9,,,La Roche,LA ROCHE,0,0,0,0,0,0,0,0,0,0,0,0,0,0,0,0,0,0,1,0,0,0,26,119,29,0,22,2,540:00,0,145,1.000,,,,,,,,,,,,,,,3,9,0,0,0,0,.333,0.00,,,,,,-1.7038917710561428,97,70
2026-27,mlax,Heartland Collegiate Athletic Conference (HCAC),hcac,Spalding,Eythan Raso,Eythan,Raso,,23260,Eythan Raso,"RASO,EYTHAN",RASOEYTHANSPALDING,14,2,,,Spalding,SPALDING,926-1641,0,0,0,0,0,0,0,0,0,0,0,0,0,0,0,0,0,0,2,0,0,0,0,12,0,6,6,151:00,20,0,1.000,,,,,,,,,,,,,,,0,0,0,0,0,0,.000,0.00,,,,,,-1.8467847182677546,98,70
2026-27,mlax,Heartland Collegiate Athletic Conference (HCAC),hcac,Hanover,"Gonzalez, Aiden",Aiden,Gonzalez,,1115,"Gonzalez, Aiden","GONZALEZ,AIDEN",GONZALEZAIDENHAN,7,7,,,Hanover,HAN,1035-2169,0,0,0,0,0,0,0,0,0,0,0,0,0,0,0,0,0,1,1,0,0,0,0,7,0,13,3,420:00,39,0,1.000,,,,,,,,,,,,,,,0,0,0,2,2,0,.000,0.29,,,,,,-1.894042345038219,99,70
2026-27,mlax,Heartland Collegiate Athletic Conference (HCAC),hcac,Spalding,Cooper Robinson,Cooper,Robinson,,23260,Cooper Robinson,"ROBINSON,COOPER",ROBINSONCOOPERSPALDING,13,3,,,Spalding,SPALDING,926-1255,0,0,0,0,0,0,0,0,0,0,0,0,0,0,0,0,0,0,1,0,0,0,0,17,0,7,2,213:00,17,0,1.000,,,,,,,,,,,,,,,1,5,0,1,1,0,.200,0.08,,,,,,-1.8957165609567728,100,69
2026-27,mlax,Heartland Collegiate Athletic Conference (HCAC),hcac,Alfred St.,Elijah Jackson,Elijah,Jackson,,30170,Elijah Jackson,"JACKSON,ELIJAH",JACKSONELIJAHALFRED S,12,0,,,Alfred St.,ALFRED S,1447-3326,0,0,0,0,0,0,0,0,0,0,0,0,0,0,0,0,0,3,3,0,0,0,0,12,0,9,3,00:00,0,0,1.000,,,,,,,,,,,,,,,1,1,0,1,1,0,1.000,0.08,,,,,,-1.958946466874326,101,69
2026-27,mlax,Heartland Collegiate Athletic Conference (HCAC),hcac,Spalding,Parker Moore,Parker,Moore,,23260,Parker Moore,"MOORE,PARKER",MOOREPARKERSPALDING,15,8,,,Spalding,SPALDING,926-1642,0,0,0,0,0,0,0,0,0,0,0,0,0,0,0,0,0,0,0,0,0,0,0,7,0,13,6,480:00,0,0,1.000,,,,,,,,,,,,,,,1,1,0,0,0,0,1.000,0.00,,,,,,-2.0301625123654237,102,69
2026-27,mlax,Heartland Collegiate Athletic Conference (HCAC),hcac,Transylvania,Ethan Kroll,Ethan,Kroll,,28749,Ethan Kroll,"KROLL,ETHAN",KROLLETHANTRANSYLV,12,1,,,Transylvania,TRANSYLV,1039-2646,0,0,0,0,0,0,0,0,0,0,0,0,0,0,0,0,0,0,0,0,0,0,0,7,0,2,0,60:00,0,0,1.000,10,116:23,14,19,0,0,0,0,0,0,0,56,7.22,.576,0,0,0,0,0,0,.000,0.00,,,,,,-2.0377820399912228,103,68
2026-27,mlax,Heartland Collegiate Athletic Conference (HCAC),hcac,Spalding,Jayln Summers,Jayln,Summers,,23260,Jayln Summers,"SUMMERS,JAYLN",SUMMERSJAYLNSPALDING,6,5,,,Spalding,SPALDING,926-1640,0,0,0,0,0,0,0,0,0,0,0,0,0,0,0,0,0,3,1,0,0,0,0,17,0,-3,2,300:00,30,0,1.000,,,,,,,,,,,,,,,3,6,0,0,0,0,.500,0.00,,,,,,-2.1439984768905487,104,68
2026-27,mlax,Heartland Collegiate Athletic Conference (HCAC),hcac,Spalding,Leroy McIver,Leroy,McIver,,23260,Leroy McIver,"MCIVER,LEROY",MCIVERLEROYSPALDING,13,6,,,Spalding,SPALDING,926-1245,0,0,0,0,0,0,0,0,0,0,0,0,0,0,0,0,0,1,0,0,0,0,0,7,0,12,5,393:00,17,0,1.000,,,,,,,,,,,,,,,0,1,0,0,0,0,.000,0.00,,,,,,-2.1503104005455396,105,68
2026-27,mlax,Heartland Collegiate Athletic Conference (HCAC),hcac,La Roche,Calvin Rowland,Calvin,Rowland,,1163,Calvin Rowland,"ROWLAND,CALVIN",ROWLANDCALVINLA ROCHE,9,9,,,La Roche,LA ROCHE,0,0,0,0,0,0,0,0,0,0,0,0,0,0,0,0,0,0,0,0,0,0,0,0,17,0,27,3,540:00,0,0,1.000,9,540:00,152,119,0,0,9,0,0,0,0,442,16.89,.439,0,0,0,0,0,0,.000,0.00,,,,,,-2.184442923952114,106,67
2026-27,mlax,Heartland Collegiate Athletic Conference (HCAC),hcac,Spalding,Jaylin Summers,Jaylin,Summers,,23260,Jaylin Summers,"SUMMERS,JAYLIN",SUMMERSJAYLINSPALDING,4,0,,,Spalding,SPALDING,0,0,0,0,0,0,0,0,0,0,0,0,0,0,0,0,0,0,6,0,0,0,0,0,6,0,10,5,00:00,0,0,1.000,,,,,,,,,,,,,,,0,1,0,0,0,0,.000,0.00,,,,,,-2.1869859593650736,107,67
2026-27,mlax,Heartland Collegiate Athletic Conference (HCAC),hcac,Hilbert,Alex Krytus,Alex,Krytus,,8398,Alex Krytus,"KRYTUS,ALEX",KRYTUSALEXHILBERT,9,8,,,Hilbert,HILBERT,625-1363,0,0,0,0,0,0,0,0,0,0,0,0,0,0,0,0,0,0,1,0,0,0,0,8,0,9,4,480:00,0,0,1.000,,,,,,,,,,,,,,,0,0,0,0,0,0,.000,0.00,,,,,,-2.2337827299061215,108,67
2026-27,mlax,Heartland Collegiate Athletic Conference (HCAC),hcac,Spalding,Erick Jenkins,Erick,Jenkins,,23260,Erick Jenkins,"JENKINS,ERICK",JENKINSERICKSPALDING,15,1,,,Spalding,SPALDING,926-1644,0,0,0,0,0,0,0,0,0,0,0,0,0,0,0,0,0,1,4,0,0,0,0,8,0,9,4,63:00,17,0,1.000,,,,,,,,,,,,,,,0,0,0,0,0,0,.000,0.00,,,,,,-2.2337827299061215,109,67
2026-27,mlax,Heartland Collegiate Athletic Conference (HCAC),hcac,Hilbert,Alex Arthur,Alex,Arthur,,8398,Alex Arthur,"ARTHUR,ALEX",ARTHURALEXHILBERT,9,8,,,Hilbert,HILBERT,625-1832,0,0,0,0,0,0,0,0,0,0,0,0,0,0,0,0,0,0,0,0,0,90,121,21,0,3,0,480:00,0,211,1.000,,,,,,,,,,,,,,,0,0,0,0,0,0,.000,0.00,,,,,,-2.2375920179726454,110,66
2026-27,mlax,Heartland Collegiate Athletic Conference (HCAC),hcac,Hilbert,Brendan Reilly,Brendan,Reilly,,8398,Brendan Reilly,"REILLY,BRENDAN",REILLYBRENDANHILBERT,9,0,,,Hilbert,HILBERT,625-1532,0,0,0,0,0,0,0,0,0,0,0,0,0,0,0,0,0,0,1,0,0,0,0,12,0,5,1,00:00,0,0,1.000,,,,,,,,,,,,,,,1,3,0,1,0,1,.333,0.11,,,,,,-2.2665272459349053,111,66
2026-27,mlax,Heartland Collegiate Athletic Conference (HCAC),hcac,Transylvania,Tommy Scales,Tommy,Scales,,28749,Tommy Scales,"SCALES,TOMMY",SCALESTOMMYTRANSYLV,16,0,,,Transylvania,TRANSYLV,1039-3211,0,0,0,0,0,0,0,0,0,0,0,0,0,0,0,0,0,0,1,0,0,55,37,13,0,1,0,00:00,0,92,1.000,,,,,,,,,,,,,,,2,2,0,1,1,0,1.000,0.06,,,,,,-2.28271457259514,112,66
2026-27,mlax,Heartland Collegiate Athletic Conference (HCAC),hcac,Alfred St.,Josh Gates,Josh,Gates,,30170,Josh Gates,"GATES,JOSH",GATESJOSHALFRED S,7,0,,,Alfred St.,ALFRED S,1447-3322,0,0,0,0,0,0,0,0,1,0,0,0,0,0,0,0,0,0,0,0,0,0,1,6,0,5,1,00:00,0,1,1.000,,,,,,,,,,,,,,,6,9,0,2,0,2,.667,0.29,,,,,,-2.3055836856186795,113,65
2026-27,mlax,Heartland Collegiate Athletic Conference (HCAC),hcac,Alfred St.,Payton Bliss,Payton,Bliss,,30170,Payton Bliss,"BLISS,PAYTON",BLISSPAYTONALFRED S,8,5,,,Alfred St.,ALFRED S,1447-3021,0,0,0,0,0,0,0,0,0,0,0,0,0,0,0,0,0,1,0,0,0,0,0,16,0,8,3,342:00,51,0,1.000,6,282:22,61,46,0,1,2,0,0,0,0,181,12.96,.430,0,0,0,0,0,0,.000,0.00,,,,,,-2.3142179885162983,114,65
2026-27,mlax,Heartland Collegiate Athletic Conference (HCAC),hcac,Transylvania,Will Bird,Will,Bird,,28749,Will Bird,"BIRD,WILL",BIRDWILLTRANSYLV,13,0,,,Transylvania,TRANSYLV,1039-3213,0,0,0,0,0,0,0,0,0,0,0,0,0,0,0,0,0,1,3,0,0,0,0,8,0,0,3,00:00,0,0,1.000,,,,,,,,,,,,,,,1,1,0,0,0,0,1.000,0.00,,,,,,-2.3539306180862374,115,65
2026-27,mlax,Heartland Collegiate Athletic Conference (HCAC),hcac,La Roche,Andrew Booth,Andrew,Booth,,1163,Andrew Booth,"BOOTH,ANDREW",BOOTHANDREWLA ROCHE,9,9,,,La Roche,LA ROCHE,0,0,0,0,0,0,0,0,0,0,0,0,0,0,0,0,0,0,0,2,0,0,0,0,4,0,8,2,540:00,0,0,1.000,,,,,,,,,,,,,,,2,3,0,1,1,0,.667,0.11,,,,,,-2.3724988256107125,116,65
2026-27,mlax,Heartland Collegiate Athletic Conference (HCAC),hcac,Spalding,Cian Cribbs,Cian,Cribbs,,23260,Cian Cribbs,"CRIBBS,CIAN",CRIBBSCIANSPALDING,12,0,,,Spalding,SPALDING,926-1483,0,0,0,0,0,0,0,0,0,0,0,0,0,0,0,0,0,0,0,0,0,0,0,4,0,3,4,00:00,0,0,1.000,,,,,,,,,,,,,,,0,0,0,0,0,0,.000,0.00,,,,,,-2.380484965184257,117,64
2026-27,mlax,Heartland Collegiate Athletic Conference (HCAC),hcac,Alfred St.,Matt Martin,Matt,Martin,,30170,Matt Martin,"MARTIN,MATT",MARTINMATTALFRED S,11,5,,,Alfred St.,ALFRED S,1447-3324,0,0,0,0,0,0,0,0,0,0,0,0,0,0,0,0,1,2,0,0,0,0,0,5,0,7,3,300:00,0,0,1.000,,,,,,,,,,,,,,,0,0,0,0,0,0,.000,0.00,,,,,,-2.463957294544839,118,64
2026-27,mlax,Heartland Collegiate Athletic Conference (HCAC),hcac,Hilbert,Mike Hanlon,Mike,Hanlon,,8398,Mike Hanlon,"HANLON,MIKE",HANLONMIKEHILBERT,9,3,,,Hilbert,HILBERT,625-1569,0,0,0,0,0,0,1,0,0,0,0,0,0,0,0,0,2,3,3,0,0,0,0,6,0,9,1,180:00,0,0,1.000,,,,,,,,,,,,,,,1,1,0,1,0,1,1.000,0.11,,,,,,-2.4865805988521084,119,64
2026-27,mlax,Heartland Collegiate Athletic Conference (HCAC),hcac,Hanover,Aidan Gonzalez,Aidan,Gonzalez,,1115,Aidan Gonzalez,"GONZALEZ,AIDAN",GONZALEZAIDANHAN,5,5,,,Hanover,HAN,0,0,0,0,0,0,0,0,0,0,0,0,0,0,0,0,0,0,3,0,0,0,0,0,4,0,3,3,296:00,11,0,1.000,,,,,,,,,,,,,,,0,0,0,0,0,0,.000,0.00,,,,,,-2.500632853364373,120,63
2026-27,mlax,Heartland Collegiate Athletic Conference (HCAC),hcac,La Roche,Yuri Nelson,Yuri,Nelson,,1163,Yuri Nelson,"NELSON,YURI",NELSONYURILA ROCHE,7,4,,,La Roche,LA ROCHE,0,0,0,0,0,0,0,0,1,0,0,0,0,0,0,0,0,0,0,2,0,0,0,0,2,0,6,0,240:00,0,0,1.000,,,,,,,,,,,,,,,2,2,0,2,1,1,1.000,0.29,,,,,,-2.505148806376584,121,63
2026-27,mlax,Heartland Collegiate Athletic Conference (HCAC),hcac,Earlham,Ethan Upton,Ethan,Upton,,195,Ethan Upton,"UPTON,ETHAN",UPTONETHANEARLHAM,1,1,,,Earlham,EARLHAM,1215-1640,0,0,0,0,0,0,1,0,0,0,0,0,0,0,0,0,0,0,0,0,0,0,0,0,0,0,0,60,0,0,1.000,,,,,,,,,,,,,,,2,2,0,2,1,1,1.000,2.00,,,,,,-2.5784999240156514,122,63
2026-27,mlax,Heartland Collegiate Athletic Conference (HCAC),hcac,Transylvania,Gavin Nail,Gavin,Nail,,28749,Gavin Nail,"NAIL,GAVIN",NAILGAVINTRANSYLV,14,0,,,Transylvania,TRANSYLV,1039-3210,0,0,0,0,0,0,0,0,0,0,0,0,0,0,0,0,0,0,1,0,0,0,1,5,0,4,2,00:00,0,1,1.000,,,,,,,,,,,,,,,0,1,0,0,0,0,.000,0.00,,,,,,-2.584105182724955,123,62
2026-27,mlax,Heartland Collegiate Athletic Conference (HCAC),hcac,Spalding,Andrew Moe,Andrew,Moe,,23260,Andrew Moe,"MOE,ANDREW",MOEANDREWSPALDING,14,6,,,Spalding,SPALDING,926-1383,0,0,0,0,0,0,0,0,0,0,0,0,0,0,0,0,0,1,1,0,0,0,0,4,0,10,2,363:00,47,0,1.000,,,,,,,,,,,,,,,2,8,0,0,0,0,.250,0.00,,,,,,-2.620780741544489,124,62
2026-27,mlax,Heartland Collegiate Athletic Conference (HCAC),hcac,Transylvania,Nick Kane,Nick,Kane,,28749,Nick Kane,"KANE,NICK",KANENICKTRANSYLV,13,0,,,Transylvania,TRANSYLV,1039-3209,0,0,0,0,0,0,0,0,0,0,0,0,0,0,0,0,0,0,0,0,0,0,0,4,0,1,2,00:00,0,0,1.000,,,,,,,,,,,,,,,1,1,0,0,0,0,1.000,0.00,,,,,,-2.620780741544489,125,62
2026-27,mlax,Heartland Collegiate Athletic Conference (HCAC),hcac,Hanover,"Skinner, Cole",Cole,Skinner,,1115,"Skinner, Cole","SKINNER,COLE",SKINNERCOLEHAN,13,1,,,Hanover,HAN,1035-2826,0,0,0,0,0,0,0,0,0,0,0,0,0,0,0,0,0,0,0,0,0,14,57,5,0,6,0,56:00,11,71,1.000,,,,,,,,,,,,,,,2,2,0,1,0,1,1.000,0.08,,,,,,-2.6434040458517583,126,62
2026-27,mlax,Heartland Collegiate Athletic Conference (HCAC),hcac,Spalding,Patrick Clancy,Patrick,Clancy,,23260,Patrick Clancy,"CLANCY,PATRICK",CLANCYPATRICKSPALDING,11,0,,,Spalding,SPALDING,926-1643,0,0,0,0,0,0,0,0,0,0,0,0,0,0,0,0,0,1,0,0,0,0,0,1,0,5,1,00:00,0,0,1.000,,,,,,,,,,,,,,,1,2,0,1,0,1,.500,0.09,,,,,,-2.6699583929497774,127,61
2026-27,mlax,Heartland Collegiate Athletic Conference (HCAC),hcac,Transylvania,Briggs Beck,Briggs,Beck,,28749,Briggs Beck,"BECK,BRIGGS",BECKBRIGGSTRANSYLV,12,0,,,Transylvania,TRANSYLV,1039-2827,0,0,0,0,0,0,1,0,0,0,0,0,0,0,0,0,0,0,0,0,0,7,6,4,0,2,0,00:00,0,13,1.000,,,,,,,,,,,,,,,2,2,0,1,0,1,1.000,0.08,,,,,,-2.680079604671292,128,61
2026-27,mlax,Heartland Collegiate Athletic Conference (HCAC),hcac,Transylvania,David Niblett,David,Niblett,,28749,David Niblett,"NIBLETT,DAVID",NIBLETTDAVIDTRANSYLV,12,0,,,Transylvania,TRANSYLV,1039-3050,0,0,0,0,0,0,1,0,0,0,0,0,0,0,0,0,0,0,1,0,0,1,0,4,0,2,0,00:00,0,1,1.000,,,,,,,,,,,,,,,4,5,0,1,0,1,.800,0.08,,,,,,-2.680079604671292,129,61
2026-27,mlax,Heartland Collegiate Athletic Conference (HCAC),hcac,Transylvania,Garrett Field,Garrett,Field,,28749,Garrett Field,"FIELD,GARRETT",FIELDGARRETTTRANSYLV,14,5,,,Transylvania,TRANSYLV,1039-3046,0,0,0,0,0,0,0,0,0,0,0,0,0,0,0,0,0,0,0,0,0,0,0,2,0,1,2,300:00,0,0,1.000,,,,,,,,,,,,,,,0,0,0,0,0,0,.000,0.00,,,,,,-2.694131859183557,130,60
2026-27,mlax,Heartland Collegiate Athletic Conference (HCAC),hcac,Hanover,"Marcum, Carter",Carter,Marcum,,1115,"Marcum, Carter","MARCUM,CARTER",MARCUMCARTERHAN,10,0,,,Hanover,HAN,1035-2824,0,0,0,0,0,0,0,0,0,0,0,0,0,0,0,0,0,1,2,0,0,0,0,5,0,7,1,00:00,0,0,1.000,,,,,,,,,,,,,,,0,0,0,0,0,0,.000,0.00,,,,,,-2.7042530709050707,131,60
2026-27,mlax,Heartland Collegiate Athletic Conference (HCAC),hcac,Hilbert,Jose Pizarro,Jose,Pizarro,,8398,Jose Pizarro,"PIZARRO,JOSE",PIZARROJOSEHILBERT,8,5,,,Hilbert,HILBERT,625-1748,0,0,0,0,0,0,0,0,0,0,0,0,0,0,0,0,0,0,1,0,0,0,0,11,0,23,2,268:00,43,0,1.000,5,238:43,65,52,0,1,2,0,3,0,0,197,16.34,.444,1,2,0,1,0,1,.500,0.13,,,,,,-2.7466761570671214,132,60
2026-27,mlax,Heartland Collegiate Athletic Conference (HCAC),hcac,La Roche,Jack Paclawski,Jack,Paclawski,,1163,Jack Paclawski,"PACLAWSKI,JACK",PACLAWSKIJACKLA ROCHE,9,9,,,La Roche,LA ROCHE,0,0,0,0,0,0,0,0,0,0,0,0,0,0,0,0,0,0,1,0,0,0,0,0,7,0,11,0,540:00,0,0,1.000,,,,,,,,,,,,,,,0,0,0,0,0,0,.000,0.00,,,,,,-2.751049841446119,133,59
2026-27,mlax,Heartland Collegiate Athletic Conference (HCAC),hcac,La Roche,Jeremiah Tate,Jeremiah,Tate,,1163,Jeremiah Tate,"TATE,JEREMIAH",TATEJEREMIAHLA ROCHE,8,0,,,La Roche,LA ROCHE,0,0,0,0,0,0,0,0,0,0,0,0,0,0,0,0,0,0,0,1,0,0,0,0,3,0,6,1,00:00,0,0,1.000,,,,,,,,,,,,,,,0,1,0,0,0,0,.000,0.00,,,,,,-2.7776041885441387,134,59
2026-27,mlax,Heartland Collegiate Athletic Conference (HCAC),hcac,Earlham,Macintyre Lennon,Macintyre,Lennon,,195,Macintyre Lennon,"LENNON,MACINTYRE",LENNONMACINTYREEARLHAM,11,9,,,Earlham,EARLHAM,1215-2007,0,0,0,0,0,0,0,0,0,0,0,0,0,0,0,0,0,0,0,0,0,0,0,3,0,0,1,539:00,28,0,1.000,,,,,,,,,,,,,,,2,3,0,0,0,0,.667,0.00,,,,,,-2.7776041885441387,135,59
2026-27,mlax,Heartland Collegiate Athletic Conference (HCAC),hcac,Alfred St.,Regan Clancy,Regan,Clancy,,30170,Regan Clancy,"CLANCY,REGAN",CLANCYREGANALFRED S,12,0,,,Alfred St.,ALFRED S,1447-3052,0,0,0,0,0,0,0,0,0,0,0,0,0,0,0,0,0,0,0,0,0,11,45,3,0,2,1,00:00,0,56,1.000,,,,,,,,,,,,,,,0,0,0,0,0,0,.000,0.00,,,,,,-2.7776041885441387,136,59
2026-27,mlax,Heartland Collegiate Athletic Conference (HCAC),hcac,Hilbert,Nikolas D'Andrea,Nikolas,D'Andrea,,8398,Nikolas D'Andrea,"D'ANDREA,NIKOLAS",D'ANDREANIKOLASHILBERT,2,0,,,Hilbert,HILBERT,0,0,0,0,0,0,0,0,0,0,0,0,0,0,0,0,0,0,0,0,0,0,0,0,1,0,3,0,00:00,0,0,1.000,,,,,,,,,,,,,,,4,5,0,1,0,1,.800,0.50,,,,,,-2.7901062811298933,137,58
2026-27,mlax,Heartland Collegiate Athletic Conference (HCAC),hcac,Spalding,Jordan Garcia,Jordan,Garcia,,23260,Jordan Garcia,"GARCIA,JORDAN",GARCIAJORDANSPALDING,11,1,,,Spalding,SPALDING,926-1503,0,0,0,0,0,0,0,0,0,0,0,0,0,0,0,0,0,0,0,0,0,0,0,2,0,8,1,63:00,17,0,1.000,,,,,,,,,,,,,,,6,8,0,0,0,0,.750,0.00,,,,,,-2.8142797473636727,138,58
2026-27,mlax,Heartland Collegiate Athletic Conference (HCAC),hcac,Hilbert,Shine Wunna,Shine,Wunna,,8398,Shine Wunna,"WUNNA,SHINE",WUNNASHINEHILBERT,6,0,,,Hilbert,HILBERT,625-1838,0,0,0,0,0,0,0,0,0,0,0,0,0,0,0,0,0,0,1,0,0,0,0,2,0,1,1,00:00,0,0,1.000,,,,,,,,,,,,,,,0,1,0,0,0,0,.000,0.00,,,,,,-2.8142797473636727,139,58
2026-27,mlax,Heartland Collegiate Athletic Conference (HCAC),hcac,Spalding,Jamel Segar,Jamel,Segar,,23260,Jamel Segar,"SEGAR,JAMEL",SEGARJAMELSPALDING,13,3,,,Spalding,SPALDING,926-1386,0,0,0,0,0,0,0,0,0,0,0,0,0,0,0,0,0,1,3,0,0,0,0,0,0,5,0,183:00,17,0,1.000,,,,,,,,,,,,,,,5,6,0,1,0,1,.833,0.08,,,,,,-2.8267818399494273,140,57
2026-27,mlax,Heartland Collegiate Athletic Conference (HCAC),hcac,Hanover,"Zimm, Ben",Ben,Zimm,,1115,"Zimm, Ben","ZIMM,BEN",ZIMMBENHAN,8,1,,,Hanover,HAN,1035-2618,0,0,0,0,0,0,0,0,0,0,0,0,0,0,0,0,0,0,0,0,0,0,1,1,0,1,1,60:00,0,1,1.000,,,,,,,,,,,,,,,0,0,0,0,0,0,.000,0.00,,,,,,-2.8509553061832063,141,57
2026-27,mlax,Heartland Collegiate Athletic Conference (HCAC),hcac,Earlham,Don Papa Fall,Don Papa,Fall,,195,Don Papa Fall,"FALL,DON PAPA",FALLDONPAPAEARLHAM,3,0,,,Earlham,EARLHAM,1215-1809,0,0,0,0,0,0,0,0,0,0,0,0,0,0,0,0,0,0,0,0,0,0,0,0,0,0,1,00:00,0,0,1.000,,,,,,,,,,,,,,,0,0,0,0,0,0,.000,0.00,,,,,,-2.8876308650027402,142,57
2026-27,mlax,Heartland Collegiate Athletic Conference (HCAC),hcac,La Roche,Deklyn Simms,Deklyn,Simms,,1163,Deklyn Simms,"SIMMS,DEKLYN",SIMMSDEKLYNLA ROCHE,7,0,,,La Roche,LA ROCHE,0,0,0,0,0,0,0,0,0,0,0,0,0,0,0,0,0,0,4,2,0,0,0,0,3,0,7,0,00:00,0,0,1.000,,,,,,,,,,,,,,,0,0,0,0,0,0,.000,0.00,,,,,,-2.8977520767242546,143,57
2026-27,mlax,Heartland Collegiate Athletic Conference (HCAC),hcac,Alfred St.,Colin Dunn,Colin,Dunn,,30170,Colin Dunn,"DUNN,COLIN",DUNNCOLINALFRED S,3,0,,,Alfred St.,ALFRED S,1447-3318,0,0,0,0,0,0,0,0,0,0,0,0,0,0,0,0,0,0,0,0,0,0,0,2,0,2,0,00:00,0,0,1.000,,,,,,,,,,,,,,,1,3,0,0,0,0,.333,0.00,,,,,,-2.9344276355437886,144,56
2026-27,mlax,Heartland Collegiate Athletic Conference (HCAC),hcac,Hilbert,Leroy Daniels,Leroy,Daniels,,8398,Leroy Daniels,"DANIELS,LEROY",DANIELSLEROYHILBERT,5,0,,,Hilbert,HILBERT,625-1716,0,0,0,0,0,0,0,0,0,0,0,0,0,0,0,0,1,3,1,0,0,0,0,2,0,2,0,00:00,0,0,1.000,,,,,,,,,,,,,,,0,1,0,0,0,0,.000,0.00,,,,,,-2.9344276355437886,145,56
2026-27,mlax,Heartland Collegiate Athletic Conference (HCAC),hcac,La Roche,Malvin Madzimbamuto,Malvin,Madzimbamuto,,1163,Malvin Madzimbamuto,"MADZIMBAMUTO,MALVIN",MADZIMBAMUTOMALVINLA ROCHE,2,0,,,La Roche,LA ROCHE,0,0,0,0,0,0,0,0,0,0,0,0,0,0,0,0,0,0,1,0,0,0,0,0,2,0,2,0,00:00,0,0,1.000,,,,,,,,,,,,,,,0,0,0,0,0,0,.000,0.00,,,,,,-2.9344276355437886,146,56
2026-27,mlax,Heartland Collegiate Athletic Conference (HCAC),hcac,Hanover,"Shepler, Anthony",Anthony,Shepler,,1115,"Shepler, Anthony","SHEPLER,ANTHONY",SHEPLERANTHONYHAN,9,1,,,Hanover,HAN,1035-2165,0,0,0,0,0,0,0,0,0,0,0,0,0,0,0,0,0,0,1,0,0,0,0,2,0,2,0,60:00,0,0,1.000,,,,,,,,,,,,,,,0,0,0,0,0,0,.000,0.00,,,,,,-2.9344276355437886,147,55
2026-27,mlax,Heartland Collegiate Athletic Conference (HCAC),hcac,La Roche,Carlos Juarbe,Carlos,Juarbe,,1163,Carlos Juarbe,"JUARBE,CARLOS",JUARBECARLOSLA ROCHE,8,5,,,La Roche,LA ROCHE,0,0,0,0,0,0,0,0,0,0,0,0,0,0,0,0,0,0,0,0,0,0,0,0,1,0,5,0,300:00,0,0,1.000,,,,,,,,,,,,,,,1,1,0,0,0,0,1.000,0.00,,,,,,-2.971103194363322,148,55
2026-27,mlax,Heartland Collegiate Athletic Conference (HCAC),hcac,Transylvania,Luke Larish,Luke,Larish,,28749,Luke Larish,"LARISH,LUKE",LARISHLUKETRANSYLV,9,0,,,Transylvania,TRANSYLV,1039-2837,0,0,0,0,0,0,0,0,0,0,0,0,0,0,0,0,0,0,0,0,0,0,0,1,0,0,0,00:00,0,0,1.000,,,,,,,,,,,,,,,0,0,0,0,0,0,.000,0.00,,,,,,-2.971103194363322,149,55
2026-27,mlax,Heartland Collegiate Athletic Conference (HCAC),hcac,Transylvania,Benjamin Farley,Benjamin,Farley,,28749,Benjamin Farley,"FARLEY,BENJAMIN",FARLEYBENJAMINTRANSYLV,9,0,,,Transylvania,TRANSYLV,1039-2831,0,0,0,0,0,0,0,0,0,0,0,0,0,0,0,0,0,1,0,0,0,0,0,0,0,0,0,00:00,0,0,1.000,,,,,,,,,,,,,,,0,0,0,0,0,0,.000,0.00,,,,,,-3.007778753182856,150,54
2026-27,mlax,Heartland Collegiate Athletic Conference (HCAC),hcac,Hanover,"Fields, Liam",Liam,Fields,,1115,"Fields, Liam","FIELDS,LIAM",FIELDSLIAMHAN,3,0,,,Hanover,HAN,1035-2358,0,0,0,0,0,0,0,0,0,0,0,0,0,0,0,0,0,0,0,0,0,0,0,0,0,0,0,00:00,0,0,1.000,,,,,,,,,,,,,,,0,0,0,0,0,0,.000,0.00,,,,,,-3.007778753182856,151,54
2026-27,mlax,Heartland Collegiate Athletic Conference (HCAC),hcac,Alfred St.,Josh Ganschow,Josh,Ganschow,,30170,Josh Ganschow,"GANSCHOW,JOSH",GANSCHOWJOSHALFRED S,0,0,,,Alfred St.,ALFRED S,1447-3018,0,0,0,0,0,0,0,0,0,0,0,0,0,0,0,0,0,0,0,0,0,0,0,0,0,0,0,00:00,0,0,1.000,,,,,,,,,,,,,,,0,0,0,0,0,0,.000,0,,,,,,-3.007778753182856,152,54
2026-27,mlax,Heartland Collegiate Athletic Conference (HCAC),hcac,Hilbert,Kevin Murawski,Kevin,Murawski,,8398,Kevin Murawski,"MURAWSKI,KEVIN",MURAWSKIKEVINHILBERT,4,0,,,Hilbert,HILBERT,625-1746,0,0,0,0,0,0,0,0,0,0,0,0,0,0,0,0,0,2,2,0,0,0,0,0,0,1,0,00:00,0,0,1.000,,,,,,,,,,,,,,,0,0,0,0,0,0,.000,0.00,,,,,,-3.007778753182856,153,54
2026-27,mlax,Heartland Collegiate Athletic Conference (HCAC),hcac,Alfred St.,Mike Wojcik,Mike,Wojcik,,30170,Mike Wojcik,"WOJCIK,MIKE",WOJCIKMIKEALFRED S,0,0,,,Alfred St.,ALFRED S,1447-3019,0,0,0,0,0,0,0,0,0,0,0,0,0,0,0,0,0,0,0,0,0,0,0,0,0,0,0,00:00,0,0,1.000,,,,,,,,,,,,,,,0,0,0,0,0,0,.000,0,,,,,,-3.007778753182856,154,53
2026-27,mlax,Heartland Collegiate Athletic Conference (HCAC),hcac,Earlham,Quin McLeod,Quin,McLeod,,195,Quin McLeod,"MCLEOD,QUIN",MCLEODQUINEARLHAM,1,0,,,Earlham,EARLHAM,1215-2003,0,0,0,0,0,0,0,0,0,0,0,0,0,0,0,0,0,0,0,0,0,0,0,0,0,2,0,00:00,0,0,1.000,,,,,,,,,,,,,,,0,0,0,0,0,0,.000,0.00,,,,,,-3.007778753182856,155,53
2026-27,mlax,Heartland Collegiate Athletic Conference (HCAC),hcac,Hanover,"Resner, Hayden",Hayden,Resner,,1115,"Resner, Hayden","RESNER,HAYDEN",RESNERHAYDENHAN,3,0,,,Hanover,HAN,1035-2829,0,0,0,0,0,0,0,0,0,0,0,0,0,0,0,0,0,0,0,0,0,0,0,0,0,0,0,00:00,0,0,1.000,,,,,,,,,,,,,,,0,0,0,0,0,0,.000,0.00,,,,,,-3.007778753182856,156,53
2026-27,mlax,Heartland Collegiate Athletic Conference (HCAC),hcac,Alfred St.,Shawn Cook jr.,Shawn Cook,jr.,,30170,Shawn Cook jr.,"JR,SHAWN COOK",JRSHAWNCOOKALFRED S,0,0,,,Alfred St.,ALFRED S,1447-3330,0,0,0,0,0,0,0,0,0,0,0,0,0,0,0,0,0,0,0,0,0,0,0,0,0,1,0,00:00,0,0,1.000,,,,,,,,,,,,,,,0,0,0,0,0,0,.000,0,,,,,,-3.007778753182856,157,52
2026-27,mlax,Heartland Collegiate Athletic Conference (HCAC),hcac,Hilbert,assistant coach,assistant,coach,,8398,assistant coach,"COACH,ASSISTANT",COACHASSISTANTHILBERT,1,0,,,Hilbert,HILBERT,0,0,0,0,0,0,0,0,0,0,0,0,0,0,0,0,0,0,1,0,0,0,0,0,0,0,0,0,0,0,0,1.000,,,,,,,,,,,,,,,0,0,0,0,0,0,.000,0.00,,,,,,-3.007778753182856,158,52
2026-27,mlax,Heartland Collegiate Athletic Conference (HCAC),hcac,Hanover,Michael Long,Michael,Long,,1115,Michael Long,"LONG,MICHAEL",LONGMICHAELHAN,5,4,,,Hanover,HAN,0,0,0,0,0,0,0,0,0,0,0,0,0,0,0,0,0,0,1,0,0,0,0,0,4,0,1,0,236:00,11,0,1.000,5,232:17,55,48,0,4,0,0,0,0,0,167,14.21,.466,1,1,0,0,0,0,1.000,0.00,,,,,,-3.1288995387161673,159,52
2026-27,mlax,Heartland Collegiate Athletic Conference (HCAC),hcac,Alfred St.,Wyatt Saleman,Wyatt,Saleman,,30170,Wyatt Saleman,"SALEMAN,WYATT",SALEMANWYATTALFRED S,3,0,,,Alfred St.,ALFRED S,1447-3015,0,0,0,0,0,0,0,0,0,0,0,0,0,0,0,0,0,0,0,0,0,0,0,0,0,0,0,17:00,9,0,1.000,2,17:09,3,1,0,0,0,0,0,0,0,13,10.50,.250,0,0,0,0,0,0,.000,0.00,,,,,,-3.892151240891535,160,51
2026-27,mlax,Heartland Collegiate Athletic Conference (HCAC),hcac,Hanover,"Caron, Carter",Carter,Caron,,1115,"Caron, Carter","CARON,CARTER",CARONCARTERHAN,9,0,,,Hanover,HAN,1035-2357,0,0,0,0,0,0,0,0,0,0,0,0,0,0,0,0,0,0,0,0,0,0,0,0,0,2,0,00:00,0,0,1.000,7,71:43,24,16,0,0,0,0,0,0,0,55,20.08,.400,0,0,0,0,0,0,.000,0.00,,,,,,-4.419766911844475,161,51
2026-27,mlax,Heartland Collegiate Athletic Conference (HCAC),hcac,Spalding,Jake Meyers,Jake,Meyers,,23260,Jake Meyers,"MEYERS,JAKE",MEYERSJAKESPALDING,13,0,,,Spalding,SPALDING,926-1645,0,0,0,0,0,0,0,0,0,0,0,0,0,0,0,0,0,0,0,0,0,0,0,2,0,4,0,00:00,0,0,1.000,5,64:35,23,16,0,0,0,0,0,0,0,51,21.37,.410,0,0,0,0,0,0,.000,0.00,,,,,,-4.465844683471032,162,51
2026-27,mlax,Heartland Collegiate Athletic Conference (HCAC),hcac,Spalding,Jonathan Magana,Jonathan,Magana,,23260,Jonathan Magana,"MAGANA,JONATHAN",MAGANAJONATHANSPALDING,12,0,,,Spalding,SPALDING,926-1489,0,0,0,0,0,0,0,0,0,0,0,0,0,0,0,0,0,0,0,0,0,0,0,1,0,2,0,30:00,0,0,1.000,5,84:35,34,16,0,0,0,0,0,0,0,82,24.12,.320,0,0,0,0,0,0,.000,0.00,,,,,,-5.125755180944686,163,51
2026-27,mlax,Heartland Collegiate Athletic Conference (HCAC),hcac,Hanover,"Lang, Michael",Michael,Lang,,1115,"Lang, Michael","LANG,MICHAEL",LANGMICHAELHAN,2,-3,,,Hanover,HAN,1035-2619,0,0,0,0,0,0,0,0,0,0,0,0,0,0,0,0,0,0,0,0,0,0,0,0,0,-1,0,-180:00,0,0,1.000,2,-98:-04,-7,2,0,1,0,0,0,0,0,-13,4.28,-.400,0,0,0,0,0,0,.000,0.00,,,,,,-5.301922561814623,164,50
