season,sport,conference,conference_code,team,player_name,first_name,last_name,position,team_code,name,checkname,linkup_name,games_played,games_started,uniform,year,team_name,team_id,sdrm_id,goal_stats,penalty_stats,misc_stats,goalie_stats,shot_stats,avg_points_game,goal_stats_shootout_goals,goal_stats_free_positiong_goals,goal_stats_game_tying_goals,goal_stats_empty_net_goals,goal_stats_overtime_goals,goal_stats_first_goals,goal_stats_unassisted_goals,goal_stats_short_handed_goals,goal_stats_power_play_goals,goal_stats_game_winning_goals,penalty_stats_number,penalty_stats_minutes,penalty_stats_fouls,penalty_stats_green_cards,penalty_stats_yellow_cards,penalty_stats_red_cards,penalty_stats_match,penalty_stats_major,penalty_stats_minor,misc_stats_powerplay_opps,misc_stats_powerplay_goals,misc_stats_faceoffs_won,misc_stats_faceoffs_lost,misc_stats_ground_balls,misc_stats_draw_controls,misc_stats_turnovers,misc_stats_caused_turnovers,misc_stats_minutes_played,misc_stats_seconds,misc_stats_faceoffs_taken,misc_stats_penalty_killing_pct,shot_stats_shots_on_goal,shot_stats_shots,shot_stats_free_position_shots,shot_stats_points,shot_stats_assists,shot_stats_goals,shot_stats_shots_on_goal_pct,goalie_stats_games_played,goalie_stats_minutes,goalie_stats_goals_allowed,goalie_stats_saves,goalie_stats_shutouts,goalie_stats_win,goalie_stats_loss,goalie_stats_tie,goalie_stats_powerplay_goals_allowed,goalie_stats_shorthanded_goals_allowed,goalie_stats_emptynet_goals_allowed,goalie_stats_shots_faced,goalie_stats_goals_against_avg,goalie_stats_save_pct,composite_score,global_rank,rating
2026-27,wlax,Landmark Conference,landmark_conference,Scranton,Eileen Hewitt,Eileen,Hewitt,,633,Eileen Hewitt,"HEWITT,EILEEN",HEWITTEILEENSCR,21,21,,,Scranton,SCR,1056-2478,,,,,,4.43,0,7,0,0,0,3,40,0,4,3,0,0,0,10,0,0,0,0,0,0,0,0,0,69,109,40,47,1250:00,36,0,1.000,98,147,21,93,41,52,.667,,,,,,,,,,,,,,,18.04463664845886,1,99
2026-27,wlax,Landmark Conference,landmark_conference,Lycoming,Riley Block,Riley,Block,,373,Riley Block,"BLOCK,RILEY",BLOCKRILEYLYCO,16,16,,,Lycoming,LYCO,996-8934,,,,,,7.00,0,12,0,0,0,4,72,1,17,3,0,0,0,13,6,0,0,0,0,0,0,0,0,28,85,64,27,960:00,0,0,1.000,139,192,27,112,16,96,.724,,,,,,,,,,,,,,,16.04705500164121,2,99
2026-27,wlax,Landmark Conference,landmark_conference,Scranton,Jillian Lopez,Jillian,Lopez,,633,Jillian Lopez,"LOPEZ,JILLIAN",LOPEZJILLIANSCR,21,21,,,Scranton,SCR,1056-2479,,,,,,4.81,0,14,0,0,0,4,45,1,10,3,0,0,0,11,0,0,0,0,0,0,0,0,0,34,61,28,20,1250:00,36,0,1.000,131,169,27,101,15,86,.775,,,,,,,,,,,,,,,14.289570213273993,3,99
2026-27,wlax,Landmark Conference,landmark_conference,Moravian,Melissa Elefonte,Melissa,Elefonte,,443,Melissa Elefonte,"ELEFONTE,MELISSA",ELEFONTEMELISSAMORA,19,19,,,Moravian,MORA,0,,,,,,4.58,0,8,0,0,0,1,23,1,4,2,0,0,0,5,2,0,0,0,0,0,0,0,0,20,2,38,13,1140:00,0,0,1.000,52,66,14,87,56,31,.788,,,,,,,,,,,,,,,12.887967761861253,4,98
2026-27,wlax,Landmark Conference,landmark_conference,Elizabethtown,Hailey Meyer,Hailey,Meyer,,211,Hailey Meyer,"MEYER,HAILEY",MEYERHAILEYETOWN,17,17,,,Elizabethtown,ETOWN,993-5963,,,,,,3.29,0,5,0,0,0,1,28,0,2,3,0,0,0,21,10,0,0,0,0,0,0,0,0,66,74,71,33,971:00,105,0,1.000,85,109,13,56,8,48,.780,,,,,,,,,,,,,,,10.495580215264875,5,98
2026-27,wlax,Landmark Conference,landmark_conference,Moravian,Kerry Seiler,Kerry,Seiler,,443,Kerry Seiler,"SEILER,KERRY",SEILERKERRYMORA,18,17,,,Moravian,MORA,0,,,,,,3.56,0,8,0,0,0,2,38,0,8,2,0,0,0,9,1,0,0,0,0,0,0,0,0,36,53,23,24,1020:00,0,0,1.000,76,104,12,64,11,53,.731,,,,,,,,,,,,,,,9.547323088803656,6,98
2026-27,wlax,Landmark Conference,landmark_conference,Wilkes,Taylor Sparks,Taylor,Sparks,,784,Taylor Sparks,"SPARKS,TAYLOR",SPARKSTAYLORWILKES,17,17,,,Wilkes,WILKES,1002-4232,,,,,,3.12,0,10,0,0,0,1,25,1,1,4,0,0,0,2,1,0,0,0,0,0,0,0,0,47,109,42,21,1011:00,39,0,1.000,47,55,19,53,26,27,.855,,,,,,,,,,,,,,,8.999130682218645,7,97
2026-27,wlax,Landmark Conference,landmark_conference,Elizabethtown,Ella Scholes,Ella,Scholes,,211,Ella Scholes,"SCHOLES,ELLA",SCHOLESELLAETOWN,17,14,,,Elizabethtown,ETOWN,993-6076,,,,,,3.88,0,0,0,0,0,0,15,2,4,2,0,0,0,8,0,0,0,0,0,0,0,0,0,25,1,38,12,834:00,104,0,1.000,82,106,8,66,26,40,.774,,,,,,,,,,,,,,,8.99065901032777,8,97
2026-27,wlax,Landmark Conference,landmark_conference,Susquehanna,Abby Andrus,Abby,Andrus,,685,Abby Andrus,"ANDRUS,ABBY",ANDRUSABBYSUSQUEHA,19,19,,,Susquehanna,SUSQUEHA,1054-3919,,,,,,3.95,0,0,0,0,0,1,6,1,8,1,0,0,0,1,0,0,0,0,0,0,0,0,0,18,2,12,2,1140:00,0,0,1.000,90,125,2,75,15,60,.720,,,,,,,,,,,,,,,8.64697271017811,9,97
2026-27,wlax,Landmark Conference,landmark_conference,Drew,Grace Patane,Grace,Patane,,190,Grace Patane,"PATANE,GRACE",PATANEGRACEDREW,16,16,,,Drew,DREW,1050-4577,,,,,,3.69,0,10,0,0,0,5,28,3,5,2,0,0,0,2,1,0,0,0,0,0,0,0,0,27,2,44,21,945:00,9,0,1.000,75,103,21,59,20,39,.728,,,,,,,,,,,,,,,8.579795549163322,10,96
2026-27,wlax,Landmark Conference,landmark_conference,Goucher,Wrenn Harney,Wrenn,Harney,,1467,Wrenn Harney,"HARNEY,WRENN",HARNEYWRENNGOUCHER,17,17,,,Goucher,GOUCHER,0,,,,,,3.35,0,5,0,0,0,3,11,0,1,0,0,0,0,6,2,0,0,0,0,0,0,0,0,24,9,71,12,1013:00,49,0,1.000,34,43,12,57,44,13,.791,,,,,,,,,,,,,,,8.475764167194388,11,96
2026-27,wlax,Landmark Conference,landmark_conference,Elizabethtown,Drew Bridges,Drew,Bridges,,211,Drew Bridges,"BRIDGES,DREW",BRIDGESDREWETOWN,17,17,,,Elizabethtown,ETOWN,993-5677,,,,,,2.24,0,3,0,0,1,1,17,2,4,2,0,0,0,5,2,0,0,0,0,0,0,0,0,70,18,50,28,1014:00,104,0,1.000,55,85,10,38,12,26,.647,,,,,,,,,,,,,,,8.056861121520766,12,96
2026-27,wlax,Landmark Conference,landmark_conference,Susquehanna,Jessica Russo,Jessica,Russo,,685,Jessica Russo,"RUSSO,JESSICA",RUSSOJESSICASUSQUEHA,17,15,,,Susquehanna,SUSQUEHA,1054-4126,,,,,,3.53,0,3,0,0,0,2,16,1,5,3,0,0,0,0,2,0,0,0,0,0,0,0,0,24,1,27,3,900:00,0,0,1.000,61,80,7,60,29,31,.763,,,,,,,,,,,,,,,7.5775196078161375,13,95
2026-27,wlax,Landmark Conference,landmark_conference,Moravian,Kathryn Hunsinger,Kathryn,Hunsinger,,443,Kathryn Hunsinger,"HUNSINGER,KATHRYN",HUNSINGERKATHRYNMORA,19,18,,,Moravian,MORA,0,,,,,,3.11,0,1,0,0,0,3,10,0,3,2,0,0,0,5,1,0,0,0,0,0,0,0,0,21,68,24,9,1080:00,0,0,1.000,50,64,3,59,23,36,.781,,,,,,,,,,,,,,,7.5021635862436,14,95
2026-27,wlax,Landmark Conference,landmark_conference,Catholic,Izzy Fiore,Izzy,Fiore,,124,Izzy Fiore,"FIORE,IZZY",FIOREIZZYCATHOLIC,19,18,,,Catholic,CATHOLIC,1049-2801,,,,,,3.26,0,10,0,0,0,2,21,1,5,4,0,0,0,3,2,0,0,0,0,0,0,0,0,17,2,20,5,1080:00,16,0,1.000,59,80,13,62,23,39,.738,,,,,,,,,,,,,,,7.4073244124037,15,95
2026-27,wlax,Landmark Conference,landmark_conference,Catholic,Henley Bredemann,Henley,Bredemann,,124,Henley Bredemann,"BREDEMANN,HENLEY",BREDEMANNHENLEYCATHOLIC,19,19,,,Catholic,CATHOLIC,1049-3305,,,,,,3.21,0,3,0,0,0,3,14,1,9,1,0,0,0,8,1,0,0,0,0,0,0,0,0,21,26,18,7,1140:00,16,0,1.000,62,80,6,61,17,44,.775,,,,,,,,,,,,,,,7.371588247422665,16,94
2026-27,wlax,Landmark Conference,landmark_conference,Susquehanna,Waverly Oake-Libow,Waverly,Oake-Libow,,685,Waverly Oake-Libow,"OAKE-LIBOW,WAVERLY",OAKE-LIBOWWAVERLYSUSQUEHA,19,19,,,Susquehanna,SUSQUEHA,1054-4124,,,,,,2.68,0,3,0,0,0,0,4,0,1,1,0,0,0,3,0,0,0,0,0,0,0,0,0,27,1,43,2,1140:00,0,0,1.000,16,24,8,51,42,9,.667,,,,,,,,,,,,,,,6.975713900982807,17,94
2026-27,wlax,Landmark Conference,landmark_conference,Drew,Aubrey Welch,Aubrey,Welch,,190,Aubrey Welch,"WELCH,AUBREY",WELCHAUBREYDREW,17,17,,,Drew,DREW,1050-4375,,,,,,2.71,0,5,0,0,0,2,23,1,7,2,0,0,0,18,2,0,0,0,0,0,0,0,0,36,75,31,21,1005:00,9,0,1.000,53,69,9,46,11,35,.768,,,,,,,,,,,,,,,6.898844859938688,18,94
2026-27,wlax,Landmark Conference,landmark_conference,Drew,Madi Strong,Madi,Strong,,190,Madi Strong,"STRONG,MADI",STRONGMADIDREW,17,17,,,Drew,DREW,1050-4582,,,,,,3.00,0,5,0,0,0,1,20,3,6,0,0,0,0,4,1,0,0,0,0,0,0,0,0,28,4,35,11,1005:00,9,0,1.000,63,72,7,51,13,38,.875,,,,,,,,,,,,,,,6.506010124231657,19,94
2026-27,wlax,Landmark Conference,landmark_conference,Scranton,Grace Didominica,Grace,Didominica,,633,Grace Didominica,"DIDOMINICA,GRACE",DIDOMINICAGRACESCR,21,21,,,Scranton,SCR,1056-2662,,,,,,2.10,0,0,0,0,1,2,5,0,3,4,0,0,0,5,0,0,0,0,0,0,0,0,0,37,2,25,12,1250:00,36,0,1.000,35,41,3,44,22,22,.854,,,,,,,,,,,,,,,6.452605974516856,20,94
2026-27,wlax,Landmark Conference,landmark_conference,Catholic,Maggie Traynor,Maggie,Traynor,,124,Maggie Traynor,"TRAYNOR,MAGGIE",TRAYNORMAGGIECATHOLIC,19,8,,,Catholic,CATHOLIC,1049-3090,,,,,,2.74,0,1,0,0,0,2,17,1,6,0,0,0,0,7,2,0,0,0,0,0,0,0,0,18,0,18,9,480:00,16,0,1.000,59,81,7,52,23,29,.728,,,,,,,,,,,,,,,6.413770478840181,21,94
2026-27,wlax,Landmark Conference,landmark_conference,Drew,Kristina Lowe,Kristina,Lowe,,190,Kristina Lowe,"LOWE,KRISTINA",LOWEKRISTINADREW,17,17,,,Drew,DREW,1050-4619,,,,,,1.59,0,4,0,0,0,0,14,3,2,0,0,0,0,17,2,0,0,0,0,0,0,0,0,47,56,18,43,1005:00,9,0,1.000,39,53,11,27,5,22,.736,,,,,,,,,,,,,,,6.297886608012723,22,93
2026-27,wlax,Landmark Conference,landmark_conference,Drew,Hayden Scotti,Hayden,Scotti,,190,Hayden Scotti,"SCOTTI,HAYDEN",SCOTTIHAYDENDREW,16,15,,,Drew,DREW,1050-4626,,,,,,2.88,0,3,0,0,0,0,17,1,2,4,0,0,0,4,2,0,0,0,0,0,0,0,0,26,0,41,11,885:00,9,0,1.000,42,64,14,46,23,23,.656,,,,,,,,,,,,,,,6.149307429780307,23,93
2026-27,wlax,Landmark Conference,landmark_conference,Elizabethtown,Megan Meyer,Megan,Meyer,,211,Megan Meyer,"MEYER,MEGAN",MEYERMEGANETOWN,16,15,,,Elizabethtown,ETOWN,993-5546,,,,,,3.00,0,2,0,0,0,0,10,0,12,1,0,0,0,12,3,0,0,0,0,0,0,0,0,19,13,36,7,894:00,104,0,1.000,46,56,3,48,24,24,.821,,,,,,,,,,,,,,,5.8145843511032265,24,93
2026-27,wlax,Landmark Conference,landmark_conference,Catholic,Lindsay Sawyer,Lindsay,Sawyer,,124,Lindsay Sawyer,"SAWYER,LINDSAY",SAWYERLINDSAYCATHOLIC,19,18,,,Catholic,CATHOLIC,1049-2808,,,,,,2.47,0,6,0,0,0,0,17,0,7,1,0,0,0,8,1,0,0,0,0,0,0,0,0,25,5,22,8,1080:00,16,0,1.000,46,66,12,47,13,34,.697,,,,,,,,,,,,,,,5.594114240207588,25,93
2026-27,wlax,Landmark Conference,landmark_conference,Drew,Regina Williams,Regina,Williams,,190,Regina Williams,"WILLIAMS,REGINA",WILLIAMSREGINADREW,17,2,,,Drew,DREW,1050-4857,,,,,,2.82,0,6,0,0,0,0,24,2,6,0,0,0,0,7,1,0,0,0,0,0,0,0,0,22,6,23,11,120:00,0,0,1.000,79,107,15,48,6,42,.738,,,,,,,,,,,,,,,5.519359442363477,26,93
2026-27,wlax,Landmark Conference,landmark_conference,Elizabethtown,Abby Bach,Abby,Bach,,211,Abby Bach,"BACH,ABBY",BACHABBYETOWN,17,16,,,Elizabethtown,ETOWN,993-5811,,,,,,2.76,0,0,0,0,0,2,3,1,5,0,0,0,0,2,3,0,0,0,0,0,0,0,0,18,0,30,4,959:00,87,0,1.000,44,57,5,47,25,22,.772,,,,,,,,,,,,,,,5.445452830110861,27,92
2026-27,wlax,Landmark Conference,landmark_conference,Juniata,Elayna Stubbe,Elayna,Stubbe,,325,Elayna Stubbe,"STUBBE,ELAYNA",STUBBEELAYNAJUNIATA,16,16,,,Juniata,JUNIATA,0,,,,,,2.13,0,4,0,0,0,2,16,0,2,0,0,0,0,13,5,0,0,0,0,0,0,0,0,30,37,28,26,960:00,0,0,1.000,44,67,10,34,10,24,.657,,,,,,,,,,,,,,,5.328181731179844,28,92
2026-27,wlax,Landmark Conference,landmark_conference,Juniata,Ella McGlaughlin,Ella,McGlaughlin,,325,Ella McGlaughlin,"MCGLAUGHLIN,ELLA",MCGLAUGHLINELLAJUNIATA,16,15,,,Juniata,JUNIATA,0,,,,,,3.19,0,14,0,0,0,1,40,2,5,3,0,0,0,1,2,0,0,0,0,0,0,0,0,17,4,40,2,900:00,0,0,1.000,85,101,27,51,6,45,.842,,,,,,,,,,,,,,,4.997157563466522,29,92
2026-27,wlax,Landmark Conference,landmark_conference,Wilkes,Nina-Lily Veale,Nina-Lily,Veale,,784,Nina-Lily Veale,"VEALE,NINA-LILY",VEALENINA-LILYWILKES,16,16,,,Wilkes,WILKES,1002-4635,,,,,,2.50,0,1,0,0,0,2,10,2,1,2,0,0,0,3,3,0,0,0,0,0,0,0,0,21,52,33,9,951:00,39,0,1.000,34,45,5,40,20,20,.756,,,,,,,,,,,,,,,4.822113337961821,30,92
2026-27,wlax,Landmark Conference,landmark_conference,Susquehanna,Sophia Trively,Sophia,Trively,,685,Sophia Trively,"TRIVELY,SOPHIA",TRIVELYSOPHIASUSQUEHA,19,0,,,Susquehanna,SUSQUEHA,1054-4121,,,,,,2.47,0,4,0,0,0,3,13,0,4,1,0,0,0,4,1,0,0,0,0,0,0,0,0,18,0,23,2,00:00,0,0,1.000,58,73,12,47,13,34,.795,,,,,,,,,,,,,,,4.7975920557166285,31,92
2026-27,wlax,Landmark Conference,landmark_conference,Goucher,Katie Bloom,Katie,Bloom,,1467,Katie Bloom,"BLOOM,KATIE",BLOOMKATIEGOUCHER,17,17,,,Goucher,GOUCHER,0,,,,,,1.82,0,2,0,0,0,2,10,0,9,1,0,0,0,2,2,0,0,0,0,0,0,0,0,34,52,18,24,1013:00,49,0,1.000,42,55,3,31,3,28,.764,,,,,,,,,,,,,,,4.679265994805037,32,91
2026-27,wlax,Landmark Conference,landmark_conference,Elizabethtown,Alyssa Golombeck,Alyssa,Golombeck,,211,Alyssa Golombeck,"GOLOMBECK,ALYSSA",GOLOMBECKALYSSAETOWN,17,16,,,Elizabethtown,ETOWN,993-6443,,,,,,1.82,0,3,0,0,0,2,10,1,2,0,0,0,0,2,0,0,0,0,0,0,0,0,0,37,63,32,18,945:00,47,0,1.000,39,55,9,31,9,22,.709,,,,,,,,,,,,,,,4.620099375794511,33,91
2026-27,wlax,Landmark Conference,landmark_conference,Wilkes,Alexis Guttilla,Alexis,Guttilla,,784,Alexis Guttilla,"GUTTILLA,ALEXIS",GUTTILLAALEXISWILKES,17,17,,,Wilkes,WILKES,1002-3726,,,,,,2.29,0,2,0,0,0,1,6,0,1,0,0,0,0,10,2,0,0,0,0,0,0,0,0,18,0,16,18,1011:00,39,0,1.000,60,80,15,39,4,35,.750,,,,,,,,,,,,,,,4.5600944240805035,34,91
2026-27,wlax,Landmark Conference,landmark_conference,Drew,Emma Gallaro,Emma,Gallaro,,190,Emma Gallaro,"GALLARO,EMMA",GALLAROEMMADREW,16,16,,,Drew,DREW,1050-4377,,,,,,2.31,0,6,0,0,0,3,12,0,5,1,0,0,0,14,7,1,0,0,0,0,0,0,0,24,4,17,14,910:00,56,0,1.000,45,70,9,37,10,27,.643,,,,,,,,,,,,,,,4.529997612805724,35,91
2026-27,wlax,Landmark Conference,landmark_conference,Juniata,Skyler Stevens,Skyler,Stevens,,325,Skyler Stevens,"STEVENS,SKYLER",STEVENSSKYLERJUNIATA,16,15,,,Juniata,JUNIATA,0,,,,,,2.81,0,5,0,0,0,1,25,1,4,0,0,0,0,4,4,0,0,0,0,0,0,0,0,11,10,23,6,900:00,0,0,1.000,74,98,12,45,10,35,.755,,,,,,,,,,,,,,,4.364806840755415,36,91
2026-27,wlax,Landmark Conference,landmark_conference,Catholic,Annie Galarza,Annie,Galarza,,124,Annie Galarza,"GALARZA,ANNIE",GALARZAANNIECATHOLIC,19,10,,,Catholic,CATHOLIC,1049-3088,,,,,,2.21,0,2,0,0,0,0,10,1,2,1,0,0,0,8,1,0,0,0,0,0,0,0,0,10,2,34,5,600:00,0,0,1.000,33,46,3,42,20,22,.717,,,,,,,,,,,,,,,4.2503707357875715,37,90
2026-27,wlax,Landmark Conference,landmark_conference,Drew,Emily Monaco,Emily,Monaco,,190,Emily Monaco,"MONACO,EMILY",MONACOEMILYDREW,17,17,,,Drew,DREW,1050-4376,,,,,,0.71,0,1,0,0,0,1,3,0,1,0,0,0,0,21,3,0,0,0,0,0,0,0,0,47,41,19,43,1005:00,9,0,1.000,17,27,2,12,3,9,.630,,,,,,,,,,,,,,,4.1973002811310565,38,90
2026-27,wlax,Landmark Conference,landmark_conference,Goucher,Tatiana Emeruwa,Tatiana,Emeruwa,,1467,Tatiana Emeruwa,"EMERUWA,TATIANA",EMERUWATATIANAGOUCHER,17,14,,,Goucher,GOUCHER,0,,,,,,2.24,0,1,0,0,0,0,19,1,0,2,0,0,0,10,2,0,0,0,0,0,0,0,0,7,2,36,15,831:00,39,0,1.000,40,58,5,38,13,25,.690,,,,,,,,,,,,,,,4.032834364557768,39,90
2026-27,wlax,Landmark Conference,landmark_conference,Susquehanna,Abby DiComes,Abby,DiComes,,685,Abby DiComes,"DICOMES,ABBY",DICOMESABBYSUSQUEHA,19,3,,,Susquehanna,SUSQUEHA,1054-5148,,,,,,2.21,0,2,0,0,0,2,2,1,4,1,0,0,0,0,2,0,0,0,0,0,0,0,0,8,1,30,2,180:00,0,0,1.000,33,43,2,42,17,25,.767,,,,,,,,,,,,,,,3.801356877999497,40,90
2026-27,wlax,Landmark Conference,landmark_conference,Goucher,Emma Nelson,Emma,Nelson,,1467,Emma Nelson,"NELSON,EMMA",NELSONEMMAGOUCHER,17,17,,,Goucher,GOUCHER,0,,,,,,2.06,0,5,0,0,0,2,7,2,9,0,0,0,0,5,1,0,0,0,0,0,0,0,0,22,46,24,11,1013:00,49,0,1.000,35,57,10,35,5,30,.614,,,,,,,,,,,,,,,3.7291917557157985,41,90
2026-27,wlax,Landmark Conference,landmark_conference,Lycoming,Julie Dammes,Julie,Dammes,,373,Julie Dammes,"DAMMES,JULIE",DAMMESJULIELYCO,16,16,,,Lycoming,LYCO,996-9525,,,,,,1.38,0,3,0,0,0,0,10,0,1,1,0,0,0,10,2,0,0,0,0,0,0,0,0,42,23,36,20,960:00,0,0,1.000,24,43,9,22,7,15,.558,,,,,,,,,,,,,,,3.7225870635277456,42,90
2026-27,wlax,Landmark Conference,landmark_conference,Goucher,Camden West,Camden,West,,1467,Camden West,"WEST,CAMDEN",WESTCAMDENGOUCHER,17,17,,,Goucher,GOUCHER,0,,,,,,2.41,0,4,0,0,0,0,17,0,7,1,0,0,0,1,0,0,0,0,0,0,0,0,0,13,2,28,2,1013:00,49,0,1.000,57,75,8,41,11,30,.760,,,,,,,,,,,,,,,3.6631517885458957,43,89
2026-27,wlax,Landmark Conference,landmark_conference,Moravian,Bailey Leatherman,Bailey,Leatherman,,443,Bailey Leatherman,"LEATHERMAN,BAILEY",LEATHERMANBAILEYMORA,19,19,,,Moravian,MORA,0,,,,,,2.05,0,1,0,0,0,0,7,0,4,1,0,0,0,14,2,0,0,0,0,0,0,0,0,11,17,29,6,1140:00,0,0,1.000,45,77,4,39,7,32,.584,,,,,,,,,,,,,,,3.4335509200534533,44,89
2026-27,wlax,Landmark Conference,landmark_conference,Juniata,Devyn Mauger,Devyn,Mauger,,325,Devyn Mauger,"MAUGER,DEVYN",MAUGERDEVYNJUNIATA,16,15,,,Juniata,JUNIATA,0,,,,,,1.50,0,4,0,0,0,0,14,1,1,1,0,0,0,5,5,0,0,0,0,0,0,0,0,33,104,46,18,900:00,0,0,1.000,40,54,11,24,5,19,.741,,,,,,,,,,,,,,,3.317301291012318,45,89
2026-27,wlax,Landmark Conference,landmark_conference,Moravian,Ella Steirer,Ella,Steirer,,443,Ella Steirer,"STEIRER,ELLA",STEIRERELLAMORA,19,16,,,Moravian,MORA,0,,,,,,1.68,0,3,0,0,0,3,9,0,7,1,0,0,0,4,0,0,0,0,0,0,0,0,0,20,4,16,13,960:00,0,0,1.000,51,61,9,32,1,31,.836,,,,,,,,,,,,,,,3.213687781060402,46,89
2026-27,wlax,Landmark Conference,landmark_conference,Susquehanna,Sloane Coddington,Sloane,Coddington,,685,Sloane Coddington,"CODDINGTON,SLOANE",CODDINGTONSLOANESUSQUEHA,19,19,,,Susquehanna,SUSQUEHA,1054-4711,,,,,,1.26,0,6,0,0,0,1,11,1,3,2,0,0,0,10,0,0,0,0,0,0,0,0,0,29,43,25,18,1140:00,0,0,1.000,28,42,12,24,5,19,.667,,,,,,,,,,,,,,,3.121655126583013,47,89
2026-27,wlax,Landmark Conference,landmark_conference,Wilkes,Madyson Martinez,Madyson,Martinez,,784,Madyson Martinez,"MARTINEZ,MADYSON",MARTINEZMADYSONWILKES,17,17,,,Wilkes,WILKES,1002-4637,,,,,,1.35,0,5,0,0,0,1,6,0,2,0,0,0,0,7,3,0,0,0,0,0,0,0,0,32,41,30,15,1011:00,39,0,1.000,34,67,19,23,9,14,.507,,,,,,,,,,,,,,,3.0722898472235385,48,88
2026-27,wlax,Landmark Conference,landmark_conference,Lycoming,Molly Giufre,Molly,Giufre,,373,Molly Giufre,"GIUFRE,MOLLY",GIUFREMOLLYLYCO,16,16,,,Lycoming,LYCO,996-9527,,,,,,1.94,0,2,0,0,0,2,7,0,4,0,0,0,0,6,1,0,0,0,0,0,0,0,0,16,3,27,7,960:00,0,0,1.000,27,43,6,31,14,17,.628,,,,,,,,,,,,,,,2.9672312471905604,49,88
2026-27,wlax,Landmark Conference,landmark_conference,Scranton,Alexandra Back,Alexandra,Back,,633,Alexandra Back,"BACK,ALEXANDRA",BACKALEXANDRASCR,20,9,,,Scranton,SCR,1056-2868,,,,,,1.70,0,1,0,0,0,1,12,1,2,0,0,0,0,5,0,0,0,0,0,0,0,0,0,9,3,20,5,545:00,27,0,1.000,31,36,4,34,13,21,.861,,,,,,,,,,,,,,,2.8356645565407113,50,88
2026-27,wlax,Landmark Conference,landmark_conference,Moravian,Cora Sollenberger,Cora,Sollenberger,,443,Cora Sollenberger,"SOLLENBERGER,CORA",SOLLENBERGERCORAMORA,19,14,,,Moravian,MORA,0,,,,,,1.58,0,2,0,0,0,0,15,0,0,2,0,0,0,2,1,0,0,0,0,0,0,0,0,18,21,28,7,840:00,0,0,1.000,30,38,5,30,11,19,.789,,,,,,,,,,,,,,,2.8064116116185653,51,88
2026-27,wlax,Landmark Conference,landmark_conference,Scranton,Colleen Mullin,Colleen,Mullin,,633,Colleen Mullin,"MULLIN,COLLEEN",MULLINCOLLEENSCR,20,8,,,Scranton,SCR,1056-2480,,,,,,1.70,0,5,0,0,0,1,13,1,6,1,0,0,0,2,0,0,0,0,0,0,0,0,0,9,0,25,4,465:00,9,0,1.000,43,62,13,34,10,24,.694,,,,,,,,,,,,,,,2.63585424654718,52,88
2026-27,wlax,Landmark Conference,landmark_conference,Scranton,Natalie Paul,Natalie,Paul,,633,Natalie Paul,"PAUL,NATALIE",PAULNATALIESCR,21,19,,,Scranton,SCR,1056-2660,,,,,,1.10,0,2,0,0,0,0,2,0,0,0,0,0,0,7,4,0,0,0,0,0,0,0,0,26,6,23,10,1130:00,36,0,1.000,24,40,8,23,12,11,.600,,,,,,,,,,,,,,,2.524489513833436,53,88
2026-27,wlax,Landmark Conference,landmark_conference,Scranton,Mia Dinnocenzio,Mia,Dinnocenzio,,633,Mia Dinnocenzio,"DINNOCENZIO,MIA",DINNOCENZIOMIASCR,21,20,,,Scranton,SCR,1056-1586,,,,,,0.00,0,0,0,0,0,0,0,0,0,0,0,0,0,4,1,0,0,0,0,0,0,0,0,43,0,18,43,1205:00,27,0,1.000,0,0,0,0,0,0,.000,,,,,,,,,,,,,,,2.2632623525014113,54,87
2026-27,wlax,Landmark Conference,landmark_conference,Wilkes,Karinne Podwika,Karinne,Podwika,,784,Karinne Podwika,"PODWIKA,KARINNE",PODWIKAKARINNEWILKES,16,13,,,Wilkes,WILKES,1002-4633,,,,,,1.75,0,7,0,0,0,0,15,0,2,1,0,0,0,6,1,0,0,0,0,0,0,0,0,16,1,17,6,771:00,39,0,1.000,35,40,12,28,7,21,.875,,,,,,,,,,,,,,,2.198359579176394,55,87
2026-27,wlax,Landmark Conference,landmark_conference,Susquehanna,Makaela Larkin,Makaela,Larkin,,685,Makaela Larkin,"LARKIN,MAKAELA",LARKINMAKAELASUSQUEHA,19,16,,,Susquehanna,SUSQUEHA,1054-4704,,,,,,1.21,0,8,0,0,0,0,13,0,2,1,0,0,0,2,1,0,0,0,0,0,0,0,0,28,4,21,6,960:00,0,0,1.000,24,39,11,23,5,18,.615,,,,,,,,,,,,,,,2.0299381514132726,56,87
2026-27,wlax,Landmark Conference,landmark_conference,Wilkes,Morgan Hettesheimer,Morgan,Hettesheimer,,784,Morgan Hettesheimer,"HETTESHEIMER,MORGAN",HETTESHEIMERMORGANWILKES,17,16,,,Wilkes,WILKES,1002-4195,,,,,,1.53,0,2,0,0,0,0,17,0,5,0,0,0,0,2,0,0,0,0,0,0,0,0,0,19,1,17,8,951:00,39,0,1.000,35,41,4,26,1,25,.854,,,,,,,,,,,,,,,1.9791892325049687,57,87
2026-27,wlax,Landmark Conference,landmark_conference,Scranton,Jessica McCabe,Jessica,McCabe,,633,Jessica McCabe,"MCCABE,JESSICA",MCCABEJESSICASCR,21,13,,,Scranton,SCR,1056-1589,,,,,,1.29,0,3,0,0,0,1,11,0,3,2,0,0,0,2,1,0,0,0,0,0,0,0,0,11,0,11,6,785:00,27,0,1.000,33,56,6,27,7,20,.589,,,,,,,,,,,,,,,1.819279233056699,58,87
2026-27,wlax,Landmark Conference,landmark_conference,Catholic,Maddie McDevitt,Maddie,McDevitt,,124,Maddie McDevitt,"MCDEVITT,MADDIE",MCDEVITTMADDIECATHOLIC,19,17,,,Catholic,CATHOLIC,1049-3314,,,,,,1.42,0,6,0,0,0,0,18,0,3,2,0,0,0,9,3,0,0,0,0,0,0,0,0,11,53,28,8,1030:00,8,0,1.000,40,58,9,27,3,24,.690,,,,,,,,,,,,,,,1.805166262365144,59,86
2026-27,wlax,Landmark Conference,landmark_conference,Goucher,Angelena Holmes,Angelena,Holmes,,1467,Angelena Holmes,"HOLMES,ANGELENA",HOLMESANGELENAGOUCHER,17,17,,,Goucher,GOUCHER,0,,,,,,0.00,0,0,0,0,0,0,0,0,0,0,0,0,0,11,3,0,0,0,0,0,0,0,0,56,2,31,28,1013:00,49,0,1.000,0,0,0,0,0,0,.000,,,,,,,,,,,,,,,1.7637588950474667,60,86
2026-27,wlax,Landmark Conference,landmark_conference,Susquehanna,Kimberly Nagengast,Kimberly,Nagengast,,685,Kimberly Nagengast,"NAGENGAST,KIMBERLY",NAGENGASTKIMBERLYSUSQUEHA,19,19,,,Susquehanna,SUSQUEHA,1054-3922,,,,,,0.05,0,0,0,0,0,0,0,0,0,0,0,0,0,5,6,0,0,0,0,0,0,0,0,38,58,22,36,1140:00,0,0,1.000,0,0,0,1,1,0,.000,,,,,,,,,,,,,,,1.6647690170860838,61,86
2026-27,wlax,Landmark Conference,landmark_conference,Catholic,Tori Wilsey,Tori,Wilsey,,124,Tori Wilsey,"WILSEY,TORI",WILSEYTORICATHOLIC,19,16,,,Catholic,CATHOLIC,1049-2811,,,,,,0.95,0,2,0,0,0,1,6,1,0,0,0,0,0,4,5,0,0,0,0,0,0,0,0,19,64,11,15,960:00,16,0,1.000,26,39,5,18,6,12,.667,,,,,,,,,,,,,,,1.639706532709396,62,86
2026-27,wlax,Landmark Conference,landmark_conference,Goucher,Amaya Locke,Amaya,Locke,,1467,Amaya Locke,"LOCKE,AMAYA",LOCKEAMAYAGOUCHER,16,7,,,Goucher,GOUCHER,0,,,,,,1.75,0,1,0,0,0,0,13,0,4,1,0,0,0,3,0,0,0,0,0,0,0,0,0,11,0,26,3,411:00,39,0,1.000,41,53,5,28,4,24,.774,,,,,,,,,,,,,,,1.602611098066339,63,86
2026-27,wlax,Landmark Conference,landmark_conference,Juniata,Kyra Shipley,Kyra,Shipley,,325,Kyra Shipley,"SHIPLEY,KYRA",SHIPLEYKYRAJUNIATA,14,13,,,Juniata,JUNIATA,0,,,,,,0.29,0,0,0,0,0,0,0,0,0,0,0,0,0,14,7,0,0,0,0,0,0,0,0,39,10,24,28,780:00,0,0,1.000,5,8,0,4,3,1,.625,,,,,,,,,,,,,,,1.594473335758755,64,85
2026-27,wlax,Landmark Conference,landmark_conference,Moravian,Faith Mahoskey,Faith,Mahoskey,,443,Faith Mahoskey,"MAHOSKEY,FAITH",MAHOSKEYFAITHMORA,18,4,,,Moravian,MORA,0,,,,,,1.72,0,2,0,0,0,1,7,0,6,1,0,0,0,1,0,0,0,0,0,0,0,0,0,3,2,14,0,240:00,0,0,1.000,38,43,3,31,8,23,.884,,,,,,,,,,,,,,,1.553309428858526,65,85
2026-27,wlax,Landmark Conference,landmark_conference,Drew,Gianna Paz,Gianna,Paz,,190,Gianna Paz,"PAZ,GIANNA",PAZGIANNADREW,16,16,,,Drew,DREW,1050-4855,,,,,,0.06,0,0,0,0,0,0,1,0,0,0,0,0,0,3,1,0,0,0,0,0,0,0,0,41,0,12,30,945:00,9,0,1.000,2,3,0,1,0,1,.667,,,,,,,,,,,,,,,1.3159888846005257,66,85
2026-27,wlax,Landmark Conference,landmark_conference,Scranton,Tara McHugh,Tara,McHugh,,633,Tara McHugh,"MCHUGH,TARA",MCHUGHTARASCR,21,21,,,Scranton,SCR,1056-2859,,,,,,0.05,0,0,0,0,0,0,0,0,0,0,0,0,0,7,1,0,0,0,0,0,0,0,0,37,0,5,32,1250:00,36,0,1.000,1,1,0,1,1,0,1.000,,,,,,,,,,,,,,,1.3130965448189735,67,85
2026-27,wlax,Landmark Conference,landmark_conference,Moravian,Gianna Lotito,Gianna,Lotito,,443,Gianna Lotito,"LOTITO,GIANNA",LOTITOGIANNAMORA,18,18,,,Moravian,MORA,0,,,,,,0.39,0,0,0,0,0,0,4,0,2,2,0,0,0,10,4,0,0,0,0,0,0,0,0,39,23,16,20,1080:00,0,0,1.000,14,23,4,7,1,6,.609,,,,,,,,,,,,,,,1.3097726770526528,68,85
2026-27,wlax,Landmark Conference,landmark_conference,Scranton,Allyson Flynn,Allyson,Flynn,,633,Allyson Flynn,"FLYNN,ALLYSON",FLYNNALLYSONSCR,21,2,,,Scranton,SCR,1056-2858,,,,,,1.24,0,2,0,0,0,2,6,0,5,3,0,0,0,6,1,0,0,0,0,0,0,0,0,8,0,11,3,120:00,0,0,1.000,29,36,2,26,6,20,.806,,,,,,,,,,,,,,,1.2695779117139578,69,84
2026-27,wlax,Landmark Conference,landmark_conference,Susquehanna,Aerin O'Brien,Aerin,O'Brien,,685,Aerin O'Brien,"O'BRIEN,AERIN",O'BRIENAERINSUSQUEHA,19,19,,,Susquehanna,SUSQUEHA,1054-3920,,,,,,0.00,0,0,0,0,0,0,0,0,0,0,0,0,0,0,1,0,0,0,0,0,0,0,0,38,0,17,8,1129:00,43,0,1.000,0,0,0,0,0,0,.000,19,1082:09,180,175,0,9,10,0,0,0,0,478,9.98,.493,1.1255348599094417,70,84
2026-27,wlax,Landmark Conference,landmark_conference,Wilkes,Mara Adams,Mara,Adams,,784,Mara Adams,"ADAMS,MARA",ADAMSMARAWILKES,17,17,,,Wilkes,WILKES,1002-3972,,,,,,0.06,0,0,0,0,0,0,0,0,0,0,0,0,0,5,1,0,0,0,0,0,0,0,0,35,0,14,29,1011:00,39,0,1.000,0,0,0,1,1,0,.000,,,,,,,,,,,,,,,0.9882027642344833,71,84
2026-27,wlax,Landmark Conference,landmark_conference,Catholic,Jamie Handwerger,Jamie,Handwerger,,124,Jamie Handwerger,"HANDWERGER,JAMIE",HANDWERGERJAMIECATHOLIC,4,0,,,Catholic,CATHOLIC,1049-3311,,,,,,0.00,0,0,0,0,0,0,0,0,0,0,0,0,0,0,0,0,0,0,0,0,0,0,0,3,0,0,0,00:00,0,0,1.000,0,0,0,0,0,0,.000,3,45:00,1,7,0,0,0,0,0,0,0,9,1.33,.875,0.9006868225279163,72,84
2026-27,wlax,Landmark Conference,landmark_conference,Catholic,Grace Button,Grace,Button,,124,Grace Button,"BUTTON,GRACE",BUTTONGRACECATHOLIC,18,18,,,Catholic,CATHOLIC,1049-2800,,,,,,0.00,0,0,0,0,0,0,0,0,0,0,0,0,0,8,6,0,0,0,0,0,0,0,0,42,1,12,25,1080:00,16,0,1.000,0,0,0,0,0,0,.000,,,,,,,,,,,,,,,0.85192662117506,73,84
2026-27,wlax,Landmark Conference,landmark_conference,Scranton,Paige Martin,Paige,Martin,,633,Paige Martin,"MARTIN,PAIGE",MARTINPAIGESCR,21,21,,,Scranton,SCR,1056-2664,,,,,,0.00,0,0,0,0,0,0,0,0,0,0,0,0,0,3,4,0,0,0,0,0,0,0,0,38,2,5,27,1250:00,36,0,1.000,0,0,0,0,0,0,.000,,,,,,,,,,,,,,,0.8076609223256459,74,84
2026-27,wlax,Landmark Conference,landmark_conference,Susquehanna,Shea Cina,Shea,Cina,,685,Shea Cina,"CINA,SHEA",CINASHEASUSQUEHA,19,19,,,Susquehanna,SUSQUEHA,1054-4713,,,,,,0.05,0,0,0,0,0,0,0,0,0,0,0,0,0,7,1,0,0,0,0,0,0,0,0,39,4,12,22,1140:00,0,0,1.000,0,0,0,1,1,0,.000,,,,,,,,,,,,,,,0.6540172991341677,75,83
2026-27,wlax,Landmark Conference,landmark_conference,Wilkes,Emily Jackson,Emily,Jackson,,784,Emily Jackson,"JACKSON,EMILY",JACKSONEMILYWILKES,17,17,,,Wilkes,WILKES,1002-3973,,,,,,1.18,0,0,0,0,0,1,3,0,0,0,0,0,0,2,1,0,0,0,0,0,0,0,0,8,0,30,5,1011:00,39,0,1.000,39,55,7,20,5,15,.709,,,,,,,,,,,,,,,0.5724491747276106,76,83
2026-27,wlax,Landmark Conference,landmark_conference,Juniata,Emily Kemmer,Emily,Kemmer,,325,Emily Kemmer,"KEMMER,EMILY",KEMMEREMILYJUNIATA,16,16,,,Juniata,JUNIATA,0,,,,,,1.06,0,2,0,0,0,1,4,0,1,0,0,0,0,9,0,0,0,0,0,0,0,0,0,12,11,18,8,960:00,0,0,1.000,22,29,4,17,3,14,.759,,,,,,,,,,,,,,,0.5088513976418418,77,83
2026-27,wlax,Landmark Conference,landmark_conference,Wilkes,Halie Albright,Halie,Albright,,784,Halie Albright,"ALBRIGHT,HALIE",ALBRIGHTHALIEWILKES,17,17,,,Wilkes,WILKES,1002-4193,,,,,,0.76,0,0,0,0,0,0,9,0,1,1,0,0,0,6,1,0,0,0,0,0,0,0,0,27,7,14,4,1011:00,39,0,1.000,16,19,2,13,2,11,.842,,,,,,,,,,,,,,,0.36029966169184097,78,83
2026-27,wlax,Landmark Conference,landmark_conference,Catholic,Kelly Bunnick,Kelly,Bunnick,,124,Kelly Bunnick,"BUNNICK,KELLY",BUNNICKKELLYCATHOLIC,19,17,,,Catholic,CATHOLIC,1049-3307,,,,,,0.00,0,0,0,0,0,0,0,0,0,0,0,0,0,10,3,0,0,0,0,0,0,0,0,31,4,12,25,1020:00,16,0,1.000,2,2,0,0,0,0,1.000,,,,,,,,,,,,,,,0.3138996689944695,79,83
2026-27,wlax,Landmark Conference,landmark_conference,Catholic,Ellie Verrill,Ellie,Verrill,,124,Ellie Verrill,"VERRILL,ELLIE",VERRILLELLIECATHOLIC,19,2,,,Catholic,CATHOLIC,1049-3084,,,,,,0.89,0,3,0,0,0,1,5,0,2,1,0,0,0,4,0,0,0,0,0,0,0,0,0,13,1,15,5,120:00,0,0,1.000,23,36,6,17,2,15,.639,,,,,,,,,,,,,,,0.28931888131146877,80,82
2026-27,wlax,Landmark Conference,landmark_conference,Lycoming,Sarah Spring,Sarah,Spring,,373,Sarah Spring,"SPRING,SARAH",SPRINGSARAHLYCO,16,16,,,Lycoming,LYCO,996-9111,,,,,,0.75,0,0,0,0,0,0,1,0,0,0,0,0,0,2,0,0,0,0,0,0,0,0,0,13,5,14,9,960:00,0,0,1.000,15,20,0,12,7,5,.750,,,,,,,,,,,,,,,0.12633340489524675,81,82
2026-27,wlax,Landmark Conference,landmark_conference,Catholic,Peyton Wozniak,Peyton,Wozniak,,124,Peyton Wozniak,"WOZNIAK,PEYTON",WOZNIAKPEYTONCATHOLIC,15,0,,,Catholic,CATHOLIC,1049-3319,,,,,,1.07,0,0,0,0,0,0,2,1,0,0,0,0,0,1,0,0,0,0,0,0,0,0,0,7,2,12,2,00:00,0,0,1.000,6,10,0,16,13,3,.600,,,,,,,,,,,,,,,0.08936324546108904,82,82
2026-27,wlax,Landmark Conference,landmark_conference,Elizabethtown,Alex Gonzalez,Alex,Gonzalez,,211,Alex Gonzalez,"GONZALEZ,ALEX",GONZALEZALEXETOWN,0,0,,,Elizabethtown,ETOWN,993-6039,,,,,,0,,,,,,,,,,,,,,,,,,,,,,,,,,,,,,,,,,,,,,,,,,,,,,,,,,,,,0.0,83,82
2026-27,wlax,Landmark Conference,landmark_conference,Catholic,Laura Sullivan,Laura,Sullivan,,124,Laura Sullivan,"SULLIVAN,LAURA",SULLIVANLAURACATHOLIC,0,0,,,Catholic,CATHOLIC,1049-2810,,,,,,0,,,,,,,,,,,,,,,,,,,,,,,,,,,,,,,,,,,,,,,,,,,,,,,,,,,,,0.0,84,82
2026-27,wlax,Landmark Conference,landmark_conference,Catholic,Maeve O'Shaughnessy,Maeve,O'Shaughnessy,,124,Maeve O'Shaughnessy,"O'SHAUGHNESSY,MAEVE",O'SHAUGHNESSYMAEVECATHOLIC,0,0,,,Catholic,CATHOLIC,1049-3315,,,,,,0,,,,,,,,,,,,,,,,,,,,,,,,,,,,,,,,,,,,,,,,,,,,,,,,,,,,,0.0,85,82
2026-27,wlax,Landmark Conference,landmark_conference,Lycoming,Marissa Price,Marissa,Price,,373,Marissa Price,"PRICE,MARISSA",PRICEMARISSALYCO,0,0,,,Lycoming,LYCO,996-9265,,,,,,0,,,,,,,,,,,,,,,,,,,,,,,,,,,,,,,,,,,,,,,,,,,,,,,,,,,,,0.0,86,81
2026-27,wlax,Landmark Conference,landmark_conference,Juniata,Mara Gallo,Mara,Gallo,,325,Mara Gallo,"GALLO,MARA",GALLOMARAJUNIATA,16,15,,,Juniata,JUNIATA,0,,,,,,0.69,0,2,0,0,0,0,8,0,1,0,0,0,0,1,0,0,0,0,0,0,0,0,0,20,1,13,7,900:00,0,0,1.000,19,29,5,11,2,9,.655,,,,,,,,,,,,,,,-0.0240557088557318,87,81
2026-27,wlax,Landmark Conference,landmark_conference,Scranton,Eva Guerino,Eva,Guerino,,633,Eva Guerino,"GUERINO,EVA",GUERINOEVASCR,21,21,,,Scranton,SCR,1056-1587,,,,,,0.00,0,0,0,0,0,0,0,0,0,0,0,0,0,0,0,0,0,0,0,0,0,0,0,22,0,2,1,1250:00,36,0,1.000,0,0,0,0,0,0,.000,21,1110:44,159,160,0,15,6,0,0,0,0,460,8.59,.502,-0.05167772976839213,88,81
2026-27,wlax,Landmark Conference,landmark_conference,Scranton,Bella Margro,Bella,Margro,,633,Bella Margro,"MARGRO,BELLA",MARGROBELLASCR,21,21,,,Scranton,SCR,1056-2659,,,,,,0.05,0,0,0,0,0,0,0,0,0,0,0,0,0,1,0,0,0,0,0,0,0,0,0,40,3,7,12,1250:00,36,0,1.000,0,0,0,1,1,0,.000,,,,,,,,,,,,,,,-0.05397348765796467,89,81
2026-27,wlax,Landmark Conference,landmark_conference,Moravian,Reagan Reiner,Reagan,Reiner,,443,Reagan Reiner,"REINER,REAGAN",REINERREAGANMORA,19,19,,,Moravian,MORA,0,,,,,,0.05,0,0,0,0,0,0,1,0,0,0,0,0,0,6,0,0,0,0,0,0,0,0,0,45,4,16,9,1140:00,0,0,1.000,1,2,0,1,0,1,.500,,,,,,,,,,,,,,,-0.07785983955903217,90,81
2026-27,wlax,Landmark Conference,landmark_conference,Elizabethtown,Peyton Walters,Peyton,Walters,,211,Peyton Walters,"WALTERS,PEYTON",WALTERSPEYTONETOWN,2,0,,,Elizabethtown,ETOWN,993-6439,,,,,,0.00,0,0,0,0,0,0,0,0,0,0,0,0,0,0,0,0,0,0,0,0,0,0,0,0,0,0,0,00:00,0,0,1.000,0,0,0,0,0,0,.000,2,30:00,1,3,0,0,0,0,0,0,0,5,2.00,.750,-0.12116775242463568,91,80
2026-27,wlax,Landmark Conference,landmark_conference,Moravian,Lily Parker,Lily,Parker,,443,Lily Parker,"PARKER,LILY",PARKERLILYMORA,17,15,,,Moravian,MORA,0,,,,,,0.00,0,0,0,0,0,0,0,0,0,0,0,0,0,2,0,1,0,0,0,0,0,0,0,21,0,15,3,987:00,84,0,1.000,0,0,0,0,0,0,.000,17,909:43,127,131,0,11,5,0,0,0,0,372,8.38,.508,-0.14007745201764388,92,80
2026-27,wlax,Landmark Conference,landmark_conference,Moravian,Alanna McBrearty,Alanna,McBrearty,,443,Alanna McBrearty,"MCBREARTY,ALANNA",MCBREARTYALANNAMORA,18,17,,,Moravian,MORA,0,,,,,,0.06,0,0,0,0,0,0,0,0,0,0,0,0,0,8,2,0,0,0,0,0,0,0,0,24,1,8,21,1020:00,0,0,1.000,0,0,0,1,1,0,.000,,,,,,,,,,,,,,,-0.15534605026567405,93,80
2026-27,wlax,Landmark Conference,landmark_conference,Elizabethtown,Jenna Wilson,Jenna,Wilson,,211,Jenna Wilson,"WILSON,JENNA",WILSONJENNAETOWN,17,16,,,Elizabethtown,ETOWN,993-5911,,,,,,0.00,0,0,0,0,0,0,0,0,0,0,0,0,0,8,3,0,0,0,0,0,0,0,0,24,0,7,22,954:00,104,0,1.000,0,0,0,0,0,0,.000,,,,,,,,,,,,,,,-0.2555518171266531,94,80
2026-27,wlax,Landmark Conference,landmark_conference,Scranton,Lylah Wilhelm,Lylah,Wilhelm,,633,Lylah Wilhelm,"WILHELM,LYLAH",WILHELMLYLAHSCR,21,12,,,Scranton,SCR,1056-2870,,,,,,0.67,0,2,0,0,0,0,4,0,1,0,0,0,0,6,0,0,0,0,0,0,0,0,0,9,53,12,4,705:00,9,0,1.000,12,18,2,14,5,9,.667,,,,,,,,,,,,,,,-0.261465360453386,95,80
2026-27,wlax,Landmark Conference,landmark_conference,Lycoming,Rachel Crawford,Rachel,Crawford,,373,Rachel Crawford,"CRAWFORD,RACHEL",CRAWFORDRACHELLYCO,16,16,,,Lycoming,LYCO,996-9524,,,,,,0.00,0,0,0,0,0,0,0,0,0,0,0,0,0,6,2,0,0,0,0,0,0,0,0,26,3,43,19,960:00,0,0,1.000,1,2,1,0,0,0,.500,,,,,,,,,,,,,,,-0.38479943328183797,96,79
2026-27,wlax,Landmark Conference,landmark_conference,Catholic,Olivia Daniels,Olivia,Daniels,,124,Olivia Daniels,"DANIELS,OLIVIA",DANIELSOLIVIACATHOLIC,18,9,,,Catholic,CATHOLIC,1049-3310,,,,,,0.06,0,0,0,0,0,0,0,0,0,0,0,0,0,9,1,0,0,0,0,0,0,0,0,29,23,4,15,530:00,8,0,1.000,1,1,0,1,0,1,1.000,,,,,,,,,,,,,,,-0.40630310053657903,97,79
2026-27,wlax,Landmark Conference,landmark_conference,Lycoming,Summer Emlet,Summer,Emlet,,373,Summer Emlet,"EMLET,SUMMER",EMLETSUMMERLYCO,15,15,,,Lycoming,LYCO,996-9315,,,,,,0.13,0,1,0,0,0,1,2,0,1,0,0,0,0,6,2,0,0,0,0,0,0,0,0,24,10,34,16,900:00,0,0,1.000,5,6,2,2,0,2,.833,,,,,,,,,,,,,,,-0.44064793270020264,98,79
2026-27,wlax,Landmark Conference,landmark_conference,Susquehanna,Bridget McCann,Bridget,McCann,,685,Bridget McCann,"MCCANN,BRIDGET",MCCANNBRIDGETSUSQUEHA,19,19,,,Susquehanna,SUSQUEHA,1054-4122,,,,,,0.00,0,0,0,0,0,0,0,0,0,0,0,0,0,3,1,0,0,0,0,0,0,0,0,34,0,5,13,1140:00,0,0,1.000,0,0,0,0,0,0,.000,,,,,,,,,,,,,,,-0.44764850116290206,99,79
2026-27,wlax,Landmark Conference,landmark_conference,Elizabethtown,Jordyn Hironimus,Jordyn,Hironimus,,211,Jordyn Hironimus,"HIRONIMUS,JORDYN",HIRONIMUSJORDYNETOWN,17,17,,,Elizabethtown,ETOWN,993-5913,,,,,,0.53,0,0,0,0,0,0,1,1,1,1,0,0,0,5,1,0,0,0,0,0,0,0,0,16,17,12,6,1014:00,104,0,1.000,11,13,2,9,3,6,.846,,,,,,,,,,,,,,,-0.5230640281732473,100,79
2026-27,wlax,Landmark Conference,landmark_conference,Elizabethtown,Olivia Keeney,Olivia,Keeney,,211,Olivia Keeney,"KEENEY,OLIVIA",KEENEYOLIVIAETOWN,17,17,,,Elizabethtown,ETOWN,993-6098,,,,,,0.00,0,0,0,0,0,0,0,0,0,0,0,0,0,3,2,0,0,0,0,0,0,0,0,27,0,14,16,1014:00,104,0,1.000,0,0,0,0,0,0,.000,,,,,,,,,,,,,,,-0.562958590544349,101,78
2026-27,wlax,Landmark Conference,landmark_conference,Goucher,Imani Ward,Imani,Ward,,1467,Imani Ward,"WARD,IMANI",WARDIMANIGOUCHER,17,3,,,Goucher,GOUCHER,0,,,,,,1.00,0,2,0,0,0,1,7,0,3,1,0,0,0,0,1,0,0,0,0,0,0,0,0,2,1,18,0,180:00,0,0,1.000,22,27,6,17,2,15,.815,,,,,,,,,,,,,,,-0.6271592348188509,102,78
2026-27,wlax,Landmark Conference,landmark_conference,Catholic,Clare Martin,Clare,Martin,,124,Clare Martin,"MARTIN,CLARE",MARTINCLARECATHOLIC,19,19,,,Catholic,CATHOLIC,1049-2804,,,,,,0.00,0,0,0,0,0,0,0,0,0,0,0,0,0,11,3,0,0,0,0,0,0,0,0,24,3,9,17,1140:00,16,0,1.000,1,2,0,0,0,0,.500,,,,,,,,,,,,,,,-0.6340029810763824,103,78
2026-27,wlax,Landmark Conference,landmark_conference,Drew,Zoey Pipher,Zoey,Pipher,,190,Zoey Pipher,"PIPHER,ZOEY",PIPHERZOEYDREW,17,17,,,Drew,DREW,1050-4622,,,,,,0.29,0,0,0,0,0,0,1,0,0,0,0,0,0,4,1,0,0,0,0,0,0,0,0,20,24,8,9,1005:00,9,0,1.000,5,6,0,5,3,2,.833,,,,,,,,,,,,,,,-0.6384377277063555,104,78
2026-27,wlax,Landmark Conference,landmark_conference,Lycoming,Autumn Shahan,Autumn,Shahan,,373,Autumn Shahan,"SHAHAN,AUTUMN",SHAHANAUTUMNLYCO,16,16,,,Lycoming,LYCO,996-8959,,,,,,0.00,0,0,0,0,0,0,0,0,0,0,0,0,0,3,2,0,0,0,0,0,0,0,0,30,21,29,13,960:00,0,0,1.000,2,2,0,0,0,0,1.000,,,,,,,,,,,,,,,-0.6432946655922074,105,78
2026-27,wlax,Landmark Conference,landmark_conference,Susquehanna,Lizzy Povalski,Lizzy,Povalski,,685,Lizzy Povalski,"POVALSKI,LIZZY",POVALSKILIZZYSUSQUEHA,19,19,,,Susquehanna,SUSQUEHA,1054-3924,,,,,,0.05,0,0,0,0,0,0,0,0,0,0,0,0,0,0,1,0,0,0,0,0,0,0,0,17,2,14,18,1140:00,0,0,1.000,0,0,0,1,1,0,.000,,,,,,,,,,,,,,,-0.7247975363867962,106,78
2026-27,wlax,Landmark Conference,landmark_conference,Scranton,Leah Smith,Leah,Smith,,633,Leah Smith,"SMITH,LEAH",SMITHLEAHSCR,21,19,,,Scranton,SCR,1056-2860,,,,,,0.00,0,0,0,0,0,0,0,0,0,0,0,0,0,4,1,0,0,0,0,0,0,0,0,31,3,4,11,1130:00,36,0,1.000,1,3,0,0,0,0,.333,,,,,,,,,,,,,,,-0.745763590064773,107,77
2026-27,wlax,Landmark Conference,landmark_conference,Lycoming,Emma Yanders,Emma,Yanders,,373,Emma Yanders,"YANDERS,EMMA",YANDERSEMMALYCO,16,16,,,Lycoming,LYCO,996-9330,,,,,,0.00,0,0,0,0,0,0,0,0,0,0,0,0,0,0,1,0,0,0,0,0,0,0,0,33,0,31,6,935:00,73,0,1.000,0,0,0,0,0,0,.000,16,852:56,232,168,0,2,8,0,0,0,0,537,16.32,.420,-0.7480832449959967,108,77
2026-27,wlax,Landmark Conference,landmark_conference,Juniata,Kambria Hoyt,Kambria,Hoyt,,325,Kambria Hoyt,"HOYT,KAMBRIA",HOYTKAMBRIAJUNIATA,16,15,,,Juniata,JUNIATA,0,,,,,,0.06,0,0,0,0,0,0,0,0,0,0,0,0,0,4,4,0,0,0,0,0,0,0,0,21,6,23,15,900:00,0,0,1.000,2,3,1,1,1,0,.667,,,,,,,,,,,,,,,-0.7562220703273285,109,77
2026-27,wlax,Landmark Conference,landmark_conference,Lycoming,Lilian Quigley,Lilian,Quigley,,373,Lilian Quigley,"QUIGLEY,LILIAN",QUIGLEYLILIANLYCO,16,13,,,Lycoming,LYCO,996-9528,,,,,,0.56,0,1,0,0,0,0,1,0,2,0,0,0,0,6,1,0,0,0,0,0,0,0,0,11,0,24,6,780:00,0,0,1.000,15,20,3,9,3,6,.750,,,,,,,,,,,,,,,-0.7676217337098792,110,77
2026-27,wlax,Landmark Conference,landmark_conference,Goucher,Gaby Cruz Santiago,Gaby Cruz,Santiago,,1467,Gaby Cruz Santiago,"SANTIAGO,GABY CRUZ",SANTIAGOGABYCRUZGOUCHER,15,14,,,Goucher,GOUCHER,0,,,,,,0.00,0,0,0,0,0,0,0,0,0,0,0,0,0,2,1,0,0,0,0,0,0,0,0,24,1,13,14,833:00,49,0,1.000,0,0,0,0,0,0,.000,,,,,,,,,,,,,,,-0.8610736794462202,111,77
2026-27,wlax,Landmark Conference,landmark_conference,Susquehanna,Alena Malinowski,Alena,Malinowski,,685,Alena Malinowski,"MALINOWSKI,ALENA",MALINOWSKIALENASUSQUEHA,17,3,,,Susquehanna,SUSQUEHA,1054-5147,,,,,,0.53,0,1,0,0,0,0,3,0,2,0,0,0,0,7,0,0,0,0,0,0,0,0,0,7,13,14,6,180:00,0,0,1.000,12,15,2,9,2,7,.800,,,,,,,,,,,,,,,-1.0046412572070464,112,76
2026-27,wlax,Landmark Conference,landmark_conference,Catholic,Olivia Eikenberg,Olivia,Eikenberg,,124,Olivia Eikenberg,"EIKENBERG,OLIVIA",EIKENBERGOLIVIACATHOLIC,12,1,,,Catholic,CATHOLIC,1049-3621,,,,,,1.00,0,0,0,0,0,0,3,0,1,0,0,0,0,3,0,0,0,0,0,0,0,0,0,4,1,5,0,60:00,0,0,1.000,8,14,0,12,6,6,.571,,,,,,,,,,,,,,,-1.0364559192480653,113,76
2026-27,wlax,Landmark Conference,landmark_conference,Scranton,Riley Miller,Riley,Miller,,633,Riley Miller,"MILLER,RILEY",MILLERRILEYSCR,12,0,,,Scranton,SCR,1056-2867,,,,,,0.83,0,0,0,0,0,0,1,0,1,0,0,0,0,4,1,0,0,0,0,0,0,0,0,8,7,13,2,00:00,0,0,1.000,13,16,3,10,2,8,.813,,,,,,,,,,,,,,,-1.1239680066764408,114,76
2026-27,wlax,Landmark Conference,landmark_conference,Drew,Kaitlyn Llompart,Kaitlyn,Llompart,,190,Kaitlyn Llompart,"LLOMPART,KAITLYN",LLOMPARTKAITLYNDREW,17,17,,,Drew,DREW,1050-4854,,,,,,0.06,0,0,0,0,0,0,0,0,0,0,0,0,0,3,1,0,0,0,0,0,0,0,0,17,3,9,12,1005:00,9,0,1.000,0,0,0,1,1,0,.000,,,,,,,,,,,,,,,-1.1789389331264717,115,76
2026-27,wlax,Landmark Conference,landmark_conference,Goucher,Kennedy Harper,Kennedy,Harper,,1467,Kennedy Harper,"HARPER,KENNEDY",HARPERKENNEDYGOUCHER,17,17,,,Goucher,GOUCHER,0,,,,,,0.00,0,0,0,0,0,0,0,0,0,0,0,0,0,0,0,0,0,0,0,0,0,0,0,39,0,27,0,1013:00,49,0,1.000,0,0,0,0,0,0,.000,17,959:14,224,131,0,6,12,0,0,0,0,478,14.01,.369,-1.1797551591835376,116,76
2026-27,wlax,Landmark Conference,landmark_conference,Goucher,Maura Poulton,Maura,Poulton,,1467,Maura Poulton,"POULTON,MAURA",POULTONMAURAGOUCHER,17,17,,,Goucher,GOUCHER,0,,,,,,0.00,0,0,0,0,0,0,0,0,0,0,0,0,0,4,1,0,0,0,0,0,0,0,0,19,1,13,13,1013:00,49,0,1.000,0,0,0,0,0,0,.000,,,,,,,,,,,,,,,-1.1813216177727976,117,76
2026-27,wlax,Landmark Conference,landmark_conference,Elizabethtown,Kendall Ulmer,Kendall,Ulmer,,211,Kendall Ulmer,"ULMER,KENDALL",ULMERKENDALLETOWN,11,3,,,Elizabethtown,ETOWN,993-5634,,,,,,0.91,0,2,0,0,0,0,2,0,5,0,0,0,0,4,0,0,0,0,0,0,0,0,0,6,0,10,0,174:00,104,0,1.000,14,20,3,10,4,6,.700,,,,,,,,,,,,,,,-1.2904248363352617,118,75
2026-27,wlax,Landmark Conference,landmark_conference,Susquehanna,Kieran Spears,Kieran,Spears,,685,Kieran Spears,"SPEARS,KIERAN",SPEARSKIERANSUSQUEHA,18,8,,,Susquehanna,SUSQUEHA,1054-5152,,,,,,0.50,0,2,0,0,0,0,3,0,1,0,0,0,0,3,0,0,0,0,0,0,0,0,0,4,43,9,3,480:00,0,0,1.000,6,9,2,9,4,5,.667,,,,,,,,,,,,,,,-1.2956998607631398,119,75
2026-27,wlax,Landmark Conference,landmark_conference,Drew,Brooke Carlisle,Brooke,Carlisle,,190,Brooke Carlisle,"CARLISLE,BROOKE",CARLISLEBROOKEDREW,15,15,,,Drew,DREW,1050-4390,,,,,,0.07,0,1,0,0,0,0,1,0,0,0,0,0,0,9,3,0,0,0,0,0,0,0,0,18,2,7,10,885:00,9,0,1.000,2,5,1,1,0,1,.400,,,,,,,,,,,,,,,-1.3227812166668986,120,75
2026-27,wlax,Landmark Conference,landmark_conference,Susquehanna,Rachel Barattucci,Rachel,Barattucci,,685,Rachel Barattucci,"BARATTUCCI,RACHEL",BARATTUCCIRACHELSUSQUEHA,18,18,,,Susquehanna,SUSQUEHA,1054-3925,,,,,,0.00,0,0,0,0,0,0,0,0,0,0,0,0,0,1,1,0,0,0,0,0,0,0,0,17,0,8,12,1080:00,0,0,1.000,0,0,0,0,0,0,.000,,,,,,,,,,,,,,,-1.3548349327773965,121,75
2026-27,wlax,Landmark Conference,landmark_conference,Catholic,Reagan Quinn,Reagan,Quinn,,124,Reagan Quinn,"QUINN,REAGAN",QUINNREAGANCATHOLIC,17,3,,,Catholic,CATHOLIC,1049-3316,,,,,,0.24,0,1,0,0,0,0,2,0,0,1,0,0,0,8,0,0,0,0,0,0,0,0,0,11,12,8,8,180:00,0,0,1.000,7,10,2,4,1,3,.700,,,,,,,,,,,,,,,-1.3716011891810251,122,75
2026-27,wlax,Landmark Conference,landmark_conference,Wilkes,Davyn Bonvie,Davyn,Bonvie,,784,Davyn Bonvie,"BONVIE,DAVYN",BONVIEDAVYNWILKES,17,17,,,Wilkes,WILKES,1002-4638,,,,,,0.00,0,0,0,0,0,0,0,0,0,0,0,0,0,0,0,0,0,0,0,0,0,0,0,32,0,33,5,1011:00,39,0,1.000,0,0,0,0,0,0,.000,17,1011:39,216,108,0,8,10,0,0,0,0,426,12.81,.333,-1.3741084802723407,123,74
2026-27,wlax,Landmark Conference,landmark_conference,Scranton,Delaney Wozniak,Delaney,Wozniak,,633,Delaney Wozniak,"WOZNIAK,DELANEY",WOZNIAKDELANEYSCR,8,0,,,Scranton,SCR,1056-1592,,,,,,1.38,0,1,0,0,0,0,5,0,0,0,0,0,0,2,1,0,0,0,0,0,0,0,0,2,0,3,0,00:00,0,0,1.000,12,12,2,11,3,8,1.000,,,,,,,,,,,,,,,-1.3929217192493661,124,74
2026-27,wlax,Landmark Conference,landmark_conference,Susquehanna,Maggie McDermott,Maggie,McDermott,,685,Maggie McDermott,"MCDERMOTT,MAGGIE",MCDERMOTTMAGGIESUSQUEHA,18,10,,,Susquehanna,SUSQUEHA,1054-5144,,,,,,0.33,0,0,0,0,0,0,3,0,1,0,0,0,0,10,1,0,0,0,0,0,0,0,0,9,17,15,6,600:00,0,0,1.000,16,17,1,6,0,6,.941,,,,,,,,,,,,,,,-1.393132814877306,125,74
2026-27,wlax,Landmark Conference,landmark_conference,Moravian,Victoria Salica,Victoria,Salica,,443,Victoria Salica,"SALICA,VICTORIA",SALICAVICTORIAMORA,12,2,,,Moravian,MORA,0,,,,,,0.83,0,0,0,0,0,0,0,0,1,0,0,0,0,1,0,0,0,0,0,0,0,0,0,1,0,6,1,120:00,0,0,1.000,10,13,1,10,5,5,.769,,,,,,,,,,,,,,,-1.417918950014086,126,74
2026-27,wlax,Landmark Conference,landmark_conference,Moravian,Maia Machado,Maia,Machado,,443,Maia Machado,"MACHADO,MAIA",MACHADOMAIAMORA,19,19,,,Moravian,MORA,0,,,,,,0.05,0,0,0,0,0,0,0,0,1,0,0,0,0,0,0,0,0,0,0,0,0,0,0,19,0,12,7,1140:00,0,0,1.000,1,1,0,1,0,1,1.000,,,,,,,,,,,,,,,-1.50094037392941,127,74
2026-27,wlax,Landmark Conference,landmark_conference,Moravian,Alana Sollenberger,Alana,Sollenberger,,443,Alana Sollenberger,"SOLLENBERGER,ALANA",SOLLENBERGERALANAMORA,12,0,,,Moravian,MORA,0,,,,,,0.75,0,0,0,0,0,0,0,0,1,0,0,0,0,3,0,0,0,0,0,0,0,0,0,2,0,7,0,00:00,0,0,1.000,5,7,1,9,6,3,.714,,,,,,,,,,,,,,,-1.537846923211907,128,73
2026-27,wlax,Landmark Conference,landmark_conference,Elizabethtown,Ally Breneman,Ally,Breneman,,211,Ally Breneman,"BRENEMAN,ALLY",BRENEMANALLYETOWN,8,1,,,Elizabethtown,ETOWN,993-6434,,,,,,0.75,0,1,0,0,0,0,2,0,0,0,0,0,0,0,0,0,0,0,0,0,0,0,0,8,4,7,4,60:00,0,0,1.000,6,9,1,6,1,5,.667,,,,,,,,,,,,,,,-1.5520514624966621,129,73
2026-27,wlax,Landmark Conference,landmark_conference,Wilkes,Ottilia Kedl,Ottilia,Kedl,,784,Ottilia Kedl,"KEDL,OTTILIA",KEDLOTTILIAWILKES,14,9,,,Wilkes,WILKES,1002-4424,,,,,,0.00,0,0,0,0,0,0,0,0,0,0,0,0,0,2,1,0,0,0,0,0,0,0,0,17,0,8,9,531:00,39,0,1.000,0,0,0,0,0,0,.000,,,,,,,,,,,,,,,-1.5819056311472341,130,73
2026-27,wlax,Landmark Conference,landmark_conference,Catholic,Sophia Callano,Sophia,Callano,,124,Sophia Callano,"CALLANO,SOPHIA",CALLANOSOPHIACATHOLIC,18,5,,,Catholic,CATHOLIC,1049-3308,,,,,,0.06,0,0,0,0,0,1,0,0,0,0,0,0,0,2,1,0,0,0,0,0,0,0,0,14,3,7,9,300:00,0,0,1.000,1,2,0,1,0,1,.500,,,,,,,,,,,,,,,-1.5941176138861504,131,73
2026-27,wlax,Landmark Conference,landmark_conference,Catholic,Olivia Koch,Olivia,Koch,,124,Olivia Koch,"KOCH,OLIVIA",KOCHOLIVIACATHOLIC,13,7,,,Catholic,CATHOLIC,1049-3623,,,,,,0.00,0,0,0,0,0,0,0,0,0,0,0,0,0,1,0,0,0,0,0,0,0,0,0,9,0,5,1,412:00,22,0,1.000,0,0,0,0,0,0,.000,13,464:05,65,62,0,4,4,0,7,0,0,182,8.40,.488,-1.6149431685009654,132,73
2026-27,wlax,Landmark Conference,landmark_conference,Goucher,Dayana Flores Bermudez,Dayana Flores,Bermudez,,1467,Dayana Flores Bermudez,"BERMUDEZ,DAYANA FLORES",BERMUDEZDAYANAFLORESGOUCHER,16,4,,,Goucher,GOUCHER,0,,,,,,0.56,0,0,0,0,0,0,4,0,1,0,0,0,0,1,0,0,0,0,0,0,0,0,0,2,0,13,1,240:00,0,0,1.000,9,13,0,9,2,7,.692,,,,,,,,,,,,,,,-1.6276501266934078,133,72
2026-27,wlax,Landmark Conference,landmark_conference,Juniata,Madi Van Zant,Madi Van,Zant,,325,Madi Van Zant,"ZANT,MADI VAN",ZANTMADIVANJUNIATA,16,12,,,Juniata,JUNIATA,0,,,,,,0.31,0,0,0,0,0,0,1,0,0,0,0,0,0,0,0,0,0,0,0,0,0,0,0,11,0,5,1,720:00,0,0,1.000,6,9,1,5,3,2,.667,,,,,,,,,,,,,,,-1.68416345999186,134,72
2026-27,wlax,Landmark Conference,landmark_conference,Catholic,Katie Raymond,Katie,Raymond,,124,Katie Raymond,"RAYMOND,KATIE",RAYMONDKATIECATHOLIC,13,1,,,Catholic,CATHOLIC,1049-3625,,,,,,0.46,0,0,0,0,0,0,2,1,0,0,0,0,0,2,0,0,0,0,0,0,0,0,0,5,10,1,4,60:00,0,0,1.000,5,5,0,6,1,5,1.000,,,,,,,,,,,,,,,-1.6987860858186414,135,72
2026-27,wlax,Landmark Conference,landmark_conference,Elizabethtown,Madi Brubaker,Madi,Brubaker,,211,Madi Brubaker,"BRUBAKER,MADI",BRUBAKERMADIETOWN,17,17,,,Elizabethtown,ETOWN,993-6440,,,,,,0.00,0,0,0,0,0,0,0,0,0,0,0,0,0,3,1,0,0,0,0,0,0,0,0,15,2,9,8,1009:00,122,0,1.000,0,0,0,0,0,0,.000,,,,,,,,,,,,,,,-1.7554189461518328,136,72
2026-27,wlax,Landmark Conference,landmark_conference,Scranton,Sadie Gilbert,Sadie,Gilbert,,633,Sadie Gilbert,"GILBERT,SADIE",GILBERTSADIESCR,9,0,,,Scranton,SCR,1056-2863,,,,,,0.67,0,1,0,0,0,0,1,0,1,0,0,0,0,0,1,0,0,0,0,0,0,0,0,4,1,5,2,00:00,0,0,1.000,7,9,1,6,4,2,.778,,,,,,,,,,,,,,,-1.7749580153022744,137,72
2026-27,wlax,Landmark Conference,landmark_conference,Wilkes,Giavana Famiano,Giavana,Famiano,,784,Giavana Famiano,"FAMIANO,GIAVANA",FAMIANOGIAVANAWILKES,16,15,,,Wilkes,WILKES,1002-4230,,,,,,0.19,0,0,0,0,0,0,1,0,0,0,0,0,0,0,0,0,0,0,0,0,0,0,0,8,0,8,5,900:00,0,0,1.000,6,7,2,3,2,1,.857,,,,,,,,,,,,,,,-1.8385557923880431,138,72
2026-27,wlax,Landmark Conference,landmark_conference,Juniata,Mikayla Bodley,Mikayla,Bodley,,325,Mikayla Bodley,"BODLEY,MIKAYLA",BODLEYMIKAYLAJUNIATA,16,14,,,Juniata,JUNIATA,0,,,,,,0.13,0,0,0,0,0,0,0,0,0,0,0,0,0,6,1,0,0,0,0,0,0,0,0,30,24,17,23,852:00,57,0,1.000,1,1,0,2,1,1,1.000,2,27:57,11,8,0,0,0,0,0,0,0,25,23.61,.421,-1.8532668853800272,139,71
2026-27,wlax,Landmark Conference,landmark_conference,Catholic,Maddie Rinker,Maddie,Rinker,,124,Maddie Rinker,"RINKER,MADDIE",RINKERMADDIECATHOLIC,18,3,,,Catholic,CATHOLIC,1049-2807,,,,,,0.33,0,0,0,0,0,1,0,0,1,0,0,0,0,1,1,0,0,0,0,0,0,0,0,1,0,16,5,170:00,8,0,1.000,13,18,0,6,0,6,.722,,,,,,,,,,,,,,,-1.8601153765258627,140,71
2026-27,wlax,Landmark Conference,landmark_conference,Elizabethtown,Leah Gaito,Leah,Gaito,,211,Leah Gaito,"GAITO,LEAH",GAITOLEAHETOWN,3,0,,,Elizabethtown,ETOWN,993-6442,,,,,,1.00,0,0,0,0,0,1,1,0,0,0,0,0,0,1,0,0,0,0,0,0,0,0,0,5,4,4,7,42:00,59,0,1.000,5,7,1,3,1,2,.714,,,,,,,,,,,,,,,-1.8752833091979924,141,71
2026-27,wlax,Landmark Conference,landmark_conference,Drew,Karine Johnson,Karine,Johnson,,190,Karine Johnson,"JOHNSON,KARINE",JOHNSONKARINEDREW,13,0,,,Drew,DREW,1050-4744,,,,,,0.00,0,0,0,0,0,0,0,0,0,0,0,0,0,0,0,0,0,0,0,0,0,0,0,12,0,2,8,00:00,0,0,1.000,0,0,0,0,0,0,.000,,,,,,,,,,,,,,,-1.9021535694738119,142,71
2026-27,wlax,Landmark Conference,landmark_conference,Susquehanna,Mia D'Arco,Mia,D'Arco,,685,Mia D'Arco,"D'ARCO,MIA",D'ARCOMIASUSQUEHA,12,1,,,Susquehanna,SUSQUEHA,1054-4712,,,,,,0.17,0,0,0,0,0,0,0,0,0,0,0,0,0,0,0,0,0,0,0,0,0,0,0,7,1,5,6,60:00,0,0,1.000,0,0,0,2,2,0,.000,,,,,,,,,,,,,,,-1.9462997412884864,143,71
2026-27,wlax,Landmark Conference,landmark_conference,Moravian,Kayla Glaeser,Kayla,Glaeser,,443,Kayla Glaeser,"GLAESER,KAYLA",GLAESERKAYLAMORA,12,0,,,Moravian,MORA,0,,,,,,0.33,0,0,0,0,0,0,2,0,0,0,0,0,0,0,0,0,0,0,0,0,0,0,0,6,0,1,4,00:00,0,0,1.000,6,6,0,4,0,4,1.000,,,,,,,,,,,,,,,-1.9602931849453025,144,70
2026-27,wlax,Landmark Conference,landmark_conference,Catholic,Caroline Gaines,Caroline,Gaines,,124,Caroline Gaines,"GAINES,CAROLINE",GAINESCAROLINECATHOLIC,17,14,,,Catholic,CATHOLIC,1049-3091,,,,,,0.00,0,0,0,0,0,0,0,0,0,0,0,0,0,5,2,0,0,0,0,0,0,0,0,18,4,9,3,840:00,16,0,1.000,0,0,0,0,0,0,.000,,,,,,,,,,,,,,,-1.987135486779583,145,70
2026-27,wlax,Landmark Conference,landmark_conference,Lycoming,Angela Farnham,Angela,Farnham,,373,Angela Farnham,"FARNHAM,ANGELA",FARNHAMANGELALYCO,14,14,,,Lycoming,LYCO,996-9261,,,,,,0.00,0,0,0,0,0,0,0,0,0,0,0,0,0,4,2,0,0,0,0,0,0,0,0,13,0,14,6,840:00,0,0,1.000,0,0,0,0,0,0,.000,,,,,,,,,,,,,,,-2.0046224939463775,146,70
2026-27,wlax,Landmark Conference,landmark_conference,Moravian,Mia Faisetty,Mia,Faisetty,,443,Mia Faisetty,"FAISETTY,MIA",FAISETTYMIAMORA,18,15,,,Moravian,MORA,0,,,,,,0.00,0,0,0,0,0,0,0,0,0,0,0,0,0,3,0,0,0,0,0,0,0,0,0,17,1,6,3,900:00,0,0,1.000,0,0,0,0,0,0,.000,,,,,,,,,,,,,,,-2.0360470278869096,147,70
2026-27,wlax,Landmark Conference,landmark_conference,Goucher,Alana Thaler,Alana,Thaler,,1467,Alana Thaler,"THALER,ALANA",THALERALANAGOUCHER,4,0,,,Goucher,GOUCHER,0,,,,,,0.00,0,0,0,0,0,0,0,0,0,0,0,0,0,0,0,0,0,0,0,0,0,0,0,0,0,0,0,00:00,0,0,1.000,0,0,0,0,0,0,.000,3,23:54,2,2,0,0,0,0,0,0,0,6,5.02,.500,-2.070163931227658,148,70
2026-27,wlax,Landmark Conference,landmark_conference,Scranton,Maggie Appelle,Maggie,Appelle,,633,Maggie Appelle,"APPELLE,MAGGIE",APPELLEMAGGIESCR,7,0,,,Scranton,SCR,1056-2666,,,,,,0.00,0,0,0,0,0,0,0,0,0,0,0,0,0,0,0,0,0,0,0,0,0,0,0,5,0,0,0,00:00,0,0,1.000,0,0,0,0,0,0,.000,7,139:52,16,15,0,,0,0,0,0,0,41,6.86,.484,-2.0898045874523072,149,70
2026-27,wlax,Landmark Conference,landmark_conference,Lycoming,Mychaela McDowell,Mychaela,McDowell,,373,Mychaela McDowell,"MCDOWELL,MYCHAELA",MCDOWELLMYCHAELALYCO,16,4,,,Lycoming,LYCO,996-9189,,,,,,0.25,0,0,0,0,0,0,1,0,1,0,0,0,0,1,0,0,0,0,0,0,0,0,0,6,0,18,1,240:00,0,0,1.000,6,10,1,4,2,2,.600,,,,,,,,,,,,,,,-2.1046171651794165,150,69
2026-27,wlax,Landmark Conference,landmark_conference,Scranton,Becca Paterson,Becca,Paterson,,633,Becca Paterson,"PATERSON,BECCA",PATERSONBECCASCR,16,0,,,Scranton,SCR,1056-2483,,,,,,0.25,0,2,0,0,0,0,3,0,0,0,0,0,0,2,0,0,0,0,0,0,0,0,0,5,3,8,2,00:00,0,0,1.000,5,7,2,4,1,3,.714,,,,,,,,,,,,,,,-2.119211832564659,151,69
2026-27,wlax,Landmark Conference,landmark_conference,Goucher,DJ Howell,DJ,Howell,,1467,DJ Howell,"HOWELL,DJ",HOWELLDJGOUCHER,16,15,,,Goucher,GOUCHER,0,,,,,,0.00,0,0,0,0,0,0,0,0,0,0,0,0,0,1,4,0,0,0,0,0,0,0,0,7,2,12,8,893:00,49,0,1.000,0,0,0,0,0,0,.000,,,,,,,,,,,,,,,-2.146711275010444,152,69
2026-27,wlax,Landmark Conference,landmark_conference,Elizabethtown,Isabelle Rudy,Isabelle,Rudy,,211,Isabelle Rudy,"RUDY,ISABELLE",RUDYISABELLEETOWN,17,17,,,Elizabethtown,ETOWN,993-5909,,,,,,0.00,0,0,0,0,0,0,0,0,0,0,0,0,0,2,3,0,0,0,0,0,0,0,0,8,0,5,7,1014:00,104,0,1.000,0,0,0,0,0,0,.000,,,,,,,,,,,,,,,-2.1734899666930634,153,69
2026-27,wlax,Landmark Conference,landmark_conference,Catholic,Allie Buonaccorsi,Allie,Buonaccorsi,,124,Allie Buonaccorsi,"BUONACCORSI,ALLIE",BUONACCORSIALLIECATHOLIC,10,0,,,Catholic,CATHOLIC,1049-3619,,,,,,0.40,0,1,0,0,0,0,3,0,0,0,0,0,0,2,0,0,0,0,0,0,0,0,0,3,13,6,3,00:00,0,0,1.000,9,12,2,4,0,4,.750,,,,,,,,,,,,,,,-2.1827180410572273,154,69
2026-27,wlax,Landmark Conference,landmark_conference,Scranton,Amelia Price,Amelia,Price,,633,Amelia Price,"PRICE,AMELIA",PRICEAMELIASCR,8,0,,,Scranton,SCR,1056-2668,,,,,,0.63,0,0,0,0,0,0,0,1,0,0,0,0,0,0,0,0,0,0,0,0,0,0,0,1,0,8,1,00:00,0,0,1.000,4,5,1,5,2,3,.800,,,,,,,,,,,,,,,-2.2146522301329856,155,68
2026-27,wlax,Landmark Conference,landmark_conference,Wilkes,Chloe Bierfriend,Chloe,Bierfriend,,784,Chloe Bierfriend,"BIERFRIEND,CHLOE",BIERFRIENDCHLOEWILKES,16,14,,,Wilkes,WILKES,1002-4390,,,,,,0.00,0,0,0,0,0,0,0,0,0,0,0,0,0,3,1,0,0,0,0,0,0,0,0,13,1,8,3,831:00,39,0,1.000,0,0,0,0,0,0,.000,,,,,,,,,,,,,,,-2.231693192316215,156,68
2026-27,wlax,Landmark Conference,landmark_conference,Juniata,Mackenzi Nafziger,Mackenzi,Nafziger,,325,Mackenzi Nafziger,"NAFZIGER,MACKENZI",NAFZIGERMACKENZIJUNIATA,15,9,,,Juniata,JUNIATA,0,,,,,,0.13,0,0,0,0,0,0,0,0,0,0,0,0,0,4,1,0,0,0,0,0,0,0,0,9,0,10,2,540:00,0,0,1.000,4,5,1,2,0,2,.800,,,,,,,,,,,,,,,-2.2339843083693407,157,68
2026-27,wlax,Landmark Conference,landmark_conference,Drew,Paige Shaw,Paige,Shaw,,190,Paige Shaw,"SHAW,PAIGE",SHAWPAIGEDREW,17,17,,,Drew,DREW,1050-4580,,,,,,0.00,0,0,0,0,0,0,0,0,0,0,0,0,0,0,0,0,0,0,0,0,0,0,0,13,0,6,1,945:00,9,0,1.000,0,0,0,0,0,0,.000,17,599:16,108,70,0,10,7,0,0,0,0,242,10.81,.393,-2.281421902400555,158,68
2026-27,wlax,Landmark Conference,landmark_conference,Moravian,Izzy Lotito,Izzy,Lotito,,443,Izzy Lotito,"LOTITO,IZZY",LOTITOIZZYMORA,5,0,,,Moravian,MORA,0,,,,,,0.80,0,0,0,0,0,0,1,0,0,0,0,0,0,0,0,0,0,0,0,0,0,0,0,1,0,1,2,00:00,0,0,1.000,3,4,1,4,1,3,.750,,,,,,,,,,,,,,,-2.314857996993964,159,68
2026-27,wlax,Landmark Conference,landmark_conference,Lycoming,Maddie Kracker,Maddie,Kracker,,373,Maddie Kracker,"KRACKER,MADDIE",KRACKERMADDIELYCO,15,13,,,Lycoming,LYCO,996-9188,,,,,,0.00,0,0,0,0,0,0,0,0,0,0,0,0,0,5,3,0,0,0,0,0,0,0,0,8,0,9,5,780:00,0,0,1.000,0,0,0,0,0,0,.000,,,,,,,,,,,,,,,-2.324870432272955,160,67
2026-27,wlax,Landmark Conference,landmark_conference,Goucher,Nia Brooks,Nia,Brooks,,1467,Nia Brooks,"BROOKS,NIA",BROOKSNIAGOUCHER,15,12,,,Goucher,GOUCHER,0,,,,,,0.00,0,0,0,0,0,0,0,0,0,0,0,0,0,0,0,0,0,0,0,0,0,0,0,8,0,9,5,713:00,49,0,1.000,0,0,0,0,0,0,.000,,,,,,,,,,,,,,,-2.324870432272955,161,67
2026-27,wlax,Landmark Conference,landmark_conference,Drew,Mackenzie Cavalieri,Mackenzie,Cavalieri,,190,Mackenzie Cavalieri,"CAVALIERI,MACKENZIE",CAVALIERIMACKENZIEDREW,9,0,,,Drew,DREW,1050-4739,,,,,,0.56,0,0,0,0,0,0,0,0,0,0,0,0,0,0,1,0,0,0,0,0,0,0,0,0,1,3,0,00:00,0,0,1.000,5,9,1,5,2,3,.556,,,,,,,,,,,,,,,-2.339254004030258,162,67
2026-27,wlax,Landmark Conference,landmark_conference,Elizabethtown,Lauryn Wargo,Lauryn,Wargo,,211,Lauryn Wargo,"WARGO,LAURYN",WARGOLAURYNETOWN,12,3,,,Elizabethtown,ETOWN,993-5910,,,,,,0.25,0,0,0,0,0,0,0,0,1,0,0,0,0,1,0,0,0,0,0,0,0,0,0,3,0,7,2,189:00,30,0,1.000,2,3,0,3,1,2,.667,,,,,,,,,,,,,,,-2.3515575553623744,163,67
2026-27,wlax,Landmark Conference,landmark_conference,Wilkes,Amanda Galan,Amanda,Galan,,784,Amanda Galan,"GALAN,AMANDA",GALANAMANDAWILKES,12,2,,,Wilkes,WILKES,1002-4423,,,,,,0.00,0,0,0,0,0,0,0,0,0,0,0,0,0,0,0,0,0,0,0,0,0,0,0,9,0,0,4,120:00,0,0,1.000,0,0,0,0,0,0,.000,,,,,,,,,,,,,,,-2.3516491239555743,164,67
2026-27,wlax,Landmark Conference,landmark_conference,Scranton,Nora Ryan,Nora,Ryan,,633,Nora Ryan,"RYAN,NORA",RYANNORASCR,14,2,,,Scranton,SCR,1056-2661,,,,,,0.21,0,1,0,0,0,0,1,0,0,0,0,0,0,2,0,0,0,0,0,0,0,0,0,3,1,5,1,120:00,0,0,1.000,3,6,3,3,2,1,.500,,,,,,,,,,,,,,,-2.3858744290844585,165,66
2026-27,wlax,Landmark Conference,landmark_conference,Juniata,Francesca Ditsky,Francesca,Ditsky,,325,Francesca Ditsky,"DITSKY,FRANCESCA",DITSKYFRANCESCAJUNIATA,15,2,,,Juniata,JUNIATA,0,,,,,,0.00,0,0,0,0,0,0,0,0,0,0,0,0,0,0,0,0,0,0,0,0,0,0,0,18,0,12,0,308:00,109,0,1.000,0,1,0,0,0,0,.000,14,379:03,78,54,0,0,3,0,0,0,0,196,12.35,.409,-2.4006969107033673,166,66
2026-27,wlax,Landmark Conference,landmark_conference,Goucher,Bailey Freeman,Bailey,Freeman,,1467,Bailey Freeman,"FREEMAN,BAILEY",FREEMANBAILEYGOUCHER,8,3,,,Goucher,GOUCHER,0,,,,,,0.25,0,0,0,0,0,0,1,0,0,0,0,0,0,0,0,0,0,0,0,0,0,0,0,7,0,3,1,180:00,0,0,1.000,6,6,1,2,0,2,1.000,,,,,,,,,,,,,,,-2.4074976233739394,167,66
2026-27,wlax,Landmark Conference,landmark_conference,Goucher,Dakhai Handy,Dakhai,Handy,,1467,Dakhai Handy,"HANDY,DAKHAI",HANDYDAKHAIGOUCHER,17,11,,,Goucher,GOUCHER,0,,,,,,0.24,0,0,0,0,0,0,3,0,0,0,0,0,0,0,0,0,0,0,0,0,0,0,0,2,49,8,0,662:00,10,0,1.000,3,3,0,4,1,3,1.000,,,,,,,,,,,,,,,-2.41732692146653,168,66
2026-27,wlax,Landmark Conference,landmark_conference,Susquehanna,Abigail Holland,Abigail,Holland,,685,Abigail Holland,"HOLLAND,ABIGAIL",HOLLANDABIGAILSUSQUEHA,2,0,,,Susquehanna,SUSQUEHA,1054-5155,,,,,,1.50,0,0,0,0,0,0,0,0,0,0,0,0,0,0,0,0,0,0,0,0,0,0,0,3,0,6,0,00:00,0,0,1.000,0,0,0,3,3,0,.000,,,,,,,,,,,,,,,-2.4201913028065425,169,66
2026-27,wlax,Landmark Conference,landmark_conference,Scranton,Ellianna Lagreca,Ellianna,Lagreca,,633,Ellianna Lagreca,"LAGRECA,ELLIANNA",LAGRECAELLIANNASCR,8,0,,,Scranton,SCR,1056-2857,,,,,,0.38,0,1,0,0,0,0,1,0,1,0,0,0,0,0,0,0,0,0,0,0,0,0,0,3,0,6,1,00:00,0,0,1.000,3,5,1,3,1,2,.600,,,,,,,,,,,,,,,-2.4272477881523202,170,66
2026-27,wlax,Landmark Conference,landmark_conference,Catholic,Danielle Macek,Danielle,Macek,,124,Danielle Macek,"MACEK,DANIELLE",MACEKDANIELLECATHOLIC,17,0,,,Catholic,CATHOLIC,1049-3313,,,,,,0.00,0,0,0,0,0,0,0,0,0,0,0,0,0,4,1,0,0,0,0,0,0,0,0,4,0,2,6,00:00,0,0,1.000,0,0,0,0,0,0,.000,,,,,,,,,,,,,,,-2.444826363912315,171,65
2026-27,wlax,Landmark Conference,landmark_conference,Catholic,Brigid Brown,Brigid,Brown,,124,Brigid Brown,"BROWN,BRIGID",BROWNBRIGIDCATHOLIC,16,2,,,Catholic,CATHOLIC,1049-3306,,,,,,0.19,0,1,0,0,0,0,2,0,0,0,0,0,0,3,0,0,0,0,0,0,0,0,0,2,7,6,1,120:00,0,0,1.000,5,10,3,3,1,2,.500,,,,,,,,,,,,,,,-2.4761593292596467,172,65
2026-27,wlax,Landmark Conference,landmark_conference,Drew,Olivia Trowbridge,Olivia,Trowbridge,,190,Olivia Trowbridge,"TROWBRIDGE,OLIVIA",TROWBRIDGEOLIVIADREW,9,1,,,Drew,DREW,1050-4703,,,,,,0.33,0,0,0,0,0,0,0,0,0,0,0,0,0,0,1,0,0,0,0,0,0,0,0,2,0,4,0,60:00,0,0,1.000,4,5,0,3,2,1,.800,,,,,,,,,,,,,,,-2.5104762029817307,173,65
2026-27,wlax,Landmark Conference,landmark_conference,Drew,Fiona Rooney,Fiona,Rooney,,190,Fiona Rooney,"ROONEY,FIONA",ROONEYFIONADREW,8,0,,,Drew,DREW,1050-4578,,,,,,0.25,0,0,0,0,0,0,0,0,0,0,0,0,0,2,0,0,0,0,0,0,0,0,0,4,0,2,1,00:00,0,0,1.000,2,4,0,2,1,1,.500,,,,,,,,,,,,,,,-2.512858887628057,174,65
2026-27,wlax,Landmark Conference,landmark_conference,Catholic,Carly Mathieu,Carly,Mathieu,,124,Carly Mathieu,"MATHIEU,CARLY",MATHIEUCARLYCATHOLIC,5,0,,,Catholic,CATHOLIC,1049-3624,,,,,,0.80,0,0,0,0,0,0,1,0,0,0,0,0,0,0,0,0,0,0,0,0,0,0,0,0,0,0,0,00:00,0,0,1.000,5,5,0,4,1,3,1.000,,,,,,,,,,,,,,,-2.5151500036811827,175,65
2026-27,wlax,Landmark Conference,landmark_conference,Scranton,Meghan Theofield,Meghan,Theofield,,633,Meghan Theofield,"THEOFIELD,MEGHAN",THEOFIELDMEGHANSCR,6,0,,,Scranton,SCR,1056-1591,,,,,,0.50,0,0,0,0,0,0,0,0,0,0,0,0,0,0,0,0,0,0,0,0,0,0,0,1,0,3,0,00:00,0,0,1.000,2,7,1,3,3,0,.286,,,,,,,,,,,,,,,-2.5180143850211953,176,64
2026-27,wlax,Landmark Conference,landmark_conference,Catholic,Ariana Bransfield,Ariana,Bransfield,,124,Ariana Bransfield,"BRANSFIELD,ARIANA",BRANSFIELDARIANACATHOLIC,14,9,,,Catholic,CATHOLIC,1049-3086,,,,,,0.00,0,0,0,0,0,0,0,0,0,0,0,0,0,3,0,0,0,0,0,0,0,0,0,4,21,2,5,550:00,8,0,1.000,0,0,0,0,0,0,.000,,,,,,,,,,,,,,,-2.5205165967022607,177,64
2026-27,wlax,Landmark Conference,landmark_conference,Scranton,Sophia Feli,Sophia,Feli,,633,Sophia Feli,"FELI,SOPHIA",FELISOPHIASCR,8,0,,,Scranton,SCR,1056-2864,,,,,,0.25,0,0,0,0,0,0,0,0,0,0,0,0,0,3,1,0,0,0,0,0,0,0,0,3,3,3,2,00:00,0,0,1.000,5,7,1,2,0,2,.714,,,,,,,,,,,,,,,-2.5274535550132993,178,64
2026-27,wlax,Landmark Conference,landmark_conference,Susquehanna,Ruby Calabrese,Ruby,Calabrese,,685,Ruby Calabrese,"CALABRESE,RUBY",CALABRESERUBYSUSQUEHA,5,1,,,Susquehanna,SUSQUEHA,1054-3926,,,,,,0.60,0,0,0,0,0,0,0,0,1,0,0,0,0,0,0,0,0,0,0,0,0,0,0,1,0,4,0,60:00,0,0,1.000,2,4,0,3,2,1,.500,,,,,,,,,,,,,,,-2.559387744089057,179,64
2026-27,wlax,Landmark Conference,landmark_conference,Susquehanna,Lucia Yoder,Lucia,Yoder,,685,Lucia Yoder,"YODER,LUCIA",YODERLUCIASUSQUEHA,10,1,,,Susquehanna,SUSQUEHA,1054-5153,,,,,,0.20,0,1,0,0,0,0,1,0,0,0,0,0,0,3,0,0,0,0,0,0,0,0,0,3,4,3,1,60:00,0,0,1.000,1,4,2,2,1,1,.250,,,,,,,,,,,,,,,-2.5617704287353833,180,64
2026-27,wlax,Landmark Conference,landmark_conference,Moravian,Kayla Graef,Kayla,Graef,,443,Kayla Graef,"GRAEF,KAYLA",GRAEFKAYLAMORA,6,3,,,Moravian,MORA,0,,,,,,0.00,0,0,0,0,0,0,0,0,0,0,0,0,0,0,0,0,0,0,0,0,0,0,0,8,0,4,2,135:00,0,0,1.000,0,0,0,0,0,0,.000,6,210:00,34,24,0,2,1,0,0,0,0,74,9.71,.414,-2.566258578399165,181,64
2026-27,wlax,Landmark Conference,landmark_conference,Scranton,Jane Burrows,Jane,Burrows,,633,Jane Burrows,"BURROWS,JANE",BURROWSJANESCR,14,0,,,Scranton,SCR,1056-2862,,,,,,0.21,0,0,0,0,0,0,1,0,1,0,0,0,0,1,0,0,0,0,0,0,0,0,0,1,0,2,1,00:00,0,0,1.000,8,9,0,3,0,3,.889,,,,,,,,,,,,,,,-2.5664442294348344,182,63
2026-27,wlax,Landmark Conference,landmark_conference,Juniata,Emily Boyles,Emily,Boyles,,325,Emily Boyles,"BOYLES,EMILY",BOYLESEMILYJUNIATA,12,7,,,Juniata,JUNIATA,0,,,,,,0.00,0,0,0,0,0,0,0,0,0,0,0,0,0,0,0,0,0,0,0,0,0,0,0,6,0,5,3,420:00,0,0,1.000,0,0,0,0,0,0,.000,,,,,,,,,,,,,,,-2.5740739800674994,183,63
2026-27,wlax,Landmark Conference,landmark_conference,Scranton,Grace Hoeger,Grace,Hoeger,,633,Grace Hoeger,"HOEGER,GRACE",HOEGERGRACESCR,13,0,,,Scranton,SCR,1056-2667,,,,,,0.23,0,1,0,0,0,0,1,0,1,0,0,0,0,1,1,0,0,0,0,0,0,0,0,2,1,9,0,00:00,0,0,1.000,8,10,2,3,0,3,.800,,,,,,,,,,,,,,,-2.5932229211174542,184,63
2026-27,wlax,Landmark Conference,landmark_conference,Moravian,Amelia Walsh,Amelia,Walsh,,443,Amelia Walsh,"WALSH,AMELIA",WALSHAMELIAMORA,5,0,,,Moravian,MORA,0,,,,,,0.00,0,0,0,0,0,0,0,0,0,0,0,0,0,0,0,0,0,0,0,0,0,0,0,4,0,1,4,00:00,0,0,1.000,0,0,0,0,0,0,.000,,,,,,,,,,,,,,,-2.5962068294922065,185,63
2026-27,wlax,Landmark Conference,landmark_conference,Susquehanna,Abbey Gearhart,Abbey,Gearhart,,685,Abbey Gearhart,"GEARHART,ABBEY",GEARHARTABBEYSUSQUEHA,5,0,,,Susquehanna,SUSQUEHA,1054-4705,,,,,,0.40,0,0,0,0,0,0,0,0,0,0,0,0,0,0,0,0,0,0,0,0,0,0,0,3,1,2,1,00:00,0,0,1.000,6,12,1,2,0,2,.500,,,,,,,,,,,,,,,-2.603143787803245,186,63
2026-27,wlax,Landmark Conference,landmark_conference,Drew,Medinah Sarwari,Medinah,Sarwari,,190,Medinah Sarwari,"SARWARI,MEDINAH",SARWARIMEDINAHDREW,13,4,,,Drew,DREW,1050-4579,,,,,,0.00,0,0,0,0,0,0,0,0,0,0,0,0,0,1,0,0,0,0,0,0,0,0,0,2,0,4,5,240:00,0,0,1.000,0,1,0,0,0,0,.000,,,,,,,,,,,,,,,-2.6183396789169135,187,62
2026-27,wlax,Landmark Conference,landmark_conference,Juniata,Victoria Smith,Victoria,Smith,,325,Victoria Smith,"SMITH,VICTORIA",SMITHVICTORIAJUNIATA,12,6,,,Juniata,JUNIATA,0,,,,,,0.00,0,0,0,0,0,0,0,0,0,0,0,0,0,2,2,0,0,0,0,0,0,0,0,5,0,4,3,360:00,0,0,1.000,1,1,0,0,0,0,1.000,,,,,,,,,,,,,,,-2.622985521174826,188,62
2026-27,wlax,Landmark Conference,landmark_conference,Scranton,Addison McKiernan,Addison,McKiernan,,633,Addison McKiernan,"MCKIERNAN,ADDISON",MCKIERNANADDISONSCR,6,0,,,Scranton,SCR,1056-2658,,,,,,0.50,0,0,0,0,0,0,3,1,0,0,0,0,0,2,0,0,0,0,0,0,0,0,0,1,0,2,0,00:00,0,0,1.000,4,5,0,3,0,3,.800,,,,,,,,,,,,,,,-2.64213446222478,189,62
2026-27,wlax,Landmark Conference,landmark_conference,Juniata,Giavana Pacheco,Giavana,Pacheco,,325,Giavana Pacheco,"PACHECO,GIAVANA",PACHECOGIAVANAJUNIATA,9,5,,,Juniata,JUNIATA,0,,,,,,0.00,0,0,0,0,0,0,0,0,0,0,0,0,0,1,1,0,0,0,0,0,0,0,0,3,0,2,4,300:00,0,0,1.000,0,0,0,0,0,0,.000,,,,,,,,,,,,,,,-2.645118370599533,190,62
2026-27,wlax,Landmark Conference,landmark_conference,Lycoming,Molly Strayer,Molly,Strayer,,373,Molly Strayer,"STRAYER,MOLLY",STRAYERMOLLYLYCO,11,5,,,Lycoming,LYCO,996-9190,,,,,,0.00,0,0,0,0,0,0,0,0,0,0,0,0,0,1,0,0,0,0,0,0,0,0,0,6,1,3,2,300:00,0,0,1.000,0,0,0,0,0,0,.000,,,,,,,,,,,,,,,-2.6497642128574457,191,62
2026-27,wlax,Landmark Conference,landmark_conference,Drew,Rorrie Sifers,Rorrie,Sifers,,190,Rorrie Sifers,"SIFERS,RORRIE",SIFERSRORRIEDREW,12,0,,,Drew,DREW,1050-4702,,,,,,0.00,0,0,0,0,0,0,0,0,0,0,0,0,0,0,0,0,0,0,0,0,0,0,0,3,0,0,0,45:00,0,0,1.000,0,0,0,0,0,0,.000,12,285:53,38,27,0,2,0,0,0,0,0,86,7.98,.415,-2.6605377517147457,192,61
2026-27,wlax,Landmark Conference,landmark_conference,Elizabethtown,Kaylee Smith,Kaylee,Smith,,211,Kaylee Smith,"SMITH,KAYLEE",SMITHKAYLEEETOWN,11,1,,,Elizabethtown,ETOWN,993-6433,,,,,,0.00,0,0,0,0,0,0,0,0,0,0,0,0,0,0,0,0,0,0,0,0,0,0,0,4,0,1,3,64:00,42,0,1.000,0,0,0,0,0,0,.000,,,,,,,,,,,,,,,-2.6718970622821523,193,61
2026-27,wlax,Landmark Conference,landmark_conference,Scranton,Lourdes Zacarese,Lourdes,Zacarese,,633,Lourdes Zacarese,"ZACARESE,LOURDES",ZACARESELOURDESSCR,5,0,,,Scranton,SCR,1056-2665,,,,,,0.40,0,0,0,0,0,0,0,0,0,0,0,0,0,0,0,0,0,0,0,0,0,0,0,3,5,0,0,00:00,0,0,1.000,2,3,0,2,0,2,.667,,,,,,,,,,,,,,,-2.678834020593191,194,61
2026-27,wlax,Landmark Conference,landmark_conference,Catholic,Alexandra Ragano,Alexandra,Ragano,,124,Alexandra Ragano,"RAGANO,ALEXANDRA",RAGANOALEXANDRACATHOLIC,15,12,,,Catholic,CATHOLIC,1049-3317,,,,,,0.00,0,0,0,0,0,0,0,0,0,0,0,0,0,0,0,0,0,0,0,0,0,0,0,12,0,6,2,727:00,54,0,1.000,0,0,0,0,0,0,.000,15,567:11,113,63,0,8,5,0,1,0,0,225,11.95,.358,-2.7002452438755995,195,61
2026-27,wlax,Landmark Conference,landmark_conference,Susquehanna,Alison Church,Alison,Church,,685,Alison Church,"CHURCH,ALISON",CHURCHALISONSUSQUEHA,6,0,,,Susquehanna,SUSQUEHA,1054-4710,,,,,,0.33,0,0,0,0,0,0,1,0,0,0,0,0,0,0,0,0,0,0,0,0,0,0,0,0,0,2,1,00:00,0,0,1.000,3,3,0,2,1,1,1.000,,,,,,,,,,,,,,,-2.7085050520573626,196,61
2026-27,wlax,Landmark Conference,landmark_conference,Juniata,Caoilinn Heatley,Caoilinn,Heatley,,325,Caoilinn Heatley,"HEATLEY,CAOILINN",HEATLEYCAOILINNJUNIATA,16,13,,,Juniata,JUNIATA,0,,,,,,0.00,0,0,0,0,0,0,0,0,0,0,0,0,0,0,0,0,0,0,0,0,0,0,0,18,0,14,3,545:00,134,0,1.000,0,0,0,0,0,0,.000,16,523:00,147,90,0,4,9,0,0,0,0,309,16.86,.380,-2.72419036920385,197,60
2026-27,wlax,Landmark Conference,landmark_conference,Moravian,Grace Nelson,Grace,Nelson,,443,Grace Nelson,"NELSON,GRACE",NELSONGRACEMORA,9,5,,,Moravian,MORA,0,,,,,,0.00,0,0,0,0,0,0,0,0,0,0,0,0,0,1,1,0,0,0,0,0,0,0,0,5,0,3,1,300:00,0,0,1.000,0,0,0,0,0,0,.000,,,,,,,,,,,,,,,-2.774365986754718,198,60
2026-27,wlax,Landmark Conference,landmark_conference,Drew,Annie Durante,Annie,Durante,,190,Annie Durante,"DURANTE,ANNIE",DURANTEANNIEDREW,6,0,,,Drew,DREW,1050-4853,,,,,,0.00,0,0,0,0,0,0,0,0,0,0,0,0,0,0,0,0,0,0,0,0,0,0,0,7,0,0,0,15:00,0,0,1.000,0,0,0,0,0,0,.000,6,120:00,16,10,0,0,0,0,0,0,0,31,8.00,.385,-2.7961777326164805,199,60
2026-27,wlax,Landmark Conference,landmark_conference,Drew,Delaney Smith,Delaney,Smith,,190,Delaney Smith,"SMITH,DELANEY",SMITHDELANEYDREW,8,0,,,Drew,DREW,1050-4856,,,,,,0.00,0,0,0,0,0,0,0,0,0,0,0,0,0,1,0,0,0,0,0,0,0,0,0,3,0,2,2,00:00,0,0,1.000,0,0,0,0,0,0,.000,,,,,,,,,,,,,,,-2.796498836179425,200,60
2026-27,wlax,Landmark Conference,landmark_conference,Susquehanna,Sophie Cole,Sophie,Cole,,685,Sophie Cole,"COLE,SOPHIE",COLESOPHIESUSQUEHA,10,0,,,Susquehanna,SUSQUEHA,1054-4706,,,,,,0.00,0,0,0,0,0,0,0,0,0,0,0,0,0,1,0,0,0,0,0,0,0,0,0,6,3,1,0,00:00,0,0,1.000,0,0,0,0,0,0,.000,,,,,,,,,,,,,,,-2.8011446784373373,201,60
2026-27,wlax,Landmark Conference,landmark_conference,Scranton,Peyton Gallagher,Peyton,Gallagher,,633,Peyton Gallagher,"GALLAGHER,PEYTON",GALLAGHERPEYTONSCR,5,0,,,Scranton,SCR,1056-2663,,,,,,0.00,0,0,0,0,0,0,0,0,0,0,0,0,0,0,2,0,0,0,0,0,0,0,0,1,0,0,3,00:00,0,0,1.000,0,0,0,0,0,0,.000,,,,,,,,,,,,,,,-2.8186316856041316,202,60
2026-27,wlax,Landmark Conference,landmark_conference,Scranton,Madeline Kaplan,Madeline,Kaplan,,633,Madeline Kaplan,"KAPLAN,MADELINE",KAPLANMADELINESCR,5,0,,,Scranton,SCR,1056-2670,,,,,,0.40,0,0,0,0,0,0,1,0,0,0,0,0,0,1,0,0,0,0,0,0,0,0,0,0,0,2,0,00:00,0,0,1.000,4,4,1,2,0,2,1.000,,,,,,,,,,,,,,,-2.82556864391517,203,59
2026-27,wlax,Landmark Conference,landmark_conference,Scranton,Maggie Noonan,Maggie,Noonan,,633,Maggie Noonan,"NOONAN,MAGGIE",NOONANMAGGIESCR,8,0,,,Scranton,SCR,1056-2481,,,,,,0.00,0,0,0,0,0,0,0,0,0,0,0,0,0,0,0,0,0,0,0,0,0,0,0,2,0,1,2,00:00,0,0,1.000,0,0,0,0,0,0,.000,,,,,,,,,,,,,,,-2.8454103772867514,204,59
2026-27,wlax,Landmark Conference,landmark_conference,Lycoming,Riley Pool,Riley,Pool,,373,Riley Pool,"POOL,RILEY",POOLRILEYLYCO,6,0,,,Lycoming,LYCO,996-9468,,,,,,0.00,0,0,0,0,0,0,0,0,0,0,0,0,0,0,0,0,0,0,0,0,0,0,0,3,0,1,0,23:00,47,0,1.000,0,0,0,0,0,0,.000,6,87:12,15,13,0,0,0,0,0,0,0,34,10.32,.464,-2.8611219238297823,205,59
2026-27,wlax,Landmark Conference,landmark_conference,Susquehanna,Hannah O'Grady,Hannah,O'Grady,,685,Hannah O'Grady,"O'GRADY,HANNAH",O'GRADYHANNAHSUSQUEHA,10,0,,,Susquehanna,SUSQUEHA,1054-5150,,,,,,0.00,0,0,0,0,0,0,0,0,0,0,0,0,0,0,0,0,0,0,0,0,0,0,0,3,2,6,1,00:00,0,0,1.000,1,2,0,0,0,0,.500,,,,,,,,,,,,,,,-2.8721890689693708,206,59
2026-27,wlax,Landmark Conference,landmark_conference,Moravian,Lillian Martino,Lillian,Martino,,443,Lillian Martino,"MARTINO,LILLIAN",MARTINOLILLIANMORA,13,4,,,Moravian,MORA,0,,,,,,0.00,0,0,0,0,0,0,0,0,0,0,0,0,0,2,0,0,0,0,0,0,0,0,0,3,0,3,1,240:00,0,0,1.000,0,0,0,0,0,0,.000,,,,,,,,,,,,,,,-2.8721890689693708,207,59
2026-27,wlax,Landmark Conference,landmark_conference,Catholic,Sarah Cohen,Sarah,Cohen,,124,Sarah Cohen,"COHEN,SARAH",COHENSARAHCATHOLIC,6,0,,,Catholic,CATHOLIC,1049-3620,,,,,,0.00,0,0,0,0,0,0,0,0,0,0,0,0,0,0,2,0,0,0,0,0,0,0,0,3,0,1,1,00:00,0,0,1.000,0,0,0,0,0,0,.000,,,,,,,,,,,,,,,-2.8721890689693708,208,58
2026-27,wlax,Landmark Conference,landmark_conference,Scranton,Maggie Sullivan,Maggie,Sullivan,,633,Maggie Sullivan,"SULLIVAN,MAGGIE",SULLIVANMAGGIESCR,5,0,,,Scranton,SCR,1056-2865,,,,,,0.00,0,0,0,0,0,0,0,0,0,0,0,0,0,0,0,0,0,0,0,0,0,0,0,2,0,1,1,00:00,0,0,1.000,0,0,0,0,0,0,.000,,,,,,,,,,,,,,,-2.921100610076697,209,58
2026-27,wlax,Landmark Conference,landmark_conference,Elizabethtown,Alyssa Conner,Alyssa,Conner,,211,Alyssa Conner,"CONNER,ALYSSA",CONNERALYSSAETOWN,15,14,,,Elizabethtown,ETOWN,993-6438,,,,,,0.00,0,0,0,0,0,0,0,0,0,0,0,0,0,0,0,0,0,0,0,0,0,0,0,10,0,8,1,855:00,47,0,1.000,0,0,0,0,0,0,.000,15,825:47,172,85,0,6,8,0,0,0,0,358,12.50,.331,-2.9217503901368134,210,58
2026-27,wlax,Landmark Conference,landmark_conference,Susquehanna,Allison Stewart,Allison,Stewart,,685,Allison Stewart,"STEWART,ALLISON",STEWARTALLISONSUSQUEHA,4,0,,,Susquehanna,SUSQUEHA,1054-4707,,,,,,0.25,0,0,0,0,0,0,0,0,0,0,0,0,0,0,1,0,0,0,0,0,0,0,0,0,0,1,0,00:00,0,0,1.000,1,1,0,1,0,1,1.000,,,,,,,,,,,,,,,-2.9600912844982328,211,58
2026-27,wlax,Landmark Conference,landmark_conference,Catholic,Charlotte Spaulding,Charlotte,Spaulding,,124,Charlotte Spaulding,"SPAULDING,CHARLOTTE",SPAULDINGCHARLOTTECATHOLIC,4,0,,,Catholic,CATHOLIC,1049-3085,,,,,,0.25,0,0,0,0,0,0,1,0,0,0,0,0,0,0,0,0,0,0,0,0,0,0,0,0,0,2,0,00:00,0,0,1.000,4,5,0,1,0,1,.800,,,,,,,,,,,,,,,-2.9600912844982328,212,58
2026-27,wlax,Landmark Conference,landmark_conference,Catholic,Madeline Kennedy,Madeline,Kennedy,,124,Madeline Kennedy,"KENNEDY,MADELINE",KENNEDYMADELINECATHOLIC,3,0,,,Catholic,CATHOLIC,1049-3622,,,,,,0.33,0,1,0,0,0,0,1,0,0,0,0,0,0,0,0,0,0,0,0,0,0,0,0,0,0,1,0,00:00,0,0,1.000,3,3,2,1,0,1,1.000,,,,,,,,,,,,,,,-2.9600912844982328,213,58
2026-27,wlax,Landmark Conference,landmark_conference,Elizabethtown,Morgan Echeverria,Morgan,Echeverria,,211,Morgan Echeverria,"ECHEVERRIA,MORGAN",ECHEVERRIAMORGANETOWN,4,0,,,Elizabethtown,ETOWN,993-6075,,,,,,0.25,0,0,0,0,0,0,1,0,0,0,0,0,0,2,0,0,0,0,0,0,0,0,0,0,0,2,0,00:00,0,0,1.000,1,1,0,1,0,1,1.000,,,,,,,,,,,,,,,-2.9600912844982328,214,57
2026-27,wlax,Landmark Conference,landmark_conference,Lycoming,Gabriella Fugon,Gabriella,Fugon,,373,Gabriella Fugon,"FUGON,GABRIELLA",FUGONGABRIELLALYCO,7,2,,,Lycoming,LYCO,996-8963,,,,,,0.00,0,0,0,0,0,0,0,0,0,0,0,0,0,0,0,0,0,0,0,0,0,0,0,1,0,0,1,120:00,0,0,1.000,0,0,0,0,0,0,.000,,,,,,,,,,,,,,,-2.970012151184023,215,57
2026-27,wlax,Landmark Conference,landmark_conference,Scranton,Gianna Gagliardi,Gianna,Gagliardi,,633,Gianna Gagliardi,"GAGLIARDI,GIANNA",GAGLIARDIGIANNASCR,4,0,,,Scranton,SCR,1056-2861,,,,,,0.00,0,0,0,0,0,0,0,0,0,0,0,0,0,0,0,0,0,0,0,0,0,0,0,1,0,1,1,00:00,0,0,1.000,0,0,0,0,0,0,.000,,,,,,,,,,,,,,,-2.970012151184023,216,57
2026-27,wlax,Landmark Conference,landmark_conference,Lycoming,Haley Balgavy,Haley,Balgavy,,373,Haley Balgavy,"BALGAVY,HALEY",BALGAVYHALEYLYCO,7,2,,,Lycoming,LYCO,996-9114,,,,,,0.00,0,0,0,0,0,0,0,0,0,0,0,0,0,0,0,0,0,0,0,0,0,0,0,1,0,1,1,120:00,0,0,1.000,0,0,0,0,0,0,.000,,,,,,,,,,,,,,,-2.970012151184023,217,57
2026-27,wlax,Landmark Conference,landmark_conference,Scranton,Adrianna Sward,Adrianna,Sward,,633,Adrianna Sward,"SWARD,ADRIANNA",SWARDADRIANNASCR,7,0,,,Scranton,SCR,1056-2866,,,,,,0.00,0,0,0,0,0,0,0,0,0,0,0,0,0,0,0,0,0,0,0,0,0,0,0,2,0,1,0,00:00,0,0,1.000,0,0,0,0,0,0,.000,,,,,,,,,,,,,,,-2.996790842866643,218,57
2026-27,wlax,Landmark Conference,landmark_conference,Scranton,Quinn Shields,Quinn,Shields,,633,Quinn Shields,"SHIELDS,QUINN",SHIELDSQUINNSCR,5,0,,,Scranton,SCR,1056-2669,,,,,,0.00,0,0,0,0,0,0,0,0,0,0,0,0,0,0,0,0,0,0,0,0,0,0,0,2,0,1,0,00:00,0,0,1.000,0,0,0,0,0,0,.000,,,,,,,,,,,,,,,-2.996790842866643,219,56
2026-27,wlax,Landmark Conference,landmark_conference,Catholic,Mia Majewski,Mia,Majewski,,124,Mia Majewski,"MAJEWSKI,MIA",MAJEWSKIMIACATHOLIC,5,0,,,Catholic,CATHOLIC,1049-2954,,,,,,0.00,0,0,0,0,0,0,0,0,0,0,0,0,0,0,0,0,0,0,0,0,0,0,0,0,0,1,1,00:00,0,0,1.000,0,0,0,0,0,0,.000,,,,,,,,,,,,,,,-3.0189236922913496,220,56
2026-27,wlax,Landmark Conference,landmark_conference,Elizabethtown,Natalie Harris,Natalie,Harris,,211,Natalie Harris,"HARRIS,NATALIE",HARRISNATALIEETOWN,4,0,,,Elizabethtown,ETOWN,993-6441,,,,,,0.00,0,0,0,0,0,0,0,0,0,0,0,0,0,0,0,0,0,0,0,0,0,0,0,0,0,0,1,00:00,0,0,1.000,0,1,0,0,0,0,.000,,,,,,,,,,,,,,,-3.0189236922913496,221,56
2026-27,wlax,Landmark Conference,landmark_conference,Goucher,Ros McClendon,Ros,McClendon,,1467,Ros McClendon,"MCCLENDON,ROS",MCCLENDONROSGOUCHER,3,1,,,Goucher,GOUCHER,0,,,,,,0.00,0,0,0,0,0,0,0,0,0,0,0,0,0,0,0,0,0,0,0,0,0,0,0,0,0,0,1,60:00,0,0,1.000,0,0,0,0,0,0,.000,,,,,,,,,,,,,,,-3.0189236922913496,222,56
2026-27,wlax,Landmark Conference,landmark_conference,Drew,Skyler Ribitzki,Skyler,Ribitzki,,190,Skyler Ribitzki,"RIBITZKI,SKYLER",RIBITZKISKYLERDREW,6,0,,,Drew,DREW,1050-4604,,,,,,0.00,0,0,0,0,0,0,0,0,0,0,0,0,0,0,0,0,0,0,0,0,0,0,0,0,1,0,1,00:00,0,0,1.000,0,0,0,0,0,0,.000,,,,,,,,,,,,,,,-3.0189236922913496,223,56
2026-27,wlax,Landmark Conference,landmark_conference,Lycoming,Anna Glantz,Anna,Glantz,,373,Anna Glantz,"GLANTZ,ANNA",GLANTZANNALYCO,14,12,,,Lycoming,LYCO,996-9529,,,,,,0.00,0,0,0,0,0,0,0,0,0,0,0,0,0,3,2,0,0,0,0,0,0,0,0,1,0,2,0,720:00,0,0,1.000,0,0,0,0,0,0,.000,,,,,,,,,,,,,,,-3.045702383973969,224,55
2026-27,wlax,Landmark Conference,landmark_conference,Elizabethtown,Aubrey Bair,Aubrey,Bair,,211,Aubrey Bair,"BAIR,AUBREY",BAIRAUBREYETOWN,2,0,,,Elizabethtown,ETOWN,993-6436,,,,,,0.00,0,0,0,0,0,0,0,0,0,0,0,0,0,0,1,0,0,0,0,0,0,0,0,1,0,0,0,00:00,0,0,1.000,0,0,0,0,0,0,.000,,,,,,,,,,,,,,,-3.045702383973969,225,55
2026-27,wlax,Landmark Conference,landmark_conference,Susquehanna,Hanna Blaschak,Hanna,Blaschak,,685,Hanna Blaschak,"BLASCHAK,HANNA",BLASCHAKHANNASUSQUEHA,3,0,,,Susquehanna,SUSQUEHA,1054-4708,,,,,,0.00,0,0,0,0,0,0,0,0,0,0,0,0,0,0,1,0,0,0,0,0,0,0,0,1,0,0,0,00:00,0,0,1.000,0,0,0,0,0,0,.000,,,,,,,,,,,,,,,-3.045702383973969,226,55
2026-27,wlax,Landmark Conference,landmark_conference,Moravian,Maggie Modrovsky,Maggie,Modrovsky,,443,Maggie Modrovsky,"MODROVSKY,MAGGIE",MODROVSKYMAGGIEMORA,3,3,,,Moravian,MORA,0,,,,,,0.00,0,0,0,0,0,0,0,0,0,0,0,0,0,0,0,0,0,0,0,0,0,0,0,1,1,1,0,180:00,0,0,1.000,0,0,0,0,0,0,.000,,,,,,,,,,,,,,,-3.045702383973969,227,55
2026-27,wlax,Landmark Conference,landmark_conference,Susquehanna,Maguire Simms,Maguire,Simms,,685,Maguire Simms,"SIMMS,MAGUIRE",SIMMSMAGUIRESUSQUEHA,3,0,,,Susquehanna,SUSQUEHA,1054-5025,,,,,,0.00,0,0,0,0,0,0,0,0,0,0,0,0,0,0,0,0,0,0,0,0,0,0,0,1,0,0,0,00:00,0,0,1.000,0,0,0,0,0,0,.000,,,,,,,,,,,,,,,-3.045702383973969,228,55
2026-27,wlax,Landmark Conference,landmark_conference,Goucher,Alicia Reyes Romero,Alicia Reyes,Romero,,1467,Alicia Reyes Romero,"ROMERO,ALICIA REYES",ROMEROALICIAREYESGOUCHER,2,0,,,Goucher,GOUCHER,0,,,,,,0.00,0,0,0,0,0,0,0,0,0,0,0,0,0,0,0,0,0,0,0,0,0,0,0,0,1,1,0,00:00,0,0,1.000,1,1,0,0,0,0,1.000,,,,,,,,,,,,,,,-3.0946139250812954,229,54
2026-27,wlax,Landmark Conference,landmark_conference,Wilkes,Audrey Milne,Audrey,Milne,,784,Audrey Milne,"MILNE,AUDREY",MILNEAUDREYWILKES,1,0,,,Wilkes,WILKES,1002-4148,,,,,,0.00,0,0,0,0,0,0,0,0,0,0,0,0,0,0,0,0,0,0,0,0,0,0,0,0,0,0,0,00:00,0,0,1.000,0,0,0,0,0,0,.000,,,,,,,,,,,,,,,-3.0946139250812954,230,54
2026-27,wlax,Landmark Conference,landmark_conference,Catholic,Ava DeMutis,Ava,DeMutis,,124,Ava DeMutis,"DEMUTIS,AVA",DEMUTISAVACATHOLIC,3,0,,,Catholic,CATHOLIC,1049-3617,,,,,,0.00,0,0,0,0,0,0,0,0,0,0,0,0,0,0,0,0,0,0,0,0,0,0,0,0,0,0,0,00:00,0,0,1.000,0,0,0,0,0,0,.000,,,,,,,,,,,,,,,-3.0946139250812954,231,54
2026-27,wlax,Landmark Conference,landmark_conference,Elizabethtown,Caroline Christopher,Caroline,Christopher,,211,Caroline Christopher,"CHRISTOPHER,CAROLINE",CHRISTOPHERCAROLINEETOWN,3,0,,,Elizabethtown,ETOWN,993-6437,,,,,,0.00,0,0,0,0,0,0,0,0,0,0,0,0,0,0,0,0,0,0,0,0,0,0,0,0,0,0,0,00:00,0,0,1.000,0,0,0,0,0,0,.000,,,,,,,,,,,,,,,-3.0946139250812954,232,54
2026-27,wlax,Landmark Conference,landmark_conference,Goucher,Charlotte Bloom,Charlotte,Bloom,,1467,Charlotte Bloom,"BLOOM,CHARLOTTE",BLOOMCHARLOTTEGOUCHER,4,0,,,Goucher,GOUCHER,0,,,,,,0.00,0,0,0,0,0,0,0,0,0,0,0,0,0,1,0,0,0,0,0,0,0,0,0,0,0,1,0,00:00,0,0,1.000,1,2,0,0,0,0,.500,,,,,,,,,,,,,,,-3.0946139250812954,233,54
2026-27,wlax,Landmark Conference,landmark_conference,Moravian,Elizabeth Shoulberg,Elizabeth,Shoulberg,,443,Elizabeth Shoulberg,"SHOULBERG,ELIZABETH",SHOULBERGELIZABETHMORA,6,0,,,Moravian,MORA,0,,,,,,0.00,0,0,0,0,0,0,0,0,0,0,0,0,0,0,1,0,0,0,0,0,0,0,0,0,0,0,0,00:00,0,0,1.000,0,0,0,0,0,0,.000,,,,,,,,,,,,,,,-3.0946139250812954,234,54
2026-27,wlax,Landmark Conference,landmark_conference,Juniata,Honey Benskin,Honey,Benskin,,325,Honey Benskin,"BENSKIN,HONEY",BENSKINHONEYJUNIATA,11,2,,,Juniata,JUNIATA,0,,,,,,0.00,0,0,0,0,0,0,0,0,0,0,0,0,0,0,0,0,0,0,0,0,0,0,0,0,0,1,0,120:00,0,0,1.000,0,0,0,0,0,0,.000,,,,,,,,,,,,,,,-3.0946139250812954,235,53
2026-27,wlax,Landmark Conference,landmark_conference,Scranton,Kimora Harrid,Kimora,Harrid,,633,Kimora Harrid,"HARRID,KIMORA",HARRIDKIMORASCR,5,0,,,Scranton,SCR,1056-2869,,,,,,0.00,0,0,0,0,0,0,0,0,0,0,0,0,0,0,0,0,0,0,0,0,0,0,0,0,0,0,0,00:00,0,0,1.000,0,0,0,0,0,0,.000,,,,,,,,,,,,,,,-3.0946139250812954,236,53
2026-27,wlax,Landmark Conference,landmark_conference,Catholic,Lilly Milberg,Lilly,Milberg,,124,Lilly Milberg,"MILBERG,LILLY",MILBERGLILLYCATHOLIC,2,0,,,Catholic,CATHOLIC,1049-3089,,,,,,0.00,0,0,0,0,0,0,0,0,0,0,0,0,0,0,0,0,0,0,0,0,0,0,0,0,0,0,0,00:00,0,0,1.000,0,0,0,0,0,0,.000,,,,,,,,,,,,,,,-3.0946139250812954,237,53
2026-27,wlax,Landmark Conference,landmark_conference,Wilkes,Lily Zingaro,Lily,Zingaro,,784,Lily Zingaro,"ZINGARO,LILY",ZINGAROLILYWILKES,1,0,,,Wilkes,WILKES,1002-4143,,,,,,0.00,0,0,0,0,0,0,0,0,0,0,0,0,0,0,0,0,0,0,0,0,0,0,0,0,0,0,0,00:00,0,0,1.000,0,0,0,0,0,0,.000,,,,,,,,,,,,,,,-3.0946139250812954,238,53
2026-27,wlax,Landmark Conference,landmark_conference,Wilkes,Megan Bell,Megan,Bell,,784,Megan Bell,"BELL,MEGAN",BELLMEGANWILKES,1,0,,,Wilkes,WILKES,1002-4361,,,,,,0.00,0,0,0,0,0,0,0,0,0,0,0,0,0,0,0,0,0,0,0,0,0,0,0,0,0,0,0,00:00,0,0,1.000,0,0,0,0,0,0,.000,,,,,,,,,,,,,,,-3.0946139250812954,239,53
2026-27,wlax,Landmark Conference,landmark_conference,Elizabethtown,Sara Watson,Sara,Watson,,211,Sara Watson,"WATSON,SARA",WATSONSARAETOWN,1,0,,,Elizabethtown,ETOWN,993-6324,,,,,,0.00,0,0,0,0,0,0,0,0,0,0,0,0,0,0,0,0,0,0,0,0,0,0,0,0,0,0,0,00:00,0,0,1.000,0,0,0,0,0,0,.000,,,,,,,,,,,,,,,-3.0946139250812954,240,52
2026-27,wlax,Landmark Conference,landmark_conference,Moravian,Tessa Figel,Tessa,Figel,,443,Tessa Figel,"FIGEL,TESSA",FIGELTESSAMORA,1,0,,,Moravian,MORA,0,,,,,,0.00,0,0,0,0,0,0,0,0,0,0,0,0,0,0,0,0,0,0,0,0,0,0,0,0,0,0,0,0,0,0,1.000,0,0,0,0,0,0,.000,,,,,,,,,,,,,,,-3.0946139250812954,241,52
2026-27,wlax,Landmark Conference,landmark_conference,Elizabethtown,Tyrne Keeney,Tyrne,Keeney,,211,Tyrne Keeney,"KEENEY,TYRNE",KEENEYTYRNEETOWN,4,0,,,Elizabethtown,ETOWN,993-5813,,,,,,0.00,0,0,0,0,0,0,0,0,0,0,0,0,0,0,0,0,0,0,0,0,0,0,0,0,0,0,0,00:00,0,0,1.000,0,0,0,0,0,0,.000,,,,,,,,,,,,,,,-3.0946139250812954,242,52
2026-27,wlax,Landmark Conference,landmark_conference,Juniata,Zelda Pope,Zelda,Pope,,325,Zelda Pope,"POPE,ZELDA",POPEZELDAJUNIATA,6,1,,,Juniata,JUNIATA,0,,,,,,0.00,0,0,0,0,0,0,0,0,0,0,0,0,0,0,0,0,0,0,0,0,0,0,0,0,0,4,0,60:00,0,0,1.000,1,1,1,0,0,0,1.000,,,,,,,,,,,,,,,-3.0946139250812954,243,52
2026-27,wlax,Landmark Conference,landmark_conference,Lycoming,Erica Gilligan,Erica,Gilligan,,373,Erica Gilligan,"GILLIGAN,ERICA",GILLIGANERICALYCO,2,0,,,Lycoming,LYCO,996-9526,,,,,,0.00,0,0,0,0,0,0,0,0,0,0,0,0,0,0,0,0,0,0,0,0,0,0,0,0,0,1,0,00:00,0,0,1.000,0,0,0,0,0,0,.000,2,19:52,2,1,0,0,0,0,0,0,0,4,6.04,.333,-3.219973656316176,244,52
2026-27,wlax,Landmark Conference,landmark_conference,Juniata,Frankie Ditsky,Frankie,Ditsky,,325,Frankie Ditsky,"DITSKY,FRANKIE",DITSKYFRANKIEJUNIATA,1,0,,,Juniata,JUNIATA,0,,,,,,0.00,0,0,0,0,0,0,0,0,0,0,0,0,0,0,0,0,0,0,0,0,0,0,0,2,0,1,0,30,0,0,1.000,0,0,0,0,0,0,.000,1,30:00,7,5,0,0,0,0,0,0,0,13,14.00,.417,-3.830095970874195,245,52
2026-27,wlax,Landmark Conference,landmark_conference,Elizabethtown,Katie Raggazino,Katie,Raggazino,,211,Katie Raggazino,"RAGGAZINO,KATIE",RAGGAZINOKATIEETOWN,3,3,,,Elizabethtown,ETOWN,993-6444,,,,,,0.00,0,0,0,0,0,0,0,0,0,0,0,0,0,0,0,0,0,0,0,0,0,0,0,3,0,1,0,159:00,57,0,1.000,0,0,0,0,0,0,.000,3,159:57,33,16,0,4,0,0,0,0,0,59,12.38,.327,-3.960488265592712,246,51
2026-27,wlax,Landmark Conference,landmark_conference,Catholic,Audrey Bassolino,Audrey,Bassolino,,124,Audrey Bassolino,"BASSOLINO,AUDREY",BASSOLINOAUDREYCATHOLIC,4,0,,,Catholic,CATHOLIC,1049-3618,,,,,,0.00,0,0,0,0,0,0,0,0,0,0,0,0,0,0,0,0,0,0,0,0,0,0,0,0,0,0,0,00:00,0,0,1.000,0,0,0,0,0,0,.000,4,53:52,8,3,0,0,0,0,0,0,0,16,8.91,.273,-4.001305609353578,247,51
2026-27,wlax,Landmark Conference,landmark_conference,Moravian,Cailin Filep,Cailin,Filep,,443,Cailin Filep,"FILEP,CAILIN",FILEPCAILINMORA,7,1,,,Moravian,MORA,0,,,,,,0.14,0,0,0,0,0,0,1,0,0,0,0,0,0,1,0,0,0,0,0,0,0,0,0,0,1,0,0,15:00,96,0,1.000,2,2,0,1,0,1,1.000,4,20:17,6,5,0,0,0,0,0,0,0,12,17.75,.455,-4.1529826164179005,248,51
2026-27,wlax,Landmark Conference,landmark_conference,Moravian,Tessa Fiegel,Tessa,Fiegel,,443,Tessa Fiegel,"FIEGEL,TESSA",FIEGELTESSAMORA,0,0,,,Moravian,MORA,0,,,,,,0,0,0,0,0,0,0,0,0,0,0,0,0,0,0,0,0,0,0,0,0,0,0,0,0,0,0,0,00:00,0,0,1.000,0,0,0,0,0,0,.000,0,00:00,0,0,0,0,0,0,0,0,0,0,.00,.000,-4.248401540649386,249,51
2026-27,wlax,Landmark Conference,landmark_conference,Susquehanna,Maggie Patterson,Maggie,Patterson,,685,Maggie Patterson,"PATTERSON,MAGGIE",PATTERSONMAGGIESUSQUEHA,6,0,,,Susquehanna,SUSQUEHA,1054-5154,,,,,,0.00,0,0,0,0,0,0,0,0,0,0,0,0,0,0,0,0,0,0,0,0,0,0,0,1,0,4,0,05:00,32,0,1.000,0,0,0,0,0,0,.000,6,48:28,12,6,0,0,0,0,0,0,0,27,14.86,.333,-4.497889037265388,250,51
2026-27,wlax,Landmark Conference,landmark_conference,Goucher,Huda Chaudhry,Huda,Chaudhry,,1467,Huda Chaudhry,"CHAUDHRY,HUDA",CHAUDHRYHUDAGOUCHER,4,0,,,Goucher,GOUCHER,0,,,,,,0.00,0,0,0,0,0,0,0,0,0,0,0,0,0,0,0,0,0,0,0,0,0,0,0,1,0,1,0,00:00,0,0,1.000,0,0,0,0,0,0,.000,4,30:41,6,1,0,1,0,0,0,0,0,8,11.73,.143,-5.173384806825909,251,50
2026-27,wlax,Landmark Conference,landmark_conference,Susquehanna,Clare Blaschak,Clare,Blaschak,,685,Clare Blaschak,"BLASCHAK,CLARE",BLASCHAKCLARESUSQUEHA,2,0,,,Susquehanna,SUSQUEHA,1054-4714,,,,,,0.00,0,0,0,0,0,0,0,0,0,0,0,0,0,0,0,0,0,0,0,0,0,0,0,0,0,0,0,04:00,45,0,1.000,0,0,0,0,0,0,.000,2,09:23,3,1,0,0,0,0,0,0,0,4,19.18,.250,-5.751354313898067,252,50
