season,sport,conference,conference_code,team,player_name,first_name,last_name,position,team_code,name,checkname,linkup_name,games_played,games_started,uniform,year,team_name,team_id,sdrm_id,goal_stats_shootout_goals,goal_stats_free_positiong_goals,goal_stats_game_tying_goals,goal_stats_empty_net_goals,goal_stats_overtime_goals,goal_stats_first_goals,goal_stats_unassisted_goals,goal_stats_short_handed_goals,goal_stats_power_play_goals,goal_stats_game_winning_goals,penalty_stats_number,penalty_stats_minutes,penalty_stats_fouls,penalty_stats_green_cards,penalty_stats_yellow_cards,penalty_stats_red_cards,penalty_stats_match,penalty_stats_major,penalty_stats_minor,misc_stats_powerplay_opps,misc_stats_powerplay_goals,misc_stats_faceoffs_won,misc_stats_faceoffs_lost,misc_stats_ground_balls,misc_stats_draw_controls,misc_stats_turnovers,misc_stats_caused_turnovers,misc_stats_minutes_played,misc_stats_seconds,misc_stats_faceoffs_taken,misc_stats_penalty_killing_pct,goalie_stats,shot_stats_shots_on_goal,shot_stats_shots,shot_stats_free_position_shots,shot_stats_points,shot_stats_assists,shot_stats_goals,shot_stats_shots_on_goal_pct,avg_points_game,goalie_stats_games_played,goalie_stats_minutes,goalie_stats_goals_allowed,goalie_stats_saves,goalie_stats_shutouts,goalie_stats_win,goalie_stats_loss,goalie_stats_tie,goalie_stats_powerplay_goals_allowed,goalie_stats_shorthanded_goals_allowed,goalie_stats_emptynet_goals_allowed,goalie_stats_shots_faced,goalie_stats_goals_against_avg,goalie_stats_save_pct,goal_stats,penalty_stats,misc_stats,shot_stats
2026-27,mlax,North Atlantic Conference (NAC),nac,Husson,Brad Stolt,Brad,Stolt,,1133,Brad Stolt,"STOLT,BRAD",STOLTBRADHUSSON,11,7,,,Husson ,HUSSON,1201-3729,0,0,0,0,0,0,0,0,0,0,0,0,0,0,0,0,0,0,0,0,0,90,49,49,0,5,2,421:00,34,139,1.000,,1,2,0,0,0,0,.500,0.00,,,,,,,,,,,,,,,,,,
2026-27,mlax,North Atlantic Conference (NAC),nac,Husson,Drew Clinch,Drew,Clinch,,1133,Drew Clinch,"CLINCH,DREW",CLINCHDREWHUSSON,16,0,,,Husson ,HUSSON,1201-3720,0,0,0,0,0,0,2,0,0,1,0,0,0,0,0,0,0,1,0,0,0,0,0,32,0,20,8,00:00,0,0,1.000,,22,33,0,28,20,8,.667,1.75,,,,,,,,,,,,,,,,,,
2026-27,mlax,North Atlantic Conference (NAC),nac,Husson,Jacob Sargent,Jacob,Sargent,,1133,Jacob Sargent,"SARGENT,JACOB",SARGENTJACOBHUSSON,10,1,,,Husson ,HUSSON,1201-3974,0,0,0,0,0,0,1,0,0,0,0,0,0,0,0,0,0,0,0,0,0,0,0,5,0,3,1,60:00,0,0,1.000,,4,10,0,1,0,1,.400,0.10,,,,,,,,,,,,,,,,,,
2026-27,mlax,North Atlantic Conference (NAC),nac,Husson,Dean Sinkler,Dean,Sinkler,,1133,Dean Sinkler,"SINKLER,DEAN",SINKLERDEANHUSSON,8,1,,,Husson ,HUSSON,1201-3243,0,0,0,0,0,0,0,0,0,0,0,0,0,0,0,0,0,0,0,0,0,0,0,3,0,4,0,60:00,0,0,1.000,,7,9,0,4,1,3,.778,0.50,,,,,,,,,,,,,,,,,,
2026-27,mlax,North Atlantic Conference (NAC),nac,Husson,Brian Peabody,Brian,Peabody,,1133,Brian Peabody,"PEABODY,BRIAN",PEABODYBRIANHUSSON,16,9,,,Husson ,HUSSON,1201-4081,0,0,0,0,0,0,1,0,0,0,0,0,0,0,0,0,0,2,2,0,0,121,127,53,0,12,1,538:00,56,248,1.000,,3,5,0,5,4,1,.600,0.31,,,,,,,,,,,,,,,,,,
2026-27,mlax,North Atlantic Conference (NAC),nac,Husson,Owen Giorgio,Owen,Giorgio,,1133,Owen Giorgio,"GIORGIO,OWEN",GIORGIOOWENHUSSON,16,15,,,Husson ,HUSSON,1201-3723,0,0,0,0,0,0,6,0,4,0,0,0,0,0,0,0,0,2,4,0,0,0,0,115,0,19,38,899:00,90,0,1.000,,19,37,0,25,13,12,.514,1.56,,,,,,,,,,,,,,,,,,
2026-27,mlax,North Atlantic Conference (NAC),nac,Husson,Caleb Kirchner,Caleb,Kirchner,,1133,Caleb Kirchner,"KIRCHNER,CALEB",KIRCHNERCALEBHUSSON,16,12,,,Husson ,HUSSON,1201-4304,0,0,0,0,0,0,0,0,0,0,0,0,0,0,0,0,2,1,0,0,0,0,0,21,0,9,9,720:00,60,0,1.000,,0,1,0,2,2,0,.000,0.13,,,,,,,,,,,,,,,,,,
2026-27,mlax,North Atlantic Conference (NAC),nac,Husson,Evan Carmody,Evan,Carmody,,1133,Evan Carmody,"CARMODY,EVAN",CARMODYEVANHUSSON,6,0,,,Husson ,HUSSON,1201-3719,0,0,0,0,0,0,1,0,0,0,0,0,0,0,0,0,0,0,1,0,0,0,0,1,0,3,0,00:00,0,0,1.000,,5,5,0,3,0,3,1.000,0.50,,,,,,,,,,,,,,,,,,
2026-27,mlax,North Atlantic Conference (NAC),nac,Husson,Matt Richardson,Matt,Richardson,,1133,Matt Richardson,"RICHARDSON,MATT",RICHARDSONMATTHUSSON,16,15,,,Husson ,HUSSON,1201-4082,0,0,0,0,0,0,0,0,0,0,0,0,0,0,0,0,0,1,3,0,0,0,0,23,0,11,12,899:00,90,0,1.000,,1,1,0,0,0,0,1.000,0.00,,,,,,,,,,,,,,,,,,
2026-27,mlax,North Atlantic Conference (NAC),nac,Husson,Connor Chase,Connor,Chase,,1133,Connor Chase,"CHASE,CONNOR",CHASECONNORHUSSON,11,8,,,Husson ,HUSSON,1201-4071,0,0,0,0,0,0,0,0,0,0,0,0,0,0,0,0,0,0,1,0,0,0,0,5,0,3,5,481:00,34,0,1.000,,0,0,0,0,0,0,.000,0.00,,,,,,,,,,,,,,,,,,
2026-27,mlax,North Atlantic Conference (NAC),nac,Husson,Jack Kaszubinski,Jack,Kaszubinski,,1133,Jack Kaszubinski,"KASZUBINSKI,JACK",KASZUBINSKIJACKHUSSON,8,1,,,Husson ,HUSSON,1201-3807,0,0,0,0,0,0,0,0,0,0,0,0,0,0,0,0,0,0,0,0,0,0,0,6,0,6,1,60:00,0,0,1.000,,3,5,0,1,1,0,.600,0.13,,,,,,,,,,,,,,,,,,
2026-27,mlax,North Atlantic Conference (NAC),nac,Husson,Odin Burk,Odin,Burk,,1133,Odin Burk,"BURK,ODIN",BURKODINHUSSON,17,15,,,Husson ,HUSSON,1201-3250,0,0,0,0,0,0,0,0,0,0,0,0,0,0,0,0,0,1,0,0,0,0,0,23,0,19,2,854:00,90,0,1.000,,0,0,0,0,0,0,.000,0.00,16,860:29,165,157,0,10,5,0,0,0,0,594,11.51,.488,,,,
2026-27,mlax,North Atlantic Conference (NAC),nac,Husson,Gabe Robinson,Gabe,Robinson,,1133,Gabe Robinson,"ROBINSON,GABE",ROBINSONGABEHUSSON,16,0,,,Husson ,HUSSON,1201-4536,0,0,0,0,0,2,8,0,4,2,0,0,0,0,0,0,0,1,0,0,0,0,0,37,0,22,13,00:00,0,0,1.000,,63,104,0,42,11,31,.606,2.63,,,,,,,,,,,,,,,,,,
2026-27,mlax,North Atlantic Conference (NAC),nac,Husson,Jackson Purdy,Jackson,Purdy,,1133,Jackson Purdy,"PURDY,JACKSON",PURDYJACKSONHUSSON,15,13,,,Husson ,HUSSON,1201-4535,0,0,0,0,0,0,0,0,0,0,0,0,0,0,0,0,0,3,4,0,0,0,0,22,0,11,10,777:00,86,0,1.000,,1,1,0,0,0,0,1.000,0.00,,,,,,,,,,,,,,,,,,
2026-27,mlax,North Atlantic Conference (NAC),nac,Husson,Taylor Schwalje,Taylor,Schwalje,,1133,Taylor Schwalje,"SCHWALJE,TAYLOR",SCHWALJETAYLORHUSSON,16,15,,,Husson ,HUSSON,1201-4084,0,0,0,0,0,1,3,0,2,0,0,0,0,0,0,0,0,0,8,0,0,0,0,34,0,28,3,899:00,90,0,1.000,,30,55,0,46,29,17,.545,2.88,,,,,,,,,,,,,,,,,,
2026-27,mlax,North Atlantic Conference (NAC),nac,Husson,Josh Hawkins,Josh,Hawkins,,1133,Josh Hawkins,"HAWKINS,JOSH",HAWKINSJOSHHUSSON,15,12,,,Husson ,HUSSON,1201-4186,0,0,0,0,0,0,0,0,0,0,0,0,0,0,0,0,0,0,3,0,0,1,0,30,0,6,7,721:00,34,1,1.000,,0,2,0,0,0,0,.000,0.00,,,,,,,,,,,,,,,,,,
2026-27,mlax,North Atlantic Conference (NAC),nac,Husson,Aidan Byers,Aidan,Byers,,1133,Aidan Byers,"BYERS,AIDAN",BYERSAIDANHUSSON,16,3,,,Husson ,HUSSON,1201-3717,0,0,0,0,0,0,1,0,0,1,0,0,0,0,0,0,0,4,3,0,0,0,0,17,0,4,8,178:00,56,0,1.000,,3,4,0,4,2,2,.750,0.25,,,,,,,,,,,,,,,,,,
2026-27,mlax,North Atlantic Conference (NAC),nac,Husson,Jeremy Rousseau,Jeremy,Rousseau,,1133,Jeremy Rousseau,"ROUSSEAU,JEREMY",ROUSSEAUJEREMYHUSSON,2,1,,,Husson ,HUSSON,1201-4162,0,0,0,0,0,0,0,0,0,0,0,0,0,0,0,0,0,0,1,0,0,0,0,1,0,1,3,75:00,0,0,1.000,,0,0,0,0,0,0,.000,0.00,2,22:14,4,4,0,0,0,0,0,0,0,8,10.79,.500,,,,
2026-27,mlax,North Atlantic Conference (NAC),nac,Husson,Drew Held,Drew,Held,,1133,Drew Held,"HELD,DREW",HELDDREWHUSSON,16,0,,,Husson ,HUSSON,1201-4314,0,0,0,0,0,0,2,0,0,0,0,0,0,0,0,0,0,0,0,0,0,0,0,4,0,9,1,00:00,0,0,1.000,,12,19,0,8,4,4,.632,0.50,,,,,,,,,,,,,,,,,,
2026-27,mlax,North Atlantic Conference (NAC),nac,Husson,Dominic Hollenkamp,Dominic,Hollenkamp,,1133,Dominic Hollenkamp,"HOLLENKAMP,DOMINIC",HOLLENKAMPDOMINICHUSSON,16,15,,,Husson ,HUSSON,1201-4077,0,0,0,0,0,0,12,0,9,1,0,0,0,0,0,0,0,0,0,0,0,0,0,28,0,34,7,899:00,90,0,1.000,,85,117,0,65,15,50,.726,4.06,,,,,,,,,,,,,,,,,,
2026-27,mlax,North Atlantic Conference (NAC),nac,Husson,Cohen Trnka,Cohen,Trnka,,1133,Cohen Trnka,"TRNKA,COHEN",TRNKACOHENHUSSON,1,0,,,Husson ,HUSSON,1201-3260,0,0,0,0,0,0,0,0,0,0,0,0,0,0,0,0,0,0,0,0,0,0,0,0,0,0,0,15,0,0,1.000,,0,0,0,0,0,0,.000,0.00,1,15:00,0,0,0,0,0,0,0,0,0,0,.00,.000,,,,
2026-27,mlax,North Atlantic Conference (NAC),nac,Husson,Bode Markham,Bode,Markham,,1133,Bode Markham,"MARKHAM,BODE",MARKHAMBODEHUSSON,11,0,,,Husson ,HUSSON,1201-4534,0,0,0,0,0,0,0,0,0,0,0,0,0,0,0,0,0,0,0,0,0,16,14,8,0,1,0,00:00,0,30,1.000,,0,0,0,0,0,0,.000,0.00,,,,,,,,,,,,,,,,,,
2026-27,mlax,North Atlantic Conference (NAC),nac,Husson,Charlie Scobie,Charlie,Scobie,,1133,Charlie Scobie,"SCOBIE,CHARLIE",SCOBIECHARLIEHUSSON,6,0,,,Husson ,HUSSON,1201-4537,0,0,0,0,0,0,0,0,0,0,0,0,0,0,0,0,0,0,2,0,0,0,0,1,0,1,0,00:00,0,0,1.000,,3,4,0,0,0,0,.750,0.00,,,,,,,,,,,,,,,,,,
2026-27,mlax,North Atlantic Conference (NAC),nac,Husson,Cody Dingwell,Cody,Dingwell,,1133,Cody Dingwell,"DINGWELL,CODY",DINGWELLCODYHUSSON,16,1,,,Husson ,HUSSON,1201-4072,0,0,0,0,0,1,0,0,0,0,0,0,0,0,0,0,0,0,0,0,0,0,0,13,0,6,5,60:00,0,0,1.000,,7,7,0,10,7,3,1.000,0.63,,,,,,,,,,,,,,,,,,
2026-27,mlax,North Atlantic Conference (NAC),nac,Husson,Camren Dufour,Camren,Dufour,,1133,Camren Dufour,"DUFOUR,CAMREN",DUFOURCAMRENHUSSON,5,0,,,Husson ,HUSSON,1201-4073,0,0,0,0,0,0,1,0,0,0,0,0,0,0,0,0,0,0,0,0,0,0,0,3,0,0,0,00:00,0,0,1.000,,10,11,0,7,2,5,.909,1.40,,,,,,,,,,,,,,,,,,
2026-27,mlax,North Atlantic Conference (NAC),nac,Husson,Alek Duprey,Alek,Duprey,,1133,Alek Duprey,"DUPREY,ALEK",DUPREYALEKHUSSON,16,9,,,Husson ,HUSSON,1201-4533,0,0,0,0,0,2,3,0,2,2,0,0,0,0,0,0,0,0,3,0,0,0,0,17,0,19,6,539:00,90,0,1.000,,29,37,0,20,6,14,.784,1.25,,,,,,,,,,,,,,,,,,
2026-27,mlax,North Atlantic Conference (NAC),nac,Husson,Kiernan Field,Kiernan,Field,,1133,Kiernan Field,"FIELD,KIERNAN",FIELDKIERNANHUSSON,16,7,,,Husson ,HUSSON,1201-4306,0,0,0,0,0,1,35,3,8,4,0,0,0,0,0,0,0,0,2,0,0,0,0,41,0,43,15,420:00,0,0,1.000,,128,178,0,98,29,69,.719,6.13,,,,,,,,,,,,,,,,,,
2026-27,mlax,North Atlantic Conference (NAC),nac,Husson,Eric Cunha,Eric,Cunha,,1133,Eric Cunha,"CUNHA,ERIC",CUNHAERICHUSSON,7,0,,,Husson ,HUSSON,1201-4532,0,0,0,0,0,0,0,0,0,0,0,0,0,0,0,0,0,0,0,0,0,22,12,2,0,1,0,00:00,0,34,1.000,,0,0,0,1,1,0,.000,0.14,,,,,,,,,,,,,,,,,,
2026-27,mlax,North Atlantic Conference (NAC),nac,Husson,Kyle Plummer,Kyle,Plummer,,1133,Kyle Plummer,"PLUMMER,KYLE",PLUMMERKYLEHUSSON,4,1,,,Husson ,HUSSON,1201-4080,0,0,0,0,0,0,0,0,0,0,0,0,0,0,0,0,0,0,0,0,0,0,0,2,0,0,0,15:00,0,0,1.000,,0,0,0,0,0,0,.000,0.00,4,60:43,6,4,0,1,0,0,0,0,0,25,5.93,.400,,,,
2026-27,mlax,North Atlantic Conference (NAC),nac,Husson,Zachary Kristan,Zachary,Kristan,,1133,Zachary Kristan,"KRISTAN,ZACHARY",KRISTANZACHARYHUSSON,3,0,,,Husson ,HUSSON,1201-4195,0,0,0,0,0,0,0,0,0,0,0,0,0,0,0,0,0,0,0,0,0,0,0,2,0,1,1,00:00,0,0,1.000,,1,1,0,0,0,0,1.000,0.00,,,,,,,,,,,,,,,,,,
2026-27,mlax,North Atlantic Conference (NAC),nac,Maine Maritime,Finn O'Donnell,Finn,O'Donnell,,378,Finn O'Donnell,"O'DONNELL,FINN",O'DONNELLFINNMMA,13,13,,,Maine Maritime,MMA,1208-1830,0,0,0,0,0,0,0,0,0,0,0,0,0,0,0,0,1,6,1,0,0,0,0,45,0,23,13,816:00,38,0,1.000,,0,2,0,1,1,0,.000,0.08,,,,,,,,,,,,,,,,,,
2026-27,mlax,North Atlantic Conference (NAC),nac,Maine Maritime,Ryan Dunstan,Ryan,Dunstan,,378,Ryan Dunstan,"DUNSTAN,RYAN",DUNSTANRYANMMA,8,8,,,Maine Maritime,MMA,1208-2146,0,0,0,0,0,0,4,1,1,0,0,0,0,0,0,0,0,1,0,0,0,0,0,27,0,10,4,516:00,38,0,1.000,,23,31,0,14,9,5,.742,1.75,,,,,,,,,,,,,,,,,,
2026-27,mlax,North Atlantic Conference (NAC),nac,Maine Maritime,Ryan Parent,Ryan,Parent,,378,Ryan Parent,"PARENT,RYAN",PARENTRYANMMA,16,16,,,Maine Maritime,MMA,1208-2287,0,0,0,0,0,2,19,1,9,3,0,0,0,0,0,0,0,2,3,0,0,0,0,52,0,32,7,983:00,53,0,1.000,,95,158,0,83,27,56,.601,5.19,,,,,,,,,,,,,,,,,,
2026-27,mlax,North Atlantic Conference (NAC),nac,Maine Maritime,Dustin Burton,Dustin,Burton,,378,Dustin Burton,"BURTON,DUSTIN",BURTONDUSTINMMA,7,0,,,Maine Maritime,MMA,1208-1653,0,0,0,0,0,0,1,0,0,0,0,0,0,0,0,0,0,0,0,0,0,0,0,0,0,3,0,00:00,0,0,1.000,,2,5,0,2,0,2,.400,0.29,,,,,,,,,,,,,,,,,,
2026-27,mlax,North Atlantic Conference (NAC),nac,Maine Maritime,Bryce Crowell,Bryce,Crowell,,378,Bryce Crowell,"CROWELL,BRYCE",CROWELLBRYCEMMA,16,0,,,Maine Maritime,MMA,1208-1829,0,0,0,0,0,0,6,0,0,0,0,0,0,0,0,0,0,0,0,0,0,282,112,181,0,12,2,00:00,0,394,1.000,,15,20,0,13,6,7,.750,0.81,,,,,,,,,,,,,,,,,,
2026-27,mlax,North Atlantic Conference (NAC),nac,Maine Maritime,Calvin Johnson,Calvin,Johnson,,378,Calvin Johnson,"JOHNSON,CALVIN",JOHNSONCALVINMMA,8,0,,,Maine Maritime,MMA,1208-2284,0,0,0,0,0,1,2,0,0,0,0,0,0,0,0,0,0,3,0,0,0,0,0,4,0,6,0,00:00,0,0,1.000,,7,15,0,7,1,6,.467,0.88,,,,,,,,,,,,,,,,,,
2026-27,mlax,North Atlantic Conference (NAC),nac,Maine Maritime,Tristan Reinhold,Tristan,Reinhold,,378,Tristan Reinhold,"REINHOLD,TRISTAN",REINHOLDTRISTANMMA,15,15,,,Maine Maritime,MMA,1208-2147,0,0,0,0,0,0,9,0,3,1,0,0,0,0,0,0,1,3,3,0,0,0,0,23,0,17,7,923:00,53,0,1.000,,40,69,0,23,2,21,.580,1.53,,,,,,,,,,,,,,,,,,
2026-27,mlax,North Atlantic Conference (NAC),nac,Maine Maritime,Matthew Villeneuve,Matthew,Villeneuve,,378,Matthew Villeneuve,"VILLENEUVE,MATTHEW",VILLENEUVEMATTHEWMMA,16,0,,,Maine Maritime,MMA,1208-1871,0,0,0,0,0,0,1,1,0,0,0,0,0,0,0,0,0,1,2,0,0,0,1,49,0,10,28,00:00,0,1,1.000,,3,6,0,3,2,1,.500,0.19,,,,,,,,,,,,,,,,,,
2026-27,mlax,North Atlantic Conference (NAC),nac,Maine Maritime,Trey Marcil,Trey,Marcil,,378,Trey Marcil,"MARCIL,TREY",MARCILTREYMMA,16,16,,,Maine Maritime,MMA,1208-1620,0,0,0,0,0,1,11,1,10,1,0,0,0,0,0,0,0,1,3,0,0,0,0,58,0,42,9,983:00,53,0,1.000,,57,94,0,94,59,35,.606,5.88,,,,,,,,,,,,,,,,,,
2026-27,mlax,North Atlantic Conference (NAC),nac,Maine Maritime,Ryker Spear,Ryker,Spear,,378,Ryker Spear,"SPEAR,RYKER",SPEARRYKERMMA,16,15,,,Maine Maritime,MMA,1208-1868,0,0,0,0,0,1,6,0,6,3,0,0,0,0,0,0,0,2,4,0,0,0,0,33,0,33,10,923:00,53,0,1.000,,36,70,0,26,6,20,.514,1.63,,,,,,,,,,,,,,,,,,
2026-27,mlax,North Atlantic Conference (NAC),nac,Maine Maritime,Will Kelley,Will,Kelley,,378,Will Kelley,"KELLEY,WILL",KELLEYWILLMMA,9,1,,,Maine Maritime,MMA,1208-2153,0,0,0,0,0,0,0,0,0,0,0,0,0,0,0,0,0,0,0,0,0,0,0,10,0,5,4,47:00,15,0,1.000,,0,0,0,0,0,0,.000,0.00,,,,,,,,,,,,,,,,,,
2026-27,mlax,North Atlantic Conference (NAC),nac,Maine Maritime,Kalani Mari,Kalani,Mari,,378,Kalani Mari,"MARI,KALANI",MARIKALANIMMA,12,0,,,Maine Maritime,MMA,1208-2285,0,0,0,0,0,0,1,0,0,0,0,0,0,0,0,0,1,0,0,0,0,0,1,9,0,5,5,00:00,0,1,1.000,,3,5,0,1,0,1,.600,0.08,,,,,,,,,,,,,,,,,,
2026-27,mlax,North Atlantic Conference (NAC),nac,Maine Maritime,Cole Michaud,Cole,Michaud,,378,Cole Michaud,"MICHAUD,COLE",MICHAUDCOLEMMA,16,0,,,Maine Maritime,MMA,1208-1654,0,0,0,0,0,3,4,0,0,0,0,0,0,0,0,0,0,1,0,0,0,0,0,6,0,16,1,00:00,0,0,1.000,,23,38,0,13,2,11,.605,0.81,,,,,,,,,,,,,,,,,,
2026-27,mlax,North Atlantic Conference (NAC),nac,Maine Maritime,Will Farrell,Will,Farrell,,378,Will Farrell,"FARRELL,WILL",FARRELLWILLMMA,7,1,,,Maine Maritime,MMA,1208-1538,0,0,0,0,0,0,0,0,0,0,0,0,0,0,0,0,0,0,0,0,0,0,0,8,0,2,2,30:00,0,0,1.000,,0,1,0,0,0,0,.000,0.00,7,118:20,24,37,0,1,0,0,0,0,0,95,12.17,.607,,,,
2026-27,mlax,North Atlantic Conference (NAC),nac,Maine Maritime,Davison Naylor,Davison,Naylor,,378,Davison Naylor,"NAYLOR,DAVISON",NAYLORDAVISONMMA,15,15,,,Maine Maritime,MMA,1208-2228,0,0,0,0,0,0,0,0,0,0,0,0,0,0,0,0,0,10,1,0,0,0,0,40,0,16,24,923:00,53,0,1.000,,6,8,0,0,0,0,.750,0.00,,,,,,,,,,,,,,,,,,
2026-27,mlax,North Atlantic Conference (NAC),nac,Maine Maritime,Jaden Knight,Jaden,Knight,,378,Jaden Knight,"KNIGHT,JADEN",KNIGHTJADENMMA,14,8,,,Maine Maritime,MMA,1208-1826,0,0,0,0,0,0,0,0,0,0,0,0,0,0,0,0,0,0,0,0,0,0,0,8,0,14,1,467:00,15,0,1.000,,19,26,0,7,5,2,.731,0.50,,,,,,,,,,,,,,,,,,
2026-27,mlax,North Atlantic Conference (NAC),nac,Maine Maritime,Elijah Brito,Elijah,Brito,,378,Elijah Brito,"BRITO,ELIJAH",BRITOELIJAHMMA,11,4,,,Maine Maritime,MMA,1208-1630,0,0,0,0,0,0,0,0,0,0,0,0,0,0,0,0,0,0,0,0,0,0,0,17,0,8,7,240:00,0,0,1.000,,0,0,0,0,0,0,.000,0.00,,,,,,,,,,,,,,,,,,
2026-27,mlax,North Atlantic Conference (NAC),nac,Maine Maritime,Johannes Zachhuber,Johannes,Zachhuber,,378,Johannes Zachhuber,"ZACHHUBER,JOHANNES",ZACHHUBERJOHANNESMMA,6,0,,,Maine Maritime,MMA,1208-2292,0,0,0,0,0,0,0,0,0,0,0,0,0,0,0,0,0,0,0,0,0,0,0,2,0,0,0,17:00,15,0,1.000,,0,0,0,0,0,0,.000,0.00,5,63:03,10,12,0,0,0,0,0,0,0,37,9.52,.545,,,,
2026-27,mlax,North Atlantic Conference (NAC),nac,Maine Maritime,Tobey Lappin,Tobey,Lappin,,378,Tobey Lappin,"LAPPIN,TOBEY",LAPPINTOBEYMMA,16,16,,,Maine Maritime,MMA,1208-2148,0,0,0,0,0,3,8,0,5,2,0,0,0,0,0,0,0,4,3,0,0,0,1,54,0,29,5,983:00,53,1,1.000,,83,140,0,65,19,46,.593,4.06,,,,,,,,,,,,,,,,,,
2026-27,mlax,North Atlantic Conference (NAC),nac,Maine Maritime,Hunter Arno,Hunter,Arno,,378,Hunter Arno,"ARNO,HUNTER",ARNOHUNTERMMA,16,0,,,Maine Maritime,MMA,1208-2281,0,0,0,0,0,0,0,0,0,0,0,0,0,0,0,0,1,2,0,0,0,0,0,31,0,5,17,00:00,0,0,1.000,,3,8,0,2,0,2,.375,0.13,,,,,,,,,,,,,,,,,,
2026-27,mlax,North Atlantic Conference (NAC),nac,Maine Maritime,Connor Murphy,Connor,Murphy,,378,Connor Murphy,"MURPHY,CONNOR",MURPHYCONNORMMA,1,0,,,Maine Maritime,MMA,1208-1825,0,0,0,0,0,0,0,0,0,0,0,0,0,0,0,0,0,0,0,0,0,0,0,0,0,1,0,0,0,0,1.000,,0,0,0,0,0,0,.000,0.00,,,,,,,,,,,,,,,,,,
2026-27,mlax,North Atlantic Conference (NAC),nac,Maine Maritime,Sean Allen,Sean,Allen,,378,Sean Allen,"ALLEN,SEAN",ALLENSEANMMA,16,0,,,Maine Maritime,MMA,1208-2280,0,0,0,0,0,0,1,0,0,0,0,0,0,0,0,0,2,2,3,0,0,0,0,14,0,6,3,00:00,0,0,1.000,,1,6,0,1,0,1,.167,0.06,,,,,,,,,,,,,,,,,,
2026-27,mlax,North Atlantic Conference (NAC),nac,Maine Maritime,Randall Walker,Randall,Walker,,378,Randall Walker,"WALKER,RANDALL",WALKERRANDALLMMA,16,1,,,Maine Maritime,MMA,1208-2291,0,0,0,0,0,0,2,0,0,0,0,0,0,0,0,0,0,1,2,0,0,0,0,26,0,15,4,60:00,0,0,1.000,,24,45,0,14,8,6,.533,0.88,,,,,,,,,,,,,,,,,,
2026-27,mlax,North Atlantic Conference (NAC),nac,Maine Maritime,Mitch May,Mitch,May,,378,Mitch May,"MAY,MITCH",MAYMITCHMMA,14,0,,,Maine Maritime,MMA,1208-2344,0,0,0,0,0,0,0,0,0,0,0,0,0,0,0,0,0,0,0,0,0,25,32,14,0,3,0,00:00,0,57,1.000,,0,0,0,0,0,0,.000,0.00,,,,,,,,,,,,,,,,,,
2026-27,mlax,North Atlantic Conference (NAC),nac,Maine Maritime,Ben Kieu,Ben,Kieu,,378,Ben Kieu,"KIEU,BEN",KIEUBENMMA,15,15,,,Maine Maritime,MMA,1208-2367,0,0,0,0,0,0,0,0,0,0,0,0,0,0,0,0,0,0,0,0,0,0,0,33,0,27,2,936:00,38,0,1.000,,0,2,0,0,0,0,.000,0.00,15,765:52,133,202,0,9,6,0,1,0,0,550,10.42,.603,,,,
2026-27,mlax,North Atlantic Conference (NAC),nac,Maine Maritime,Atticus Blue,Atticus,Blue,,378,Atticus Blue,"BLUE,ATTICUS",BLUEATTICUSMMA,4,0,,,Maine Maritime,MMA,1208-2368,0,0,0,0,0,0,0,0,0,0,0,0,0,0,0,0,0,1,0,0,0,0,0,2,0,1,1,00:00,0,0,1.000,,1,1,0,0,0,0,1.000,0.00,,,,,,,,,,,,,,,,,,
2026-27,mlax,North Atlantic Conference (NAC),nac,Maine Maritime,Edward Yock,Edward,Yock,,378,Edward Yock,"YOCK,EDWARD",YOCKEDWARDMMA,14,0,,,Maine Maritime,MMA,1208-2154,0,0,0,0,0,0,0,0,0,0,0,0,0,0,0,0,0,5,3,0,0,0,0,11,0,4,4,00:00,0,0,1.000,,0,0,0,0,0,0,.000,0.00,,,,,,,,,,,,,,,,,,
2026-27,mlax,North Atlantic Conference (NAC),nac,Maine Maritime,Cy Lynam,Cy,Lynam,,378,Cy Lynam,"LYNAM,CY",LYNAMCYMMA,15,15,,,Maine Maritime,MMA,1208-2156,0,0,0,0,0,0,0,0,0,0,0,0,0,0,0,0,0,1,1,0,0,0,0,19,0,8,11,923:00,53,0,1.000,,0,1,0,0,0,0,.000,0.00,,,,,,,,,,,,,,,,,,
2026-27,mlax,North Atlantic Conference (NAC),nac,Maine Maritime,Oliver Thawley,Oliver,Thawley,,378,Oliver Thawley,"THAWLEY,OLIVER",THAWLEYOLIVERMMA,12,0,,,Maine Maritime,MMA,1208-2289,0,0,0,0,0,0,1,0,0,0,0,0,0,0,0,0,0,0,1,0,0,1,0,9,0,3,1,00:00,0,1,1.000,,2,3,0,1,0,1,.667,0.08,,,,,,,,,,,,,,,,,,
2026-27,mlax,North Atlantic Conference (NAC),nac,Maine Maritime,John Martin,John,Martin,,378,John Martin,"MARTIN,JOHN",MARTINJOHNMMA,10,0,,,Maine Maritime,MMA,1208-1747,0,0,0,0,0,0,1,0,0,0,0,0,0,0,0,0,0,6,0,0,0,0,0,30,0,8,10,00:00,0,0,1.000,,6,9,0,2,1,1,.667,0.20,,,,,,,,,,,,,,,,,,
2026-27,mlax,North Atlantic Conference (NAC),nac,Maine Maritime,Connor Harvey,Connor,Harvey,,378,Connor Harvey,"HARVEY,CONNOR",HARVEYCONNORMMA,11,0,,,Maine Maritime,MMA,1208-2283,0,0,0,0,0,0,3,0,0,0,0,0,0,0,0,0,0,0,0,0,0,0,0,8,0,8,1,00:00,0,0,1.000,,18,30,0,12,4,8,.600,1.09,,,,,,,,,,,,,,,,,,
2026-27,mlax,North Atlantic Conference (NAC),nac,Maine Maritime,Andrew Noyes,Andrew,Noyes,,378,Andrew Noyes,"NOYES,ANDREW",NOYESANDREWMMA,1,0,,,Maine Maritime,MMA,1208-1827,0,0,0,0,0,0,0,0,0,0,0,0,0,0,0,0,0,0,0,0,0,0,0,0,0,0,0,00:00,0,0,1.000,,0,0,0,0,0,0,.000,0.00,,,,,,,,,,,,,,,,,,
2026-27,mlax,North Atlantic Conference (NAC),nac,Maine Maritime,Seamus Dineen,Seamus,Dineen,,378,Seamus Dineen,"DINEEN,SEAMUS",DINEENSEAMUSMMA,6,0,,,Maine Maritime,MMA,1208-2210,0,0,0,0,0,0,0,0,0,0,0,0,0,0,0,0,0,1,0,0,0,0,0,4,0,0,1,00:00,0,0,1.000,,0,0,0,0,0,0,.000,0.00,,,,,,,,,,,,,,,,,,
2026-27,mlax,North Atlantic Conference (NAC),nac,Maine Maritime,Joey Somma,Joey,Somma,,378,Joey Somma,"SOMMA,JOEY",SOMMAJOEYMMA,1,0,,,Maine Maritime,MMA,1208-2150,0,0,0,0,0,0,0,0,0,0,0,0,0,0,0,0,0,0,0,0,0,0,0,0,0,0,0,00:00,0,0,1.000,,1,2,0,0,0,0,.500,0.00,,,,,,,,,,,,,,,,,,
2026-27,mlax,North Atlantic Conference (NAC),nac,Maine Maritime,Addison Thawley,Addison,Thawley,,378,Addison Thawley,"THAWLEY,ADDISON",THAWLEYADDISONMMA,0,0,,,Maine Maritime,MMA,1208-1893,,,,,,,,,,,,,,,,,,,,,,,,,,,,,,,,,,,,,,,,0,,,,,,,,,,,,,,,,,,
2026-27,mlax,North Atlantic Conference (NAC),nac,Massachusetts College of Liberal Arts,Ryan Gaynor,Ryan,Gaynor,,486,Ryan Gaynor,"GAYNOR,RYAN",GAYNORRYANMCLA,12,10,,,Massachusetts College of Liberal Arts,MCLA,0,0,0,0,0,0,0,1,0,0,0,0,0,0,0,0,0,0,1,5,0,0,0,0,25,0,16,12,600:00,0,0,1.000,,2,3,0,1,0,1,.667,0.08,,,,,,,,,,,,,,,,,,
2026-27,mlax,North Atlantic Conference (NAC),nac,Massachusetts College of Liberal Arts,Neal Brierley,Neal,Brierley,,486,Neal Brierley,"BRIERLEY,NEAL",BRIERLEYNEALMCLA,12,12,,,Massachusetts College of Liberal Arts,MCLA,0,0,0,0,0,0,4,11,0,4,1,0,0,0,0,0,0,0,4,1,0,0,0,0,30,0,38,2,720:00,0,0,1.000,,35,55,0,39,14,25,.636,3.25,,,,,,,,,,,,,,,,,,
2026-27,mlax,North Atlantic Conference (NAC),nac,Massachusetts College of Liberal Arts,Carson Lewis,Carson,Lewis,,486,Carson Lewis,"LEWIS,CARSON",LEWISCARSONMCLA,12,11,,,Massachusetts College of Liberal Arts,MCLA,0,0,0,0,0,0,0,10,1,1,1,0,0,0,0,0,0,0,3,0,0,0,0,0,15,0,33,6,660:00,0,0,1.000,,38,65,0,30,11,19,.585,2.50,,,,,,,,,,,,,,,,,,
2026-27,mlax,North Atlantic Conference (NAC),nac,Massachusetts College of Liberal Arts,Josh Hemstock,Josh,Hemstock,,486,Josh Hemstock,"HEMSTOCK,JOSH",HEMSTOCKJOSHMCLA,12,9,,,Massachusetts College of Liberal Arts,MCLA,0,0,0,0,0,0,0,1,0,0,1,0,0,0,0,0,0,0,2,0,0,0,0,0,19,0,19,4,540:00,0,0,1.000,,25,31,0,13,5,8,.806,1.08,,,,,,,,,,,,,,,,,,
2026-27,mlax,North Atlantic Conference (NAC),nac,Massachusetts College of Liberal Arts,Chase Kranz,Chase,Kranz,,486,Chase Kranz,"KRANZ,CHASE",KRANZCHASEMCLA,12,0,,,Massachusetts College of Liberal Arts,MCLA,0,0,0,0,0,0,1,1,0,1,0,0,0,0,0,0,0,0,0,0,0,0,20,57,18,0,12,2,00:00,0,77,1.000,,13,17,0,8,4,4,.765,0.67,,,,,,,,,,,,,,,,,,
2026-27,mlax,North Atlantic Conference (NAC),nac,Massachusetts College of Liberal Arts,Raul Soto,Raul,Soto,,486,Raul Soto,"SOTO,RAUL",SOTORAULMCLA,6,0,,,Massachusetts College of Liberal Arts,MCLA,0,0,0,0,0,0,0,0,0,0,0,0,0,0,0,0,0,0,0,0,0,0,0,0,2,0,2,0,00:00,0,0,1.000,,0,0,0,0,0,0,.000,0.00,,,,,,,,,,,,,,,,,,
2026-27,mlax,North Atlantic Conference (NAC),nac,Massachusetts College of Liberal Arts,Cameron LaFerriere,Cameron,LaFerriere,,486,Cameron LaFerriere,"LAFERRIERE,CAMERON",LAFERRIERECAMERONMCLA,4,3,,,Massachusetts College of Liberal Arts,MCLA,0,0,0,0,0,0,0,0,0,0,0,0,0,0,0,0,0,0,0,0,0,0,0,0,8,0,6,3,180:00,0,0,1.000,,0,0,0,0,0,0,.000,0.00,,,,,,,,,,,,,,,,,,
2026-27,mlax,North Atlantic Conference (NAC),nac,Massachusetts College of Liberal Arts,Keegan Covello,Keegan,Covello,,486,Keegan Covello,"COVELLO,KEEGAN",COVELLOKEEGANMCLA,12,12,,,Massachusetts College of Liberal Arts,MCLA,0,0,0,0,0,0,0,3,0,1,0,0,0,0,0,0,0,0,2,4,0,0,94,111,69,0,31,5,720:00,0,205,1.000,,12,29,0,7,3,4,.414,0.58,,,,,,,,,,,,,,,,,,
2026-27,mlax,North Atlantic Conference (NAC),nac,Massachusetts College of Liberal Arts,Peter Holbrook,Peter,Holbrook,,486,Peter Holbrook,"HOLBROOK,PETER",HOLBROOKPETERMCLA,12,12,,,Massachusetts College of Liberal Arts,MCLA,0,0,0,0,0,0,0,0,0,0,0,0,0,0,0,0,0,0,7,2,0,0,0,0,33,0,12,13,720:00,0,0,1.000,,0,0,0,0,0,0,.000,0.00,,,,,,,,,,,,,,,,,,
2026-27,mlax,North Atlantic Conference (NAC),nac,Massachusetts College of Liberal Arts,Quentan Polkowski,Quentan,Polkowski,,486,Quentan Polkowski,"POLKOWSKI,QUENTAN",POLKOWSKIQUENTANMCLA,12,12,,,Massachusetts College of Liberal Arts,MCLA,0,0,0,0,0,0,0,0,0,0,0,0,0,0,0,0,0,0,0,0,0,0,2,1,55,0,57,15,720:00,0,3,1.000,,2,2,0,0,0,0,1.000,0.00,12,720:00,141,242,0,6,6,0,0,0,0,610,11.75,.632,,,,
2026-27,mlax,North Atlantic Conference (NAC),nac,Massachusetts College of Liberal Arts,Logan Leja,Logan,Leja,,486,Logan Leja,"LEJA,LOGAN",LEJALOGANMCLA,12,12,,,Massachusetts College of Liberal Arts,MCLA,0,0,0,0,0,0,0,0,0,0,0,0,0,0,0,0,0,0,2,3,0,0,0,0,16,0,28,11,720:00,0,0,1.000,,0,0,0,1,1,0,.000,0.08,,,,,,,,,,,,,,,,,,
2026-27,mlax,North Atlantic Conference (NAC),nac,Massachusetts College of Liberal Arts,Anthony Andolina,Anthony,Andolina,,486,Anthony Andolina,"ANDOLINA,ANTHONY",ANDOLINAANTHONYMCLA,12,10,,,Massachusetts College of Liberal Arts,MCLA,0,0,0,0,0,0,1,19,2,4,3,0,0,0,0,0,0,0,2,4,0,0,0,0,22,0,32,4,600:00,0,0,1.000,,71,121,0,53,11,42,.587,4.42,,,,,,,,,,,,,,,,,,
2026-27,mlax,North Atlantic Conference (NAC),nac,Massachusetts College of Liberal Arts,Ty Roadcap,Ty,Roadcap,,486,Ty Roadcap,"ROADCAP,TY",ROADCAPTYMCLA,12,0,,,Massachusetts College of Liberal Arts,MCLA,0,0,0,0,0,0,0,7,0,0,0,0,0,0,0,0,0,0,0,1,0,0,2,5,32,0,17,5,00:00,0,7,1.000,,29,45,0,18,8,10,.644,1.50,,,,,,,,,,,,,,,,,,
2026-27,mlax,North Atlantic Conference (NAC),nac,Massachusetts College of Liberal Arts,James Julian,James,Julian,,486,James Julian,"JULIAN,JAMES",JULIANJAMESMCLA,10,10,,,Massachusetts College of Liberal Arts,MCLA,0,0,0,0,0,0,0,0,0,0,0,0,0,0,0,0,0,0,1,0,0,0,0,0,12,0,5,14,600:00,0,0,1.000,,0,0,0,0,0,0,.000,0.00,,,,,,,,,,,,,,,,,,
2026-27,mlax,North Atlantic Conference (NAC),nac,Massachusetts College of Liberal Arts,Ashton Morris,Ashton,Morris,,486,Ashton Morris,"MORRIS,ASHTON",MORRISASHTONMCLA,8,2,,,Massachusetts College of Liberal Arts,MCLA,0,0,0,0,0,0,0,0,0,0,0,0,0,0,0,0,0,0,1,1,0,0,0,0,2,0,16,1,120:00,0,0,1.000,,4,6,0,2,1,1,.667,0.25,,,,,,,,,,,,,,,,,,
2026-27,mlax,North Atlantic Conference (NAC),nac,Massachusetts College of Liberal Arts,Franklin Bosques,Franklin,Bosques,,486,Franklin Bosques,"BOSQUES,FRANKLIN",BOSQUESFRANKLINMCLA,5,0,,,Massachusetts College of Liberal Arts,MCLA,0,0,0,0,0,0,0,0,0,0,0,0,0,0,0,0,0,0,0,0,0,0,0,0,1,0,0,3,00:00,0,0,1.000,,0,0,0,0,0,0,.000,0.00,,,,,,,,,,,,,,,,,,
2026-27,mlax,North Atlantic Conference (NAC),nac,Massachusetts College of Liberal Arts,Mark Mageles,Mark,Mageles,,486,Mark Mageles,"MAGELES,MARK",MAGELESMARKMCLA,12,5,,,Massachusetts College of Liberal Arts,MCLA,0,0,0,0,0,0,0,1,0,0,0,0,0,0,0,0,0,0,3,2,0,0,0,0,7,0,16,4,300:00,0,0,1.000,,3,4,0,4,3,1,.750,0.33,,,,,,,,,,,,,,,,,,
2026-27,mlax,North Atlantic Conference (NAC),nac,SUNY Cobleskill,Rob Staubitz,Rob,Staubitz,,30083,Rob Staubitz,"STAUBITZ,ROB",STAUBITZROBSUNY COB,3,3,,,SUNY Cobleskill,SUNY COB,2027-3046,0,0,0,0,0,1,2,0,1,0,0,0,0,0,0,0,0,0,0,0,0,0,0,14,0,5,3,179:00,59,0,1.000,,9,21,0,7,4,3,.429,2.33,,,,,,,,,,,,,,,,,,
2026-27,mlax,North Atlantic Conference (NAC),nac,SUNY Cobleskill,Dylan Lineham,Dylan,Lineham,,30083,Dylan Lineham,"LINEHAM,DYLAN",LINEHAMDYLANSUNY COB,2,2,,,SUNY Cobleskill,SUNY COB,2027-3366,0,0,0,0,0,0,-1,0,0,0,0,0,0,0,0,0,0,0,0,0,0,15,6,15,0,3,1,119:00,59,21,1.000,,3,5,0,3,4,-1,.600,1.50,,,,,,,,,,,,,,,,,,
2026-27,mlax,North Atlantic Conference (NAC),nac,SUNY Cobleskill,Deyquan Crawford,Deyquan,Crawford,,30083,Deyquan Crawford,"CRAWFORD,DEYQUAN",CRAWFORDDEYQUANSUNY COB,1,0,,,SUNY Cobleskill,SUNY COB,2027-3367,0,0,0,0,0,0,0,0,0,0,0,0,0,0,0,0,0,0,1,0,0,0,0,2,0,0,1,00:00,0,0,1.000,,0,0,0,0,0,0,.000,0.00,,,,,,,,,,,,,,,,,,
2026-27,mlax,North Atlantic Conference (NAC),nac,SUNY Cobleskill,Chris Sgueglia,Chris,Sgueglia,,30083,Chris Sgueglia,"SGUEGLIA,CHRIS",SGUEGLIACHRISSUNY COB,3,0,,,SUNY Cobleskill,SUNY COB,2027-3128,0,0,0,0,0,0,0,0,0,0,0,0,0,0,0,0,0,0,0,0,0,4,6,1,0,0,0,00:00,0,10,1.000,,0,0,0,0,0,0,.000,0.00,,,,,,,,,,,,,,,,,,
2026-27,mlax,North Atlantic Conference (NAC),nac,SUNY Cobleskill,Jorryn Falkowski,Jorryn,Falkowski,,30083,Jorryn Falkowski,"FALKOWSKI,JORRYN",FALKOWSKIJORRYNSUNY COB,3,1,,,SUNY Cobleskill,SUNY COB,2027-3130,0,0,0,0,0,0,0,0,0,0,0,0,0,0,0,0,0,0,0,0,0,0,0,1,0,2,0,60:00,0,0,1.000,,2,2,0,0,0,0,1.000,0.00,,,,,,,,,,,,,,,,,,
2026-27,mlax,North Atlantic Conference (NAC),nac,SUNY Cobleskill,Noah Palange,Noah,Palange,,30083,Noah Palange,"PALANGE,NOAH",PALANGENOAHSUNY COB,2,2,,,SUNY Cobleskill,SUNY COB,2027-3255,0,0,0,0,0,0,2,0,2,1,0,0,0,0,0,0,0,2,0,0,0,0,0,3,0,7,1,119:00,59,0,1.000,,9,15,0,7,1,6,.600,3.50,,,,,,,,,,,,,,,,,,
2026-27,mlax,North Atlantic Conference (NAC),nac,SUNY Cobleskill,Jace Miranda,Jace,Miranda,,30083,Jace Miranda,"MIRANDA,JACE",MIRANDAJACESUNY COB,2,2,,,SUNY Cobleskill,SUNY COB,2027-3368,0,0,0,0,0,0,1,0,2,0,0,0,0,0,0,0,0,0,0,0,0,0,0,4,0,4,3,119:00,59,0,1.000,,11,20,0,6,1,5,.550,3.00,,,,,,,,,,,,,,,,,,
2026-27,mlax,North Atlantic Conference (NAC),nac,SUNY Cobleskill,Owen Martin,Owen,Martin,,30083,Owen Martin,"MARTIN,OWEN",MARTINOWENSUNY COB,3,1,,,SUNY Cobleskill,SUNY COB,2027-3131,0,0,0,0,0,0,0,0,0,0,0,0,0,0,0,0,0,0,0,0,0,0,0,0,0,6,0,60:00,0,0,1.000,,5,6,0,1,0,1,.833,0.33,,,,,,,,,,,,,,,,,,
2026-27,mlax,North Atlantic Conference (NAC),nac,SUNY Cobleskill,Maddox McCarty,Maddox,McCarty,,30083,Maddox McCarty,"MCCARTY,MADDOX",MCCARTYMADDOXSUNY COB,3,3,,,SUNY Cobleskill,SUNY COB,2027-3369,0,0,0,0,0,0,0,0,0,0,0,0,0,0,0,0,1,1,0,0,0,0,0,2,0,3,2,179:00,59,0,1.000,,0,0,0,0,0,0,.000,0.00,,,,,,,,,,,,,,,,,,
2026-27,mlax,North Atlantic Conference (NAC),nac,SUNY Cobleskill,Iain Patterson,Iain,Patterson,,30083,Iain Patterson,"PATTERSON,IAIN",PATTERSONIAINSUNY COB,2,2,,,SUNY Cobleskill,SUNY COB,2027-3132,0,0,0,0,0,0,0,0,0,0,0,0,0,0,0,0,0,2,0,0,0,0,0,2,0,4,0,119:00,59,0,1.000,,0,0,0,0,0,0,.000,0.00,,,,,,,,,,,,,,,,,,
2026-27,mlax,North Atlantic Conference (NAC),nac,SUNY Cobleskill,Kieran Panzella,Kieran,Panzella,,30083,Kieran Panzella,"PANZELLA,KIERAN",PANZELLAKIERANSUNY COB,3,3,,,SUNY Cobleskill,SUNY COB,2027-3134,0,0,0,0,0,0,0,0,0,0,0,0,0,0,0,0,0,1,0,0,0,0,0,2,0,2,1,179:00,59,0,1.000,,1,1,0,0,0,0,1.000,0.00,,,,,,,,,,,,,,,,,,
2026-27,mlax,North Atlantic Conference (NAC),nac,SUNY Cobleskill,Andres Hernandez,Andres,Hernandez,,30083,Andres Hernandez,"HERNANDEZ,ANDRES",HERNANDEZANDRESSUNY COB,3,0,,,SUNY Cobleskill,SUNY COB,2027-3370,0,0,0,0,0,0,0,0,0,0,0,0,0,0,0,0,0,0,0,0,0,0,0,4,0,3,3,00:00,0,0,1.000,,1,2,0,0,0,0,.500,0.00,,,,,,,,,,,,,,,,,,
2026-27,mlax,North Atlantic Conference (NAC),nac,SUNY Cobleskill,Jordan Barrett,Jordan,Barrett,,30083,Jordan Barrett,"BARRETT,JORDAN",BARRETTJORDANSUNY COB,2,1,,,SUNY Cobleskill,SUNY COB,2027-3256,0,0,0,0,0,0,0,0,0,0,0,0,0,0,0,0,0,1,0,0,0,0,0,2,0,4,0,60:00,0,0,1.000,,2,3,0,0,0,0,.667,0.00,,,,,,,,,,,,,,,,,,
2026-27,mlax,North Atlantic Conference (NAC),nac,SUNY Cobleskill,James Meier,James,Meier,,30083,James Meier,"MEIER,JAMES",MEIERJAMESSUNY COB,3,3,,,SUNY Cobleskill,SUNY COB,2027-3139,0,0,0,0,0,0,0,0,0,0,0,0,0,0,0,0,0,0,0,0,0,0,0,3,0,2,1,179:00,59,0,1.000,,0,0,0,0,0,0,.000,0.00,3,179:59,27,38,0,2,2,0,0,0,0,122,9.00,.585,,,,
2026-27,mlax,North Atlantic Conference (NAC),nac,SUNY Cobleskill,Nolan Chamberlain,Nolan,Chamberlain,,30083,Nolan Chamberlain,"CHAMBERLAIN,NOLAN",CHAMBERLAINNOLANSUNY COB,3,0,,,SUNY Cobleskill,SUNY COB,2027-3371,0,0,0,0,0,0,0,0,0,0,0,0,0,0,0,0,0,1,1,0,0,0,0,1,0,8,0,00:00,0,0,1.000,,3,5,0,0,0,0,.600,0.00,,,,,,,,,,,,,,,,,,
2026-27,mlax,North Atlantic Conference (NAC),nac,SUNY Cobleskill,William Wagner,William,Wagner,,30083,William Wagner,"WAGNER,WILLIAM",WAGNERWILLIAMSUNY COB,3,3,,,SUNY Cobleskill,SUNY COB,2027-3258,0,0,0,0,0,0,0,0,0,0,0,0,0,0,0,0,0,0,1,0,0,0,0,8,0,3,5,179:00,59,0,1.000,,0,2,0,0,0,0,.000,0.00,,,,,,,,,,,,,,,,,,
2026-27,mlax,North Atlantic Conference (NAC),nac,SUNY Cobleskill,Alex Baker,Alex,Baker,,30083,Alex Baker,"BAKER,ALEX",BAKERALEXSUNY COB,3,3,,,SUNY Cobleskill,SUNY COB,2027-3140,0,0,0,0,0,0,1,0,0,0,0,0,0,0,0,0,0,1,1,0,0,0,0,3,0,6,4,179:00,59,0,1.000,,6,17,0,4,1,3,.353,1.33,,,,,,,,,,,,,,,,,,
2026-27,mlax,North Atlantic Conference (NAC),nac,SUNY Cobleskill,Chase Clark,Chase,Clark,,30083,Chase Clark,"CLARK,CHASE",CLARKCHASESUNY COB,3,0,,,SUNY Cobleskill,SUNY COB,2027-3372,0,0,0,0,0,0,1,0,1,0,0,0,0,0,0,0,0,0,0,0,0,6,5,7,0,3,0,00:00,0,11,1.000,,2,4,0,2,1,1,.500,0.67,,,,,,,,,,,,,,,,,,
2026-27,mlax,North Atlantic Conference (NAC),nac,SUNY Cobleskill,Dylan Linehan,Dylan,Linehan,,30083,Dylan Linehan,"LINEHAN,DYLAN",LINEHANDYLANSUNY COB,0,0,,,SUNY Cobleskill,SUNY COB,0,0,0,0,0,0,0,0,0,0,0,0,0,0,0,0,0,0,0,0,0,0,0,0,0,0,0,0,00:00,0,0,1.000,,0,0,0,0,0,0,.000,0,,,,,,,,,,,,,,,,,,
2026-27,mlax,North Atlantic Conference (NAC),nac,SUNY Delhi,Nick Allen,Nick,Allen,,30225,Nick Allen,"ALLEN,NICK",ALLENNICKSUNY DEL,10,9,,,SUNY Delhi,SUNY DEL,0,0,0,0,0,0,0,0,0,0,0,0,0,0,0,0,0,0,2,0,0,0,0,0,29,0,4,17,531:00,66,0,1.000,,1,2,0,0,0,0,.500,0.00,1,00:00,9,10,0,0,0,0,0,0,0,30,.00,.526,,,,
2026-27,mlax,North Atlantic Conference (NAC),nac,SUNY Delhi,Allison Woodward,Allison,Woodward,,30225,Allison Woodward,"WOODWARD,ALLISON",WOODWARDALLISONSUNY DEL,0,0,,,SUNY Delhi,SUNY DEL,0,,,,,,,,,,,,,,,,,,,,,,,,,,,,,,,,,,,,,,,,0,,,,,,,,,,,,,,,,,,
2026-27,mlax,North Atlantic Conference (NAC),nac,SUNY Delhi,Anthony Lotito,Anthony,Lotito,,30225,Anthony Lotito,"LOTITO,ANTHONY",LOTITOANTHONYSUNY DEL,9,0,,,SUNY Delhi,SUNY DEL,0,0,0,0,0,0,0,1,0,0,0,0,0,0,0,0,0,0,0,1,0,0,0,0,6,0,9,4,00:00,0,0,1.000,,10,17,0,5,3,2,.588,0.56,,,,,,,,,,,,,,,,,,
2026-27,mlax,North Atlantic Conference (NAC),nac,SUNY Delhi,Kyle Moore,Kyle,Moore,,30225,Kyle Moore,"MOORE,KYLE",MOOREKYLESUNY DEL,14,9,,,SUNY Delhi,SUNY DEL,0,0,0,0,0,0,2,5,0,3,1,0,0,0,0,0,0,0,2,0,0,0,2,8,34,0,19,7,598:00,19,10,1.000,,41,68,0,40,20,20,.603,2.86,,,,,,,,,,,,,,,,,,
2026-27,mlax,North Atlantic Conference (NAC),nac,SUNY Delhi,Colton Feinberg,Colton,Feinberg,,30225,Colton Feinberg,"FEINBERG,COLTON",FEINBERGCOLTONSUNY DEL,14,0,,,SUNY Delhi,SUNY DEL,0,0,0,0,0,0,1,3,0,0,0,0,0,0,0,0,0,0,0,0,0,0,0,1,17,0,17,7,00:00,0,1,1.000,,18,30,0,9,3,6,.600,0.64,,,,,,,,,,,,,,,,,,
2026-27,mlax,North Atlantic Conference (NAC),nac,SUNY Delhi,Chris Lazazzaro,Chris,Lazazzaro,,30225,Chris Lazazzaro,"LAZAZZARO,CHRIS",LAZAZZAROCHRISSUNY DEL,12,11,,,SUNY Delhi,SUNY DEL,0,0,0,0,0,0,2,3,0,4,0,0,0,0,0,0,0,0,2,0,0,0,0,0,21,0,22,6,651:00,66,0,1.000,,39,65,0,56,34,22,.600,4.67,,,,,,,,,,,,,,,,,,
2026-27,mlax,North Atlantic Conference (NAC),nac,SUNY Delhi,Trevor Zupetz,Trevor,Zupetz,,30225,Trevor Zupetz,"ZUPETZ,TREVOR",ZUPETZTREVORSUNY DEL,9,0,,,SUNY Delhi,SUNY DEL,0,0,0,0,0,0,0,0,0,0,0,0,0,0,0,0,0,0,0,1,0,0,0,0,4,0,3,2,00:00,0,0,1.000,,0,0,0,0,0,0,.000,0.00,,,,,,,,,,,,,,,,,,
2026-27,mlax,North Atlantic Conference (NAC),nac,SUNY Delhi,Jayden Messina,Jayden,Messina,,30225,Jayden Messina,"MESSINA,JAYDEN",MESSINAJAYDENSUNY DEL,14,14,,,SUNY Delhi,SUNY DEL,0,0,0,0,0,0,0,0,0,0,0,0,0,0,0,0,0,0,0,0,0,0,0,0,29,0,14,4,831:00,66,0,1.000,,0,0,0,0,0,0,.000,0.00,14,772:06,128,145,0,4,9,0,0,0,0,459,9.95,.531,,,,
2026-27,mlax,North Atlantic Conference (NAC),nac,SUNY Delhi,Anthony McLaughlin,Anthony,McLaughlin,,30225,Anthony McLaughlin,"MCLAUGHLIN,ANTHONY",MCLAUGHLINANTHONYSUNY DEL,14,12,,,SUNY Delhi,SUNY DEL,0,0,0,0,0,0,0,4,1,6,1,0,0,0,0,0,0,0,1,0,0,0,0,0,21,0,28,3,711:00,66,0,1.000,,52,91,0,43,9,34,.571,3.07,,,,,,,,,,,,,,,,,,
2026-27,mlax,North Atlantic Conference (NAC),nac,SUNY Delhi,Brent Decoeur,Brent,Decoeur,,30225,Brent Decoeur,"DECOEUR,BRENT",DECOEURBRENTSUNY DEL,14,1,,,SUNY Delhi,SUNY DEL,0,0,0,0,0,0,0,0,0,1,1,0,0,0,0,0,0,0,1,2,0,0,1,0,8,0,9,6,60:00,0,1,1.000,,5,8,0,7,3,4,.625,0.50,,,,,,,,,,,,,,,,,,
2026-27,mlax,North Atlantic Conference (NAC),nac,SUNY Delhi,Christopher DiBiccari,Christopher,DiBiccari,,30225,Christopher DiBiccari,"DIBICCARI,CHRISTOPHER",DIBICCARICHRISTOPHERSUNY DEL,7,0,,,SUNY Delhi,SUNY DEL,0,0,0,0,0,0,0,0,0,0,0,0,0,0,0,0,0,0,1,0,0,0,0,0,3,0,1,2,00:00,0,0,1.000,,1,1,0,1,0,1,1.000,0.14,,,,,,,,,,,,,,,,,,
2026-27,mlax,North Atlantic Conference (NAC),nac,SUNY Delhi,Thomas Gandley,Thomas,Gandley,,30225,Thomas Gandley,"GANDLEY,THOMAS",GANDLEYTHOMASSUNY DEL,10,1,,,SUNY Delhi,SUNY DEL,0,0,0,0,0,0,0,2,0,1,0,0,0,0,0,0,0,0,1,1,0,0,0,0,3,0,9,1,45:00,50,0,1.000,,10,11,0,8,3,5,.909,0.80,,,,,,,,,,,,,,,,,,
2026-27,mlax,North Atlantic Conference (NAC),nac,SUNY Delhi,Austin Randolph,Austin,Randolph,,30225,Austin Randolph,"RANDOLPH,AUSTIN",RANDOLPHAUSTINSUNY DEL,9,0,,,SUNY Delhi,SUNY DEL,0,0,0,0,0,0,1,1,0,0,0,0,0,0,0,0,0,0,2,0,0,0,0,0,5,0,1,2,00:00,0,0,1.000,,1,1,0,1,0,1,1.000,0.11,,,,,,,,,,,,,,,,,,
2026-27,mlax,North Atlantic Conference (NAC),nac,SUNY Delhi,Nate Doyle,Nate,Doyle,,30225,Nate Doyle,"DOYLE,NATE",DOYLENATESUNY DEL,12,0,,,SUNY Delhi,SUNY DEL,0,0,0,0,0,0,1,1,0,0,0,0,0,0,0,0,0,0,0,0,0,0,0,0,7,0,10,0,00:00,0,0,1.000,,12,23,0,8,1,7,.522,0.67,,,,,,,,,,,,,,,,,,
2026-27,mlax,North Atlantic Conference (NAC),nac,SUNY Delhi,Liam Ryan,Liam,Ryan,,30225,Liam Ryan,"RYAN,LIAM",RYANLIAMSUNY DEL,6,0,,,SUNY Delhi,SUNY DEL,0,0,0,0,0,0,0,0,0,0,0,0,0,0,0,0,0,0,1,2,0,0,7,10,4,0,0,0,00:00,0,17,1.000,,0,0,0,0,0,0,.000,0.00,,,,,,,,,,,,,,,,,,
2026-27,mlax,North Atlantic Conference (NAC),nac,SUNY Delhi,Brenden Wallace,Brenden,Wallace,,30225,Brenden Wallace,"WALLACE,BRENDEN",WALLACEBRENDENSUNY DEL,11,5,,,SUNY Delhi,SUNY DEL,0,0,0,0,0,0,0,0,0,0,0,0,0,0,0,0,0,2,3,2,0,0,0,0,24,0,6,14,300:00,0,0,1.000,,0,1,0,0,0,0,.000,0.00,,,,,,,,,,,,,,,,,,
2026-27,mlax,North Atlantic Conference (NAC),nac,SUNY Delhi,Aiden Nye,Aiden,Nye,,30225,Aiden Nye,"NYE,AIDEN",NYEAIDENSUNY DEL,4,0,,,SUNY Delhi,SUNY DEL,0,0,0,0,0,0,0,0,0,1,0,0,0,0,0,0,0,0,0,0,0,0,0,0,0,0,1,1,00:00,0,0,1.000,,2,2,0,2,1,1,1.000,0.50,,,,,,,,,,,,,,,,,,
2026-27,mlax,North Atlantic Conference (NAC),nac,SUNY Delhi,Cooper Bach,Cooper,Bach,,30225,Cooper Bach,"BACH,COOPER",BACHCOOPERSUNY DEL,13,0,,,SUNY Delhi,SUNY DEL,0,0,0,0,0,0,0,0,0,0,0,0,0,0,0,0,0,0,1,0,0,0,0,1,13,0,7,3,00:00,0,1,1.000,,1,2,0,0,0,0,.500,0.00,,,,,,,,,,,,,,,,,,
2026-27,mlax,North Atlantic Conference (NAC),nac,SUNY Delhi,Shane VonKampen,Shane,VonKampen,,30225,Shane VonKampen,"VONKAMPEN,SHANE",VONKAMPENSHANESUNY DEL,14,4,,,SUNY Delhi,SUNY DEL,0,0,0,0,0,0,0,7,0,1,0,0,0,0,0,0,0,0,0,1,0,0,30,32,32,0,12,5,240:00,0,62,1.000,,23,46,0,18,8,10,.500,1.29,,,,,,,,,,,,,,,,,,
2026-27,mlax,North Atlantic Conference (NAC),nac,SUNY Delhi,Jake Anglim,Jake,Anglim,,30225,Jake Anglim,"ANGLIM,JAKE",ANGLIMJAKESUNY DEL,10,2,,,SUNY Delhi,SUNY DEL,0,0,0,0,0,0,0,1,0,0,1,0,0,0,0,0,0,0,5,2,0,0,1,2,26,0,7,13,120:00,0,3,1.000,,3,3,0,3,2,1,1.000,0.30,,,,,,,,,,,,,,,,,,
2026-27,mlax,North Atlantic Conference (NAC),nac,SUNY Delhi,Jesse Hagen,Jesse,Hagen,,30225,Jesse Hagen,"HAGEN,JESSE",HAGENJESSESUNY DEL,14,1,,,SUNY Delhi,SUNY DEL,0,0,0,0,0,0,2,6,0,2,0,0,0,0,0,0,0,0,1,0,0,0,0,1,13,0,12,1,66:00,16,1,1.000,,26,59,0,14,2,12,.441,1.00,,,,,,,,,,,,,,,,,,
2026-27,mlax,North Atlantic Conference (NAC),nac,SUNY Delhi,Mason Leerkes,Mason,Leerkes,,30225,Mason Leerkes,"LEERKES,MASON",LEERKESMASONSUNY DEL,6,0,,,SUNY Delhi,SUNY DEL,0,0,0,0,0,0,0,0,0,0,0,0,0,0,0,0,0,0,0,0,0,0,0,0,2,0,1,2,00:00,0,0,1.000,,0,0,0,0,0,0,.000,0.00,,,,,,,,,,,,,,,,,,
2026-27,mlax,North Atlantic Conference (NAC),nac,SUNY Delhi,Jagger Beachak,Jagger,Beachak,,30225,Jagger Beachak,"BEACHAK,JAGGER",BEACHAKJAGGERSUNY DEL,14,14,,,SUNY Delhi,SUNY DEL,0,0,0,0,0,0,1,8,1,4,1,0,0,0,0,0,0,0,5,2,0,0,0,0,29,0,46,7,772:00,107,0,1.000,,59,84,0,58,26,32,.702,4.14,,,,,,,,,,,,,,,,,,
2026-27,mlax,North Atlantic Conference (NAC),nac,SUNY Delhi,Dylan Csanko,Dylan,Csanko,,30225,Dylan Csanko,"CSANKO,DYLAN",CSANKODYLANSUNY DEL,14,5,,,SUNY Delhi,SUNY DEL,0,0,0,0,0,0,0,2,0,0,0,0,0,0,0,0,0,0,1,0,0,0,90,90,44,0,5,0,300:00,0,180,1.000,,4,5,0,2,0,2,.800,0.14,,,,,,,,,,,,,,,,,,
2026-27,mlax,North Atlantic Conference (NAC),nac,SUNY Delhi,Kashieve Francis,Kashieve,Francis,,30225,Kashieve Francis,"FRANCIS,KASHIEVE",FRANCISKASHIEVESUNY DEL,14,1,,,SUNY Delhi,SUNY DEL,0,0,0,0,0,0,0,1,0,0,0,0,0,0,0,0,0,0,0,0,0,0,0,0,4,0,9,6,60:00,0,0,1.000,,12,21,0,11,5,6,.571,0.79,,,,,,,,,,,,,,,,,,
2026-27,mlax,North Atlantic Conference (NAC),nac,SUNY Delhi,Benjamin Zeh,Benjamin,Zeh,,30225,Benjamin Zeh,"ZEH,BENJAMIN",ZEHBENJAMINSUNY DEL,13,8,,,SUNY Delhi,SUNY DEL,0,0,0,0,0,0,0,1,0,0,0,0,0,0,0,0,0,0,0,1,0,0,0,0,15,0,2,4,480:00,0,0,1.000,,3,4,0,4,2,2,.750,0.31,,,,,,,,,,,,,,,,,,
2026-27,mlax,North Atlantic Conference (NAC),nac,SUNY Delhi,Desmond Regan,Desmond,Regan,,30225,Desmond Regan,"REGAN,DESMOND",REGANDESMONDSUNY DEL,5,0,,,SUNY Delhi,SUNY DEL,0,0,0,0,0,0,0,0,0,0,0,0,0,0,0,0,0,0,0,0,0,0,0,0,0,0,0,1,00:00,0,0,1.000,,1,1,0,0,0,0,1.000,0.00,,,,,,,,,,,,,,,,,,
2026-27,mlax,North Atlantic Conference (NAC),nac,SUNY Delhi,Liam Johnson,Liam,Johnson,,30225,Liam Johnson,"JOHNSON,LIAM",JOHNSONLIAMSUNY DEL,13,0,,,SUNY Delhi,SUNY DEL,0,0,0,0,0,0,0,0,0,0,0,0,0,0,0,0,0,1,1,1,0,0,0,0,6,0,1,2,00:00,0,0,1.000,,1,1,0,1,1,0,1.000,0.08,,,,,,,,,,,,,,,,,,
2026-27,mlax,North Atlantic Conference (NAC),nac,SUNY Delhi,Stephen Lischinsky,Stephen,Lischinsky,,30225,Stephen Lischinsky,"LISCHINSKY,STEPHEN",LISCHINSKYSTEPHENSUNY DEL,4,0,,,SUNY Delhi,SUNY DEL,0,0,0,0,0,0,0,0,0,0,0,0,0,0,0,0,0,0,0,0,0,0,0,0,0,0,0,1,00:00,0,0,1.000,,0,0,0,0,0,0,.000,0.00,3,60:00,8,5,0,1,0,0,0,0,0,28,8.00,.385,,,,
2026-27,mlax,North Atlantic Conference (NAC),nac,SUNY Delhi,Luke Tripp,Luke,Tripp,,30225,Luke Tripp,"TRIPP,LUKE",TRIPPLUKESUNY DEL,12,12,,,SUNY Delhi,SUNY DEL,0,0,0,0,0,0,0,0,0,0,0,0,0,0,0,0,0,0,0,1,0,0,0,0,18,0,9,13,711:00,66,0,1.000,,0,0,0,0,0,0,.000,0.00,,,,,,,,,,,,,,,,,,
2026-27,mlax,North Atlantic Conference (NAC),nac,SUNY Delhi,Kenneth Allen,Kenneth,Allen,,30225,Kenneth Allen,"ALLEN,KENNETH",ALLENKENNETHSUNY DEL,3,0,,,SUNY Delhi,SUNY DEL,0,0,0,0,0,0,0,0,0,1,0,0,0,0,0,0,0,0,0,0,0,0,0,0,0,0,0,0,00:00,0,0,1.000,,1,1,0,1,0,1,1.000,0.33,,,,,,,,,,,,,,,,,,
2026-27,mlax,North Atlantic Conference (NAC),nac,SUNY Delhi,John Batelic,John,Batelic,,30225,John Batelic,"BATELIC,JOHN",BATELICJOHNSUNY DEL,14,13,,,SUNY Delhi,SUNY DEL,0,0,0,0,0,0,0,2,1,0,0,0,0,0,0,0,0,0,3,1,0,0,0,0,36,0,12,10,771:00,66,0,1.000,,4,6,0,6,2,4,.667,0.43,,,,,,,,,,,,,,,,,,
2026-27,mlax,North Atlantic Conference (NAC),nac,SUNY Delhi,Anthony Ferrato,Anthony,Ferrato,,30225,Anthony Ferrato,"FERRATO,ANTHONY",FERRATOANTHONYSUNY DEL,4,4,,,SUNY Delhi,SUNY DEL,0,0,0,0,0,0,0,1,0,0,0,0,0,0,0,0,0,0,1,1,0,0,72,18,58,0,5,0,231:00,66,90,1.000,,5,6,0,2,1,1,.833,0.50,,,,,,,,,,,,,,,,,,
2026-27,mlax,North Atlantic Conference (NAC),nac,SUNY Delhi,Christian Seebach,Christian,Seebach,,30225,Christian Seebach,"SEEBACH,CHRISTIAN",SEEBACHCHRISTIANSUNY DEL,5,0,,,SUNY Delhi,SUNY DEL,0,0,0,0,0,0,0,0,0,0,0,0,0,0,0,0,0,0,0,0,0,0,0,0,2,0,0,0,00:00,0,0,1.000,,6,8,0,5,2,3,.750,1.00,,,,,,,,,,,,,,,,,,
2026-27,mlax,North Atlantic Conference (NAC),nac,SUNY Delhi,Michael Fontanella,Michael,Fontanella,,30225,Michael Fontanella,"FONTANELLA,MICHAEL",FONTANELLAMICHAELSUNY DEL,14,14,,,SUNY Delhi,SUNY DEL,0,0,0,0,0,0,0,0,0,0,0,0,0,0,0,0,0,0,2,1,0,0,0,0,32,0,10,24,831:00,66,0,1.000,,1,2,0,0,0,0,.500,0.00,,,,,,,,,,,,,,,,,,
2026-27,mlax,North Atlantic Conference (NAC),nac,SUNY Delhi,Tyler Ferguson,Tyler,Ferguson,,30225,Tyler Ferguson,"FERGUSON,TYLER",FERGUSONTYLERSUNY DEL,5,0,,,SUNY Delhi,SUNY DEL,0,0,0,0,0,0,0,0,0,0,0,0,0,0,0,0,0,0,0,0,0,0,0,0,1,0,1,0,00:00,0,0,1.000,,0,0,0,0,0,0,.000,0.00,,,,,,,,,,,,,,,,,,
2026-27,mlax,North Atlantic Conference (NAC),nac,Thomas,Mike Picard,Mike,Picard,,2758,Mike Picard,"PICARD,MIKE",PICARDMIKETHOMAS (,15,15,,,Thomas,THOMAS (,1210-3366,0,0,0,0,0,0,0,0,0,0,0,0,0,0,0,0,0,0,0,0,0,0,0,27,0,14,1,827:00,181,0,1.000,,0,2,0,0,0,0,.000,0.00,15,811:17,183,153,0,8,8,0,0,0,0,557,13.53,.455,,,,
2026-27,mlax,North Atlantic Conference (NAC),nac,Thomas,Juan Otero,Juan,Otero,,2758,Juan Otero,"OTERO,JUAN",OTEROJUANTHOMAS (,15,0,,,Thomas,THOMAS (,1210-3365,0,0,0,0,0,0,0,0,0,0,0,0,0,0,0,0,0,0,0,0,0,36,93,12,0,3,4,00:00,0,129,1.000,,1,1,0,0,0,0,1.000,0.00,,,,,,,,,,,,,,,,,,
2026-27,mlax,North Atlantic Conference (NAC),nac,Thomas,Hunter Vail,Hunter,Vail,,2758,Hunter Vail,"VAIL,HUNTER",VAILHUNTERTHOMAS (,15,15,,,Thomas,THOMAS (,1210-2620,0,0,0,0,0,0,0,0,0,0,0,0,0,0,0,0,0,5,1,0,0,0,0,34,0,23,34,827:00,135,0,1.000,,0,0,0,1,1,0,.000,0.07,,,,,,,,,,,,,,,,,,
2026-27,mlax,North Atlantic Conference (NAC),nac,Thomas,Toby Hopson,Toby,Hopson,,2758,Toby Hopson,"HOPSON,TOBY",HOPSONTOBYTHOMAS (,6,0,,,Thomas,THOMAS (,1210-2768,0,0,0,0,0,0,0,0,0,0,0,0,0,0,0,0,0,0,0,0,0,0,0,0,0,0,1,07:00,11,0,1.000,,0,0,0,0,0,0,.000,0.00,2,10:50,5,0,0,0,0,0,0,0,0,7,27.69,.000,,,,
2026-27,mlax,North Atlantic Conference (NAC),nac,Thomas,Connor Hamilton,Connor,Hamilton,,2758,Connor Hamilton,"HAMILTON,CONNOR",HAMILTONCONNORTHOMAS (,15,1,,,Thomas,THOMAS (,1210-2778,0,0,0,0,0,0,14,0,3,0,0,0,0,0,0,0,0,3,4,0,0,0,0,21,0,25,2,60:00,0,0,1.000,,54,77,0,38,19,19,.701,2.53,,,,,,,,,,,,,,,,,,
2026-27,mlax,North Atlantic Conference (NAC),nac,Thomas,Gavin Start,Gavin,Start,,2758,Gavin Start,"START,GAVIN",STARTGAVINTHOMAS (,15,2,,,Thomas,THOMAS (,1210-3142,0,0,0,0,0,0,0,0,0,0,0,0,0,0,0,0,1,1,0,0,0,0,0,2,0,1,1,153:00,59,0,1.000,,1,1,0,0,0,0,1.000,0.00,,,,,,,,,,,,,,,,,,
2026-27,mlax,North Atlantic Conference (NAC),nac,Thomas,Tyler Lydon,Tyler,Lydon,,2758,Tyler Lydon,"LYDON,TYLER",LYDONTYLERTHOMAS (,14,0,,,Thomas,THOMAS (,1210-3143,0,0,0,0,0,0,3,0,0,1,0,0,0,0,0,0,0,0,0,0,0,0,0,11,0,25,2,00:00,0,0,1.000,,18,28,0,4,0,4,.643,0.29,,,,,,,,,,,,,,,,,,
2026-27,mlax,North Atlantic Conference (NAC),nac,Thomas,Ciaran Vizi,Ciaran,Vizi,,2758,Ciaran Vizi,"VIZI,CIARAN",VIZICIARANTHOMAS (,13,12,,,Thomas,THOMAS (,1210-2982,0,0,0,0,0,0,0,0,0,0,0,0,0,0,0,0,0,2,1,0,0,0,0,46,0,10,35,681:00,134,0,1.000,,2,4,0,0,0,0,.500,0.00,,,,,,,,,,,,,,,,,,
2026-27,mlax,North Atlantic Conference (NAC),nac,Thomas,Charlie Foster-Major,Charlie,Foster-Major,,2758,Charlie Foster-Major,"FOSTER-MAJOR,CHARLIE",FOSTER-MAJORCHARLIETHOMAS (,7,1,,,Thomas,THOMAS (,1210-2777,0,0,0,0,0,0,1,0,1,0,0,0,0,0,0,0,0,1,0,0,0,0,0,8,0,10,0,60:00,0,0,1.000,,4,12,0,5,2,3,.333,0.71,,,,,,,,,,,,,,,,,,
2026-27,mlax,North Atlantic Conference (NAC),nac,Thomas,Caleb Vose,Caleb,Vose,,2758,Caleb Vose,"VOSE,CALEB",VOSECALEBTHOMAS (,5,0,,,Thomas,THOMAS (,1210-2983,0,0,0,0,0,0,0,0,0,0,0,0,0,0,0,0,0,0,0,0,0,2,3,0,0,0,0,00:00,0,5,1.000,,0,0,0,0,0,0,.000,0.00,,,,,,,,,,,,,,,,,,
2026-27,mlax,North Atlantic Conference (NAC),nac,Thomas,Jack Morrill,Jack,Morrill,,2758,Jack Morrill,"MORRILL,JACK",MORRILLJACKTHOMAS (,15,15,,,Thomas,THOMAS (,1210-2769,0,0,0,0,0,1,18,1,3,1,0,0,0,0,0,0,0,8,5,0,0,162,93,140,0,37,11,861:00,134,255,1.000,,51,92,0,33,12,21,.554,2.20,,,,,,,,,,,,,,,,,,
2026-27,mlax,North Atlantic Conference (NAC),nac,Thomas,Simon Lanigan,Simon,Lanigan,,2758,Simon Lanigan,"LANIGAN,SIMON",LANIGANSIMONTHOMAS (,14,0,,,Thomas,THOMAS (,1210-3362,0,0,0,0,0,0,0,0,0,0,0,0,0,0,0,0,0,6,3,0,0,0,0,20,0,13,4,00:00,0,0,1.000,,2,6,0,3,3,0,.333,0.21,,,,,,,,,,,,,,,,,,
2026-27,mlax,North Atlantic Conference (NAC),nac,Thomas,Dustyn Hinkley,Dustyn,Hinkley,,2758,Dustyn Hinkley,"HINKLEY,DUSTYN",HINKLEYDUSTYNTHOMAS (,15,0,,,Thomas,THOMAS (,1210-2985,0,0,0,0,0,0,3,0,0,0,0,0,0,0,0,0,0,0,0,0,0,0,0,23,0,13,4,00:00,0,0,1.000,,17,31,0,6,1,5,.548,0.40,,,,,,,,,,,,,,,,,,
2026-27,mlax,North Atlantic Conference (NAC),nac,Thomas,Jesse Sag,Jesse,Sag,,2758,Jesse Sag,"SAG,JESSE",SAGJESSETHOMAS (,12,0,,,Thomas,THOMAS (,1210-3368,0,0,0,0,0,0,1,0,0,0,0,0,0,0,0,0,0,0,2,0,0,0,0,8,0,4,0,25:00,27,0,1.000,,6,10,0,4,2,2,.600,0.33,,,,,,,,,,,,,,,,,,
2026-27,mlax,North Atlantic Conference (NAC),nac,Thomas,Owen Lyons,Owen,Lyons,,2758,Owen Lyons,"LYONS,OWEN",LYONSOWENTHOMAS (,15,15,,,Thomas,THOMAS (,1210-3145,0,0,0,0,0,1,22,0,9,3,0,0,0,0,0,0,0,3,1,0,0,0,0,60,0,44,13,861:00,134,0,1.000,,81,124,0,69,24,45,.653,4.60,,,,,,,,,,,,,,,,,,
2026-27,mlax,North Atlantic Conference (NAC),nac,Thomas,Nicholas Pike,Nicholas,Pike,,2758,Nicholas Pike,"PIKE,NICHOLAS",PIKENICHOLASTHOMAS (,15,14,,,Thomas,THOMAS (,1210-3152,0,0,0,0,0,1,6,1,5,1,0,0,0,0,0,0,0,2,7,0,0,0,0,28,0,33,13,760:00,117,0,1.000,,45,74,0,32,4,28,.608,2.13,,,,,,,,,,,,,,,,,,
2026-27,mlax,North Atlantic Conference (NAC),nac,Thomas,Dexter Morin,Dexter,Morin,,2758,Dexter Morin,"MORIN,DEXTER",MORINDEXTERTHOMAS (,1,0,,,Thomas,THOMAS (,1210-3364,0,0,0,0,0,0,0,0,0,0,0,0,0,0,0,0,0,0,0,0,0,0,0,1,0,0,0,0,0,0,1.000,,0,0,0,0,0,0,.000,0.00,,,,,,,,,,,,,,,,,,
2026-27,mlax,North Atlantic Conference (NAC),nac,Thomas,Tyler Gay,Tyler,Gay,,2758,Tyler Gay,"GAY,TYLER",GAYTYLERTHOMAS (,12,3,,,Thomas,THOMAS (,1210-2905,0,0,0,0,0,0,0,0,0,0,0,0,0,0,0,0,0,0,0,0,0,0,0,10,0,2,4,180:00,0,0,1.000,,0,2,0,1,1,0,.000,0.08,,,,,,,,,,,,,,,,,,
2026-27,mlax,North Atlantic Conference (NAC),nac,Thomas,Hunter Simpson,Hunter,Simpson,,2758,Hunter Simpson,"SIMPSON,HUNTER",SIMPSONHUNTERTHOMAS (,13,2,,,Thomas,THOMAS (,1210-2779,0,0,0,0,0,1,11,0,4,0,0,0,0,0,0,0,0,3,1,0,0,0,0,22,0,13,5,120:00,0,0,1.000,,31,45,0,28,12,16,.689,2.15,,,,,,,,,,,,,,,,,,
2026-27,mlax,North Atlantic Conference (NAC),nac,Thomas,Caleb Pack,Caleb,Pack,,2758,Caleb Pack,"PACK,CALEB",PACKCALEBTHOMAS (,13,1,,,Thomas,THOMAS (,1210-3146,0,0,0,0,0,0,0,0,0,0,0,0,0,0,0,0,1,1,0,0,0,1,0,6,0,6,2,28:00,4,1,1.000,,1,4,0,0,0,0,.250,0.00,,,,,,,,,,,,,,,,,,
2026-27,mlax,North Atlantic Conference (NAC),nac,Thomas,Cooper Freeman,Cooper,Freeman,,2758,Cooper Freeman,"FREEMAN,COOPER",FREEMANCOOPERTHOMAS (,8,0,,,Thomas,THOMAS (,1210-3361,0,0,0,0,0,0,0,0,0,0,0,0,0,0,0,0,0,0,0,0,0,0,0,4,0,0,0,00:00,0,0,1.000,,0,1,0,0,0,0,.000,0.00,,,,,,,,,,,,,,,,,,
2026-27,mlax,North Atlantic Conference (NAC),nac,Thomas,Dylan Preston,Dylan,Preston,,2758,Dylan Preston,"PRESTON,DYLAN",PRESTONDYLANTHOMAS (,15,13,,,Thomas,THOMAS (,1210-3367,0,0,0,0,0,0,0,0,0,0,0,0,0,0,0,0,0,4,1,0,0,0,0,36,0,12,22,721:00,156,0,1.000,,0,1,0,0,0,0,.000,0.00,,,,,,,,,,,,,,,,,,
2026-27,mlax,North Atlantic Conference (NAC),nac,Thomas,Nick Fischetto,Nick,Fischetto,,2758,Nick Fischetto,"FISCHETTO,NICK",FISCHETTONICKTHOMAS (,11,1,,,Thomas,THOMAS (,1210-2767,0,0,0,0,0,0,0,0,0,0,0,0,0,0,0,0,0,2,1,0,0,7,22,1,0,1,1,75:00,50,29,1.000,,0,4,0,0,0,0,.000,0.00,,,,,,,,,,,,,,,,,,
2026-27,mlax,North Atlantic Conference (NAC),nac,Thomas,Tracen Wagner,Tracen,Wagner,,2758,Tracen Wagner,"WAGNER,TRACEN",WAGNERTRACENTHOMAS (,14,3,,,Thomas,THOMAS (,1210-3150,0,0,0,0,0,0,0,0,0,0,0,0,0,0,0,0,0,3,3,0,0,0,0,14,0,8,6,195:00,67,0,1.000,,0,1,0,0,0,0,.000,0.00,,,,,,,,,,,,,,,,,,
2026-27,mlax,North Atlantic Conference (NAC),nac,Thomas,Layton Lyons,Layton,Lyons,,2758,Layton Lyons,"LYONS,LAYTON",LYONSLAYTONTHOMAS (,6,0,,,Thomas,THOMAS (,1210-3363,0,0,0,0,0,0,0,0,0,0,0,0,0,0,0,0,0,0,0,0,0,0,1,0,0,2,0,00:00,0,1,1.000,,0,0,0,0,0,0,.000,0.00,,,,,,,,,,,,,,,,,,
2026-27,mlax,North Atlantic Conference (NAC),nac,Thomas,Nathan Myers,Nathan,Myers,,2758,Nathan Myers,"MYERS,NATHAN",MYERSNATHANTHOMAS (,4,0,,,Thomas,THOMAS (,1210-2908,0,0,0,0,0,0,0,0,0,0,0,0,0,0,0,0,0,0,0,0,0,0,0,1,0,1,0,00:00,0,0,1.000,,0,0,0,0,0,0,.000,0.00,,,,,,,,,,,,,,,,,,
2026-27,mlax,North Atlantic Conference (NAC),nac,Thomas,Declan Brown,Declan,Brown,,2758,Declan Brown,"BROWN,DECLAN",BROWNDECLANTHOMAS (,15,0,,,Thomas,THOMAS (,1210-3360,0,0,0,0,0,0,1,0,0,0,0,0,0,0,0,0,0,0,0,0,0,0,0,1,0,3,0,19:00,38,0,1.000,,2,3,0,1,0,1,.667,0.07,,,,,,,,,,,,,,,,,,
2026-27,mlax,North Atlantic Conference (NAC),nac,Thomas,Zander Ysewyn,Zander,Ysewyn,,2758,Zander Ysewyn,"YSEWYN,ZANDER",YSEWYNZANDERTHOMAS (,5,0,,,Thomas,THOMAS (,1210-3153,0,0,0,0,0,0,0,0,0,0,0,0,0,0,0,0,0,0,0,0,0,0,0,2,0,2,0,00:00,0,0,1.000,,0,0,0,0,0,0,.000,0.00,,,,,,,,,,,,,,,,,,
2026-27,mlax,North Atlantic Conference (NAC),nac,Thomas,Sam Lockwood,Sam,Lockwood,,2758,Sam Lockwood,"LOCKWOOD,SAM",LOCKWOODSAMTHOMAS (,4,0,,,Thomas,THOMAS (,1210-3302,0,0,0,0,0,0,0,0,0,0,0,0,0,0,0,0,0,0,0,0,0,0,0,0,0,0,0,05:00,8,0,1.000,,0,0,0,0,0,0,.000,0.00,1,05:02,0,1,0,0,0,0,0,0,0,3,.00,1.000,,,,
2026-27,mlax,North Atlantic Conference (NAC),nac,Thomas,Jamie Fonseca,Jamie,Fonseca,,2758,Jamie Fonseca,"FONSECA,JAMIE",FONSECAJAMIETHOMAS (,14,8,,,Thomas,THOMAS (,1210-2888,0,0,0,0,0,0,0,0,0,0,0,0,0,0,0,0,0,0,0,0,0,0,0,27,0,12,5,458:00,63,0,1.000,,1,1,0,0,0,0,1.000,0.00,,,,,,,,,,,,,,,,,,
2026-27,mlax,North Atlantic Conference (NAC),nac,Thomas,Patrick Babineau,Patrick,Babineau,,2758,Patrick Babineau,"BABINEAU,PATRICK",BABINEAUPATRICKTHOMAS (,15,15,,,Thomas,THOMAS (,1210-3154,0,0,0,0,0,0,0,0,0,0,0,0,0,0,0,0,0,2,0,0,0,0,0,34,0,13,14,861:00,134,0,1.000,,2,3,0,1,1,0,.667,0.07,,,,,,,,,,,,,,,,,,
2026-27,mlax,North Atlantic Conference (NAC),nac,Thomas,Kyle Siebert,Kyle,Siebert,,2758,Kyle Siebert,"SIEBERT,KYLE",SIEBERTKYLETHOMAS (,1,0,,,Thomas,THOMAS (,1210-3236,0,0,0,0,0,0,0,0,0,0,0,0,0,0,0,0,0,0,0,0,0,0,0,0,0,0,0,00:00,0,0,1.000,,0,0,0,0,0,0,.000,0.00,,,,,,,,,,,,,,,,,,
2026-27,mlax,North Atlantic Conference (NAC),nac,Thomas,Vincent Pavonetti,Vincent,Pavonetti,,2758,Vincent Pavonetti,"PAVONETTI,VINCENT",PAVONETTIVINCENTTHOMAS (,6,0,,,Thomas,THOMAS (,1210-2990,0,0,0,0,0,0,0,0,0,0,0,0,0,0,0,0,0,0,0,0,0,0,0,0,0,1,0,27:00,65,0,1.000,,0,0,0,0,0,0,.000,0.00,4,43:16,11,10,0,0,0,0,0,0,0,32,15.25,.476,,,,
2026-27,mlax,North Atlantic Conference (NAC),nac,Thomas,K. Van doren-Crooker,K. Van,doren-Crooker,,2758,K. Van doren-Crooker,"DOREN-CROOKER,K VAN",DOREN-CROOKERKVANTHOMAS (,12,0,,,Thomas,THOMAS (,1210-2987,0,0,0,0,0,0,1,0,1,0,0,0,0,0,0,0,0,0,0,0,0,0,0,4,0,4,1,00:00,0,0,1.000,,6,16,0,2,0,2,.375,0.17,,,,,,,,,,,,,,,,,,
2026-27,mlax,North Atlantic Conference (NAC),nac,Thomas,Wyatt Lyons,Wyatt,Lyons,,2758,Wyatt Lyons,"LYONS,WYATT",LYONSWYATTTHOMAS (,14,13,,,Thomas,THOMAS (,1210-3149,0,0,0,0,0,2,4,0,3,1,0,0,0,0,0,0,0,3,1,0,0,0,0,12,0,19,2,741:00,134,0,1.000,,46,85,0,25,2,23,.541,1.79,,,,,,,,,,,,,,,,,,
