conference_code,conference,season,sport,team,player_name,class_year,position,uniform,games_played,games_started,shot_stats_penalty_kick_attempts,shot_stats_penalty_kick_goals,shot_stats_shots_on_goal,shot_stats_shots,shot_stats_points,shot_stats_assists,shot_stats_goals,shot_stats_penalty_shot_attempts,shot_stats_penalty_shot_goals,shot_stats_avg_shots_per_game,shot_stats_avg_sog_per_game,shot_stats_avg_points_per_game,shot_stats_avg_goals_per_game,shot_stats_avg_assists_per_game,shot_stats_shots_saved_by_goalie,goal_stats_game_tying,goal_stats_hattricks,goal_stats_overtime,goal_stats_first,goal_stats_unassisted,goal_stats_game_winning,goal_stats_avg_gw_per_game,caution_stats_fouls,caution_stats_red_cards,caution_stats_yellow_cards,caution_stats_green_cards,caution_stats_avg_fouls_per_game,caution_stats_avg_yc_per_game,caution_stats_avg_rc_per_game,caution_stats_avg_gc_per_game,misc_stats_offsides,misc_stats_corner_kicks,misc_stats_minutes_played,misc_stats_defensive_saves,misc_stats_avg_corners_per_game,misc_stats_avg_offsides_per_game,goalie_stats_shots_faced,goalie_stats_ties,goalie_stats_losses,goalie_stats_wins,goalie_stats_shutouts,goalie_stats_save_percentage,goalie_stats_goals_against_avg,goalie_stats_saves,goalie_stats_goals_allowed,goalie_stats_minutes,goalie_stats_games_started,goalie_stats_games_played,goalie_stats_avg_ga_per_game,goalie_stats_save_percentage_calc,goalie_stats_avg_sho_per_game,goalie_stats_avg_saves_per_game,z_shot_stats_goals,z_shot_stats_assists,z_shot_stats_points,z_shot_stats_shots_on_goal,z_caution_stats_yellow_cards,z_caution_stats_red_cards,composite_score,rank,rating
nac,North Atlantic Conference (NAC),2025-26,wsoc,Maine Maritime,Hadley Stoddard,0,,9,20,20,0.0,0.0,53.0,71.0,47.0,5.0,21.0,0.0,0.0,3.55,2.65,2.35,1.05,0.25,32.0,1.0,2.0,0.0,6.0,6.0,7.0,0.35,7.0,0.0,1.0,0.0,0.35,0.05,0.0,0.0,0.0,,1470:00,0.0,0.0,0.0,,,,,,,,,,,,,,,,,7.2588561611259275,2.3323371724025233,6.757376662909931,6.004974501369148,1.2658013402303472,-0.09345386270319955,14.670162090165205,1,99
nac,North Atlantic Conference (NAC),2025-26,wsoc,Maine Maritime,Abby Wong,0,,7,20,20,0.0,0.0,31.0,65.0,27.0,11.0,8.0,2.0,1.0,3.25,1.55,1.35,0.4,0.55,23.0,2.0,0.0,0.0,1.0,6.0,1.0,0.05,13.0,0.0,1.0,0.0,0.65,0.05,0.0,0.0,0.0,,1579:00,0.0,0.0,0.0,,,,,,,,,,,,,,,,,2.4083120908408455,5.861397566452629,3.605207823789992,3.210607647055623,1.2658013402303472,-0.09345386270319955,9.524568737468531,2,95
nac,North Atlantic Conference (NAC),2025-26,wsoc,UMaine-Farmington,Natalie Tracy,0,,9,13,10,0.0,0.0,34.0,60.0,33.0,1.0,16.0,2.0,2.0,4.62,2.62,2.54,1.231,0.077,18.0,1.0,0.0,0.0,4.0,6.0,2.0,0.154,16.0,0.0,3.0,0.0,1.23,0.23,0.0,0.0,0.0,,713:00,0.0,0.0,0.0,,,,,,,,,,,,,,,,,5.393262287939358,-0.02036975696421414,4.550858475525974,3.591657672643831,4.665802614570001,-0.09345386270319955,8.620447078357135,3,94
nac,North Atlantic Conference (NAC),2025-26,wsoc,Husson ,"Laslie, Addi",0,,6,19,14,0.0,0.0,24.0,47.0,26.0,4.0,11.0,1.0,0.0,2.47,1.26,1.37,0.579,0.211,13.0,0.0,0.0,0.0,6.0,3.0,3.0,0.158,11.0,0.0,0.0,0.0,0.58,0.0,0.0,0.0,0.0,,1114:00,0.0,0.0,0.0,,,,,,,,,,,,,,,,,3.5276684147527875,1.744160440060839,3.4475993818339945,2.3214909206831376,-0.4341992969394796,-0.09345386270319955,7.728709913837999,4,92
nac,North Atlantic Conference (NAC),2025-26,wsoc,Husson ,"Pangburn, Jaquie",0,,11,18,8,0.0,0.0,26.0,39.0,25.0,3.0,11.0,0.0,0.0,2.17,1.44,1.39,0.611,0.167,15.0,1.0,0.0,0.0,2.0,1.0,4.0,0.222,7.0,0.0,0.0,0.0,0.39,0.0,0.0,0.0,0.0,,879:00,0.0,0.0,0.0,,,,,,,,,,,,,,,,,3.5276684147527875,1.1559837077191546,3.2899909398779976,2.575524271075276,-0.4341992969394796,-0.09345386270319955,7.257466961908051,5,91
nac,North Atlantic Conference (NAC),2025-26,wsoc,Lesley,Leecy Cruz,0,,2,20,12,0.0,0.0,30.0,62.0,23.0,5.0,9.0,0.0,0.0,3.1,1.5,1.15,0.45,0.25,21.0,1.0,0.0,0.0,3.0,5.0,3.0,0.15,5.0,0.0,0.0,0.0,0.25,0.0,0.0,0.0,0.0,,1330:00,0.0,0.0,0.0,,,,,,,,,,,,,,,,,2.781430865478159,2.3323371724025233,2.974774055966004,3.0835909718595538,-0.4341992969394796,-0.09345386270319955,7.215638359330241,6,90
nac,North Atlantic Conference (NAC),2025-26,wsoc,VTSU Johnson,"Davis, Olivia",0,,24,16,16,0.0,0.0,26.0,42.0,20.0,6.0,7.0,0.0,0.0,2.63,1.63,1.25,0.438,0.375,19.0,0.0,0.0,0.0,2.0,1.0,1.0,0.063,6.0,0.0,0.0,0.0,0.38,0.0,0.0,0.0,0.0,,1183:00,0.0,0.0,0.0,,,,,,,,,,,,,,,,,2.0351933162035314,2.9205139047442077,2.5019487300980128,2.575524271075276,-0.4341992969394796,-0.09345386270319955,6.4485334544303425,7,90
nac,North Atlantic Conference (NAC),2025-26,wsoc,Husson ,"St. Louis, Devon",0,,13,19,14,0.0,0.0,20.0,36.0,17.0,7.0,5.0,0.0,0.0,1.89,1.05,0.89,0.263,0.368,15.0,1.0,0.0,0.0,2.0,1.0,2.0,0.105,17.0,0.0,1.0,0.0,0.89,0.05,0.0,0.0,0.0,,1172:00,0.0,0.0,0.0,,,,,,,,,,,,,,,,,1.2889557669289031,3.508690637085892,2.0291234042300217,1.8134242198988602,1.2658013402303472,-0.09345386270319955,5.375621783876542,8,89
nac,North Atlantic Conference (NAC),2025-26,wsoc,Husson ,"Tarbox, Hailey",0,,3,19,14,0.0,0.0,13.0,29.0,18.0,4.0,7.0,0.0,0.0,1.53,0.68,0.95,0.368,0.211,6.0,0.0,0.0,0.0,1.0,0.0,0.0,0.0,19.0,0.0,0.0,0.0,1.0,0.0,0.0,0.0,0.0,,1145:00,0.0,0.0,0.0,,,,,,,,,,,,,,,,,2.0351933162035314,1.744160440060839,2.1867318461860186,0.9243074935263748,-0.4341992969394796,-0.09345386270319955,5.074190854903808,9,88
nac,North Atlantic Conference (NAC),2025-26,wsoc,UMaine-Farmington,Rita Benoit,0,,17,19,19,0.0,0.0,13.0,31.0,16.0,6.0,5.0,0.0,0.0,1.63,0.68,0.84,0.263,0.316,8.0,0.0,0.0,0.0,0.0,1.0,0.0,0.0,14.0,0.0,0.0,0.0,0.74,0.0,0.0,0.0,0.0,,1460:00,0.0,0.0,0.0,,,,,,,,,,,,,,,,,1.2889557669289031,2.9205139047442077,1.8715149622740248,0.9243074935263748,-0.4341992969394796,-0.09345386270319955,4.930748912169142,10,87
nac,North Atlantic Conference (NAC),2025-26,wsoc,UMaine-Farmington,Kyri Meak,0,,14,18,16,0.0,0.0,26.0,45.0,17.0,3.0,7.0,1.0,1.0,2.5,1.44,0.94,0.389,0.167,19.0,0.0,0.0,0.0,0.0,1.0,3.0,0.167,2.0,0.0,0.0,0.0,0.11,0.0,0.0,0.0,0.0,,1107:00,0.0,0.0,0.0,,,,,,,,,,,,,,,,,2.0351933162035314,1.1559837077191546,2.0291234042300217,2.575524271075276,-0.4341992969394796,-0.09345386270319955,4.882384588405211,11,87
nac,North Atlantic Conference (NAC),2025-26,wsoc,VTSU Johnson,"Stefanik, Moriah",0,,3,16,16,0.0,0.0,16.0,34.0,18.0,2.0,8.0,0.0,0.0,2.13,1.0,1.13,0.5,0.125,8.0,0.0,0.0,0.0,2.0,1.0,3.0,0.188,6.0,0.0,0.0,0.0,0.38,0.0,0.0,0.0,0.0,,1108:00,0.0,0.0,0.0,,,,,,,,,,,,,,,,,2.4083120908408455,0.5678069753774702,2.1867318461860186,1.305357519114583,-0.4341992969394796,-0.09345386270319955,4.700072209380406,12,86
nac,North Atlantic Conference (NAC),2025-26,wsoc,UMaine-Farmington,Grace Dwyer,0,,21,19,17,0.0,0.0,17.0,29.0,17.0,3.0,7.0,1.0,1.0,1.53,0.89,0.89,0.368,0.158,10.0,1.0,0.0,0.0,0.0,4.0,0.0,0.0,8.0,0.0,0.0,0.0,0.42,0.0,0.0,0.0,0.0,,1418:00,0.0,0.0,0.0,,,,,,,,,,,,,,,,,2.0351933162035314,1.1559837077191546,2.0291234042300217,1.4323741943106523,-0.4341992969394796,-0.09345386270319955,4.653754573052286,13,86
nac,North Atlantic Conference (NAC),2025-26,wsoc,Lesley,Bethany Slivka,0,,25,19,15,0.0,0.0,9.0,20.0,13.0,9.0,2.0,0.0,0.0,1.05,0.47,0.68,0.105,0.474,7.0,0.0,0.0,0.0,1.0,1.0,0.0,0.0,2.0,0.0,0.0,0.0,0.11,0.0,0.0,0.0,0.0,,1163:00,0.0,0.0,0.0,,,,,,,,,,,,,,,,,0.16959944301696095,4.685044101769261,1.3986896364060337,0.4162407927420974,-0.4341992969394796,-0.09345386270319955,4.613972657910288,14,85
nac,North Atlantic Conference (NAC),2025-26,wsoc,VTSU Johnson,"Jones, Jenna",0,,15,16,10,0.0,0.0,14.0,20.0,17.0,3.0,7.0,0.0,0.0,1.25,0.88,1.06,0.438,0.188,7.0,1.0,1.0,0.0,3.0,3.0,2.0,0.125,11.0,0.0,0.0,0.0,0.69,0.0,0.0,0.0,0.0,,883:00,0.0,0.0,0.0,,,,,,,,,,,,,,,,,2.0351933162035314,1.1559837077191546,2.0291234042300217,1.0513241687224442,-0.4341992969394796,-0.09345386270319955,4.577544567934645,15,85
nac,North Atlantic Conference (NAC),2025-26,wsoc,Maine Maritime,Mayako Brown,0,,3,20,20,0.0,0.0,23.0,49.0,18.0,0.0,9.0,0.0,0.0,2.45,1.15,0.9,0.45,0.0,14.0,0.0,1.0,0.0,3.0,4.0,2.0,0.1,16.0,0.0,0.0,0.0,0.8,0.0,0.0,0.0,0.0,,1529:00,0.0,0.0,0.0,,,,,,,,,,,,,,,,,2.781430865478159,-0.6085464893058985,2.1867318461860186,2.1944742454870685,-0.4341992969394796,-0.09345386270319955,4.427566904013859,16,84
nac,North Atlantic Conference (NAC),2025-26,wsoc,Thomas,Briley Rutledge,0,,9,19,18,0.0,0.0,27.0,52.0,17.0,3.0,7.0,0.0,0.0,2.74,1.42,0.89,0.368,0.158,20.0,1.0,0.0,0.0,2.0,2.0,1.0,0.053,3.0,0.0,3.0,0.0,0.16,0.16,0.0,0.0,0.0,,1285:00,0.0,0.0,0.0,,,,,,,,,,,,,,,,,2.0351933162035314,1.1559837077191546,2.0291234042300217,2.7025409462713457,4.665802614570001,-0.09345386270319955,4.142787636718003,17,84
nac,North Atlantic Conference (NAC),2025-26,wsoc,Lesley,Elsie Koehler,0,,13,17,11,0.0,0.0,21.0,39.0,14.0,2.0,6.0,0.0,0.0,2.29,1.24,0.82,0.353,0.118,15.0,1.0,0.0,0.0,2.0,0.0,1.0,0.059,1.0,0.0,0.0,0.0,0.06,0.0,0.0,0.0,0.0,,920:00,0.0,0.0,0.0,,,,,,,,,,,,,,,,,1.6620745415662173,0.5678069753774702,1.5562980783620308,1.9404408950949297,-0.4341992969394796,-0.09345386270319955,3.639547697825056,18,83
nac,North Atlantic Conference (NAC),2025-26,wsoc,Lesley,Zoe Curtaz,0,,11,20,16,0.0,0.0,20.0,27.0,11.0,5.0,3.0,1.0,1.0,1.35,1.0,0.55,0.15,0.25,17.0,0.0,0.0,0.0,2.0,1.0,2.0,0.1,2.0,0.0,0.0,0.0,0.1,0.0,0.0,0.0,0.0,,1356:00,0.0,0.0,0.0,,,,,,,,,,,,,,,,,0.542718217654275,2.3323371724025233,1.08347275249404,1.8134242198988602,-0.4341992969394796,-0.09345386270319955,3.398981448683843,19,83
nac,North Atlantic Conference (NAC),2025-26,wsoc,Lesley,Kylie Chagnon,0,,23,19,16,0.0,0.0,39.0,69.0,12.0,2.0,5.0,0.0,0.0,3.63,2.05,0.63,0.263,0.105,34.0,0.0,0.0,0.0,1.0,1.0,0.0,0.0,8.0,0.0,1.0,0.0,0.42,0.05,0.0,0.0,0.0,,967:00,0.0,0.0,0.0,,,,,,,,,,,,,,,,,1.2889557669289031,0.5678069753774702,1.2410811944500368,4.226741048624177,1.2658013402303472,-0.09345386270319955,3.248037039579721,20,82
nac,North Atlantic Conference (NAC),2025-26,wsoc,UMaine-Presque Isle,"Clavette, Kamryn",0,,3,15,15,0.0,0.0,20.0,28.0,15.0,1.0,7.0,0.0,0.0,1.87,1.33,1.0,0.467,0.067,13.0,1.0,1.0,0.0,2.0,3.0,1.0,0.067,5.0,0.0,2.0,0.0,0.33,0.13,0.0,0.0,0.0,,1068:00,0.0,0.0,0.0,,,,,,,,,,,,,,,,,2.0351933162035314,-0.02036975696421414,1.7139065203180277,1.8134242198988602,2.9658019774001745,-0.09345386270319955,3.1758651430022264,21,82
nac,North Atlantic Conference (NAC),2025-26,wsoc,SUNY Delhi,"DeNinno, Jordan",0,,3,17,3,0.0,0.0,18.0,28.0,13.0,1.0,6.0,1.0,0.0,1.65,1.06,0.76,0.353,0.059,12.0,0.0,0.0,0.0,1.0,4.0,0.0,0.0,14.0,0.0,0.0,0.0,0.82,0.0,0.0,0.0,0.0,,598:00,0.0,0.0,0.0,,,,,,,,,,,,,,,,,1.6620745415662173,-0.02036975696421414,1.3986896364060337,1.5593908695067216,-0.4341992969394796,-0.09345386270319955,3.041288070699037,22,81
nac,North Atlantic Conference (NAC),2025-26,wsoc,Husson ,"Dunn, Paige",0,,29,19,15,0.0,0.0,20.0,58.0,12.0,4.0,4.0,0.0,0.0,3.05,1.05,0.63,0.211,0.211,16.0,0.0,0.0,0.0,1.0,3.0,1.0,0.053,15.0,0.0,2.0,0.0,0.79,0.11,0.0,0.0,0.0,,1159:00,0.0,0.0,0.0,,,,,,,,,,,,,,,,,0.915836992291589,1.744160440060839,1.2410811944500368,1.8134242198988602,2.9658019774001745,-0.09345386270319955,2.9607022289002276,23,81
nac,North Atlantic Conference (NAC),2025-26,wsoc,Thomas,Wallingford Alexandra,0,,16,19,18,0.0,0.0,12.0,17.0,14.0,0.0,7.0,2.0,2.0,0.89,0.63,0.74,0.368,0.0,5.0,0.0,0.0,0.0,3.0,2.0,2.0,0.105,9.0,0.0,0.0,0.0,0.47,0.0,0.0,0.0,0.0,,1060:00,0.0,0.0,0.0,,,,,,,,,,,,,,,,,2.0351933162035314,-0.6085464893058985,1.5562980783620308,0.7972908183303055,-0.4341992969394796,-0.09345386270319955,2.960589031831087,24,80
nac,North Atlantic Conference (NAC),2025-26,wsoc,Husson ,"Speed, Rylee",0,,30,19,16,0.0,0.0,3.0,16.0,9.0,7.0,1.0,0.0,0.0,0.84,0.16,0.47,0.053,0.368,2.0,0.0,0.0,0.0,0.0,0.0,0.0,0.0,8.0,0.0,0.0,0.0,0.42,0.0,0.0,0.0,0.0,,1052:00,0.0,0.0,0.0,,,,,,,,,,,,,,,,,-0.2035193316203531,3.508690637085892,0.768255868582046,-0.34585925843431864,-0.4341992969394796,-0.09345386270319955,2.823682810282542,25,80
nac,North Atlantic Conference (NAC),2025-26,wsoc,UMaine-Presque Isle,"Ala, Camryn",0,,13,15,15,0.0,0.0,15.0,19.0,11.0,3.0,4.0,1.0,1.0,1.27,1.0,0.73,0.267,0.2,11.0,0.0,0.0,0.0,0.0,1.0,0.0,0.0,6.0,0.0,0.0,0.0,0.4,0.0,0.0,0.0,0.0,,1158:00,0.0,0.0,0.0,,,,,,,,,,,,,,,,,0.915836992291589,1.1559837077191546,1.08347275249404,1.1783408439185135,-0.4341992969394796,-0.09345386270319955,2.8216361228467295,26,80
nac,North Atlantic Conference (NAC),2025-26,wsoc,UMaine-Farmington,Makenzie Rushlow,0,,7,18,11,0.0,0.0,8.0,16.0,10.0,4.0,3.0,0.0,0.0,0.89,0.44,0.56,0.167,0.222,5.0,0.0,0.0,0.0,0.0,1.0,0.0,0.0,4.0,0.0,0.0,0.0,0.22,0.0,0.0,0.0,0.0,,1020:00,0.0,0.0,0.0,,,,,,,,,,,,,,,,,0.542718217654275,1.744160440060839,0.925864310538043,0.28922411754602806,-0.4341992969394796,-0.09345386270319955,2.5720918062048996,27,79
nac,North Atlantic Conference (NAC),2025-26,wsoc,VTSU Johnson,"Power, Maddie",0,,21,15,15,0.0,0.0,8.0,11.0,9.0,5.0,2.0,1.0,1.0,0.73,0.53,0.6,0.133,0.333,6.0,0.0,0.0,0.0,0.0,2.0,0.0,0.0,6.0,0.0,0.0,0.0,0.4,0.0,0.0,0.0,0.0,,1218:00,0.0,0.0,0.0,,,,,,,,,,,,,,,,,0.16959944301696095,2.3323371724025233,0.768255868582046,0.28922411754602806,-0.4341992969394796,-0.09345386270319955,2.500370834837567,28,79
nac,North Atlantic Conference (NAC),2025-26,wsoc,Husson ,"Hosford, Ella",0,,5,13,3,0.0,0.0,5.0,9.0,10.0,4.0,3.0,0.0,0.0,0.69,0.38,0.77,0.231,0.308,2.0,0.0,0.0,0.0,0.0,0.0,0.0,0.0,5.0,0.0,0.0,0.0,0.38,0.0,0.0,0.0,0.0,,325:00,0.0,0.0,0.0,,,,,,,,,,,,,,,,,0.542718217654275,1.744160440060839,0.925864310538043,-0.09182590804217995,-0.4341992969394796,-0.09345386270319955,2.495881801087258,29,79
nac,North Atlantic Conference (NAC),2025-26,wsoc,Husson ,"Gerfen, Thea",0,,28,19,16,0.0,0.0,10.0,19.0,7.0,7.0,0.0,0.0,0.0,1.0,0.53,0.37,0.0,0.368,10.0,0.0,0.0,0.0,0.0,0.0,0.0,0.0,7.0,0.0,0.0,0.0,0.37,0.0,0.0,0.0,0.0,,1272:00,0.0,0.0,0.0,,,,,,,,,,,,,,,,,-0.5766381062576671,3.508690637085892,0.453038984670052,0.5432574679381668,-0.4341992969394796,-0.09345386270319955,2.4077355621813292,30,78
nac,North Atlantic Conference (NAC),2025-26,wsoc,UMaine-Farmington,Miah Coffin,0,,18,19,13,0.0,0.0,16.0,27.0,9.0,3.0,3.0,0.0,0.0,1.42,0.84,0.47,0.158,0.158,13.0,0.0,0.0,0.0,0.0,1.0,0.0,0.0,1.0,0.0,0.0,0.0,0.05,0.0,0.0,0.0,0.0,,1268:00,0.0,0.0,0.0,,,,,,,,,,,,,,,,,0.542718217654275,1.1559837077191546,0.768255868582046,1.305357519114583,-0.4341992969394796,-0.09345386270319955,2.253268864510234,31,78
nac,North Atlantic Conference (NAC),2025-26,wsoc,Maine Maritime,Sophia Hernandez,0,,24,18,16,0.0,0.0,20.0,33.0,7.0,5.0,1.0,0.0,0.0,1.83,1.11,0.39,0.056,0.278,19.0,0.0,0.0,0.0,0.0,0.0,1.0,0.056,7.0,0.0,0.0,0.0,0.39,0.0,0.0,0.0,0.0,,1265:00,0.0,0.0,0.0,,,,,,,,,,,,,,,,,-0.2035193316203531,2.3323371724025233,0.453038984670052,1.8134242198988602,-0.4341992969394796,-0.09345386270319955,2.2114402619324234,32,77
nac,North Atlantic Conference (NAC),2025-26,wsoc,UMaine-Farmington,Emma Dunn,0,,8,17,16,0.0,0.0,16.0,27.0,11.0,1.0,5.0,1.0,1.0,1.59,0.94,0.65,0.294,0.059,11.0,0.0,0.0,0.0,2.0,3.0,2.0,0.118,9.0,0.0,1.0,0.0,0.53,0.06,0.0,0.0,0.0,,1092:00,0.0,0.0,0.0,,,,,,,,,,,,,,,,,1.2889557669289031,-0.02036975696421414,1.08347275249404,1.305357519114583,1.2658013402303472,-0.09345386270319955,2.1417107116694254,33,77
nac,North Atlantic Conference (NAC),2025-26,wsoc,Husson ,"Long, Jillian",0,,20,18,2,0.0,0.0,6.0,11.0,9.0,3.0,3.0,0.0,0.0,0.61,0.33,0.5,0.167,0.167,3.0,0.0,0.0,0.0,0.0,0.0,0.0,0.0,3.0,0.0,0.0,0.0,0.17,0.0,0.0,0.0,0.0,,563:00,0.0,0.0,0.0,,,,,,,,,,,,,,,,,0.542718217654275,1.1559837077191546,0.768255868582046,0.03519076715388939,-0.4341992969394796,-0.09345386270319955,1.9992355141180949,34,77
nac,North Atlantic Conference (NAC),2025-26,wsoc,VTSU Johnson,"Love, Elizabeth",0,,2,16,5,0.0,0.0,5.0,6.0,9.0,3.0,3.0,0.0,0.0,0.38,0.31,0.56,0.188,0.188,2.0,0.0,0.0,0.0,0.0,1.0,0.0,0.0,2.0,0.0,0.0,0.0,0.13,0.0,0.0,0.0,0.0,,666:00,0.0,0.0,0.0,,,,,,,,,,,,,,,,,0.542718217654275,1.1559837077191546,0.768255868582046,-0.09182590804217995,-0.4341992969394796,-0.09345386270319955,1.9738321790788809,35,76
nac,North Atlantic Conference (NAC),2025-26,wsoc,Lesley,Milana Rosazza,0,,10,20,10,0.0,0.0,22.0,41.0,9.0,1.0,4.0,0.0,0.0,2.05,1.1,0.45,0.2,0.05,18.0,0.0,0.0,0.0,1.0,1.0,1.0,0.05,1.0,0.0,0.0,0.0,0.05,0.0,0.0,0.0,0.0,,797:00,0.0,0.0,0.0,,,,,,,,,,,,,,,,,0.915836992291589,-0.02036975696421414,0.768255868582046,2.067457570290999,-0.4341992969394796,-0.09345386270319955,1.955360224104473,36,76
nac,North Atlantic Conference (NAC),2025-26,wsoc,SUNY Cobleskill,"Bryant, Kayleigh",0,,31,11,10,0.0,0.0,4.0,6.0,9.0,3.0,3.0,0.0,0.0,0.55,0.36,0.82,0.273,0.273,1.0,1.0,0.0,0.0,1.0,3.0,0.0,0.0,7.0,0.0,0.0,0.0,0.64,0.0,0.0,0.0,0.0,,877:00,0.0,0.0,0.0,,,,,,,,,,,,,,,,,0.542718217654275,1.1559837077191546,0.768255868582046,-0.2188425832382493,-0.4341992969394796,-0.09345386270319955,1.948428844039667,37,76
nac,North Atlantic Conference (NAC),2025-26,wsoc,Maine Maritime,Charlotte Manes,0,,13,17,16,0.0,0.0,16.0,28.0,9.0,1.0,4.0,0.0,0.0,1.65,0.94,0.53,0.235,0.059,12.0,0.0,0.0,0.0,1.0,1.0,1.0,0.059,11.0,0.0,0.0,0.0,0.65,0.0,0.0,0.0,0.0,,1318:00,0.0,0.0,0.0,,,,,,,,,,,,,,,,,0.915836992291589,-0.02036975696421414,0.768255868582046,1.305357519114583,-0.4341992969394796,-0.09345386270319955,1.8029402138691897,38,75
nac,North Atlantic Conference (NAC),2025-26,wsoc,SUNY Cobleskill,"Carney, Jessica",0,,20,12,12,0.0,0.0,12.0,25.0,10.0,0.0,5.0,0.0,0.0,2.08,1.0,0.83,0.417,0.0,7.0,1.0,0.0,0.0,0.0,2.0,0.0,0.0,6.0,0.0,0.0,0.0,0.5,0.0,0.0,0.0,0.0,,971:00,0.0,0.0,0.0,,,,,,,,,,,,,,,,,1.2889557669289031,-0.6085464893058985,0.925864310538043,0.7972908183303055,-0.4341992969394796,-0.09345386270319955,1.773047845079667,39,75
nac,North Atlantic Conference (NAC),2025-26,wsoc,SUNY Delhi,"Myers, Shaniyah",0,,9,12,12,0.0,0.0,23.0,36.0,9.0,1.0,4.0,0.0,0.0,3.0,1.92,0.75,0.333,0.083,19.0,0.0,0.0,0.0,1.0,0.0,1.0,0.083,8.0,0.0,1.0,0.0,0.67,0.08,0.0,0.0,0.0,,828:00,0.0,0.0,0.0,,,,,,,,,,,,,,,,,0.915836992291589,-0.02036975696421414,0.768255868582046,2.1944742454870685,1.2658013402303472,-0.09345386270319955,1.7257634635682126,40,75
nac,North Atlantic Conference (NAC),2025-26,wsoc,SUNY Delhi,"Leach, Kailey",0,,28,17,15,0.0,0.0,6.0,15.0,8.0,4.0,2.0,1.0,0.0,0.88,0.35,0.47,0.118,0.235,4.0,0.0,0.0,0.0,2.0,0.0,0.0,0.0,8.0,0.0,1.0,0.0,0.47,0.06,0.0,0.0,0.0,,760:00,0.0,0.0,0.0,,,,,,,,,,,,,,,,,0.16959944301696095,1.744160440060839,0.610647426626049,0.03519076715388939,1.2658013402303472,-0.09345386270319955,1.6725144471752882,41,75
nac,North Atlantic Conference (NAC),2025-26,wsoc,SUNY Delhi,"Battista, Ava",0,,14,15,11,0.0,0.0,7.0,25.0,8.0,2.0,3.0,0.0,0.0,1.67,0.47,0.53,0.2,0.133,4.0,0.0,0.0,0.0,0.0,1.0,1.0,0.067,4.0,0.0,1.0,0.0,0.27,0.07,0.0,0.0,0.0,,690:00,0.0,0.0,0.0,,,,,,,,,,,,,,,,,0.542718217654275,0.5678069753774702,0.610647426626049,0.16220744234995874,1.2658013402303472,-0.09345386270319955,1.2475891315734577,42,74
nac,North Atlantic Conference (NAC),2025-26,wsoc,Maine Maritime,Tarin Barrett,0,,20,18,18,0.0,0.0,2.0,5.0,6.0,4.0,1.0,0.0,0.0,0.28,0.11,0.33,0.056,0.222,1.0,0.0,0.0,0.0,0.0,1.0,0.0,0.0,1.0,0.0,0.0,0.0,0.06,0.0,0.0,0.0,0.0,,1430:00,0.0,0.0,0.0,,,,,,,,,,,,,,,,,-0.2035193316203531,1.744160440060839,0.295430542714055,-0.472875933630388,-0.4341992969394796,-0.09345386270319955,1.2321306092181967,43,74
nac,North Atlantic Conference (NAC),2025-26,wsoc,SUNY Delhi,"Thorbourne, Madison",0,,11,15,12,0.0,0.0,13.0,22.0,8.0,2.0,3.0,0.0,0.0,1.47,0.87,0.53,0.2,0.133,10.0,1.0,0.0,0.0,0.0,1.0,1.0,0.067,10.0,0.0,2.0,0.0,0.67,0.13,0.0,0.0,0.0,,749:00,0.0,0.0,0.0,,,,,,,,,,,,,,,,,0.542718217654275,0.5678069753774702,0.610647426626049,0.9243074935263748,2.9658019774001745,-0.09345386270319955,1.145009046233267,44,74
nac,North Atlantic Conference (NAC),2025-26,wsoc,Lesley,De la rosa Marissa,0,,28,11,7,0.0,0.0,10.0,14.0,8.0,0.0,4.0,0.0,0.0,1.27,0.91,0.73,0.364,0.0,6.0,0.0,0.0,0.0,2.0,2.0,2.0,0.182,2.0,0.0,0.0,0.0,0.18,0.0,0.0,0.0,0.0,,384:00,0.0,0.0,0.0,,,,,,,,,,,,,,,,,0.915836992291589,-0.6085464893058985,0.610647426626049,0.5432574679381668,-0.4341992969394796,-0.09345386270319955,1.1284705816255294,45,73
nac,North Atlantic Conference (NAC),2025-26,wsoc,VTSU Johnson,"Fairchild, Peyton",0,,17,16,16,0.0,0.0,14.0,16.0,6.0,2.0,2.0,0.0,0.0,1.0,0.88,0.38,0.125,0.125,12.0,0.0,0.0,0.0,0.0,2.0,0.0,0.0,3.0,0.0,0.0,0.0,0.19,0.0,0.0,0.0,0.0,,1457:00,0.0,0.0,0.0,,,,,,,,,,,,,,,,,0.16959944301696095,0.5678069753774702,0.295430542714055,1.0513241687224442,-0.4341992969394796,-0.09345386270319955,1.086641979047719,46,73
nac,North Atlantic Conference (NAC),2025-26,wsoc,Lesley,Gretel Davis,0,,15,17,5,0.0,0.0,10.0,24.0,7.0,1.0,3.0,0.0,0.0,1.41,0.59,0.41,0.176,0.059,7.0,0.0,0.0,0.0,0.0,2.0,0.0,0.0,1.0,0.0,0.0,0.0,0.06,0.0,0.0,0.0,0.0,,551:00,0.0,0.0,0.0,,,,,,,,,,,,,,,,,0.542718217654275,-0.02036975696421414,0.453038984670052,0.5432574679381668,-0.4341992969394796,-0.09345386270319955,1.0567496102581966,47,73
nac,North Atlantic Conference (NAC),2025-26,wsoc,Thomas,Breonna Dufrense,0,,10,18,18,0.0,0.0,9.0,13.0,7.0,1.0,3.0,0.0,0.0,0.72,0.5,0.39,0.167,0.056,6.0,0.0,0.0,0.0,0.0,1.0,0.0,0.0,15.0,0.0,0.0,0.0,0.83,0.0,0.0,0.0,0.0,,1373:00,0.0,0.0,0.0,,,,,,,,,,,,,,,,,0.542718217654275,-0.02036975696421414,0.453038984670052,0.4162407927420974,-0.4341992969394796,-0.09345386270319955,1.0313462752189828,48,73
nac,North Atlantic Conference (NAC),2025-26,wsoc,VTSU Johnson,"Eames, Ida",0,,16,16,13,0.0,0.0,9.0,15.0,6.0,2.0,2.0,0.0,0.0,0.94,0.56,0.38,0.125,0.125,7.0,0.0,0.0,0.0,0.0,1.0,0.0,0.0,12.0,0.0,0.0,0.0,0.75,0.0,0.0,0.0,0.0,,860:00,0.0,0.0,0.0,,,,,,,,,,,,,,,,,0.16959944301696095,0.5678069753774702,0.295430542714055,0.4162407927420974,-0.4341992969394796,-0.09345386270319955,0.9596253038516498,49,72
nac,North Atlantic Conference (NAC),2025-26,wsoc,Husson ,"Corletto, Marila",0,,14,14,9,0.0,0.0,6.0,14.0,7.0,1.0,3.0,1.0,1.0,1.0,0.43,0.5,0.214,0.071,3.0,0.0,0.0,0.0,0.0,2.0,0.0,0.0,2.0,0.0,0.0,0.0,0.14,0.0,0.0,0.0,0.0,,750:00,0.0,0.0,0.0,,,,,,,,,,,,,,,,,0.542718217654275,-0.02036975696421414,0.453038984670052,0.03519076715388939,-0.4341992969394796,-0.09345386270319955,0.9551362701013411,50,72
nac,North Atlantic Conference (NAC),2025-26,wsoc,Lesley,Rachel Weinzimer,0,,5,20,16,0.0,0.0,5.0,8.0,7.0,1.0,3.0,0.0,0.0,0.4,0.25,0.35,0.15,0.05,2.0,0.0,0.0,0.0,0.0,0.0,2.0,0.1,0.0,0.0,0.0,0.0,0.0,0.0,0.0,0.0,0.0,,1268:00,0.0,0.0,0.0,,,,,,,,,,,,,,,,,0.542718217654275,-0.02036975696421414,0.453038984670052,-0.09182590804217995,-0.4341992969394796,-0.09345386270319955,0.9297329350621273,51,72
nac,North Atlantic Conference (NAC),2025-26,wsoc,VTSU Johnson,"Fairweather, Anna",0,,14,15,14,0.0,0.0,9.0,18.0,5.0,3.0,1.0,0.0,0.0,1.2,0.6,0.33,0.067,0.2,8.0,0.0,0.0,0.0,0.0,1.0,0.0,0.0,11.0,0.0,0.0,0.0,0.73,0.0,0.0,0.0,0.0,,948:00,0.0,0.0,0.0,,,,,,,,,,,,,,,,,-0.2035193316203531,1.1559837077191546,0.13782210075805804,0.4162407927420974,-0.4341992969394796,-0.09345386270319955,0.887904332484317,52,71
nac,North Atlantic Conference (NAC),2025-26,wsoc,UMaine-Farmington,Kiley Meader,0,,6,19,19,0.0,0.0,7.0,10.0,5.0,3.0,1.0,0.0,0.0,0.53,0.37,0.26,0.053,0.158,6.0,0.0,0.0,0.0,1.0,0.0,0.0,0.0,2.0,0.0,0.0,0.0,0.11,0.0,0.0,0.0,0.0,,1283:00,0.0,0.0,0.0,,,,,,,,,,,,,,,,,-0.2035193316203531,1.1559837077191546,0.13782210075805804,0.16220744234995874,-0.4341992969394796,-0.09345386270319955,0.8370976624058892,53,71
nac,North Atlantic Conference (NAC),2025-26,wsoc,SUNY Delhi,"Canales, Melina",0,,8,17,11,0.0,0.0,7.0,11.0,8.0,0.0,4.0,0.0,0.0,0.65,0.41,0.47,0.235,0.0,3.0,1.0,0.0,0.0,1.0,1.0,1.0,0.059,8.0,0.0,1.0,0.0,0.47,0.06,0.0,0.0,0.0,,929:00,0.0,0.0,0.0,,,,,,,,,,,,,,,,,0.915836992291589,-0.6085464893058985,0.610647426626049,0.16220744234995874,1.2658013402303472,-0.09345386270319955,0.7972604809324138,54,71
nac,North Atlantic Conference (NAC),2025-26,wsoc,Husson ,"Irons, Eilidh",0,,2,16,2,0.0,0.0,5.0,12.0,5.0,3.0,1.0,0.0,0.0,0.75,0.31,0.31,0.063,0.188,4.0,0.0,0.0,0.0,0.0,0.0,0.0,0.0,7.0,0.0,0.0,0.0,0.44,0.0,0.0,0.0,0.0,,426:00,0.0,0.0,0.0,,,,,,,,,,,,,,,,,-0.2035193316203531,1.1559837077191546,0.13782210075805804,-0.09182590804217995,-0.4341992969394796,-0.09345386270319955,0.7862909923274615,55,71
nac,North Atlantic Conference (NAC),2025-26,wsoc,UMaine-Farmington,Peyton Gonya,0,,10,17,1,0.0,0.0,13.0,18.0,6.0,0.0,3.0,0.0,0.0,1.06,0.76,0.35,0.176,0.0,10.0,0.0,0.0,0.0,1.0,0.0,1.0,0.059,2.0,0.0,0.0,0.0,0.12,0.0,0.0,0.0,0.0,,544:00,0.0,0.0,0.0,,,,,,,,,,,,,,,,,0.542718217654275,-0.6085464893058985,0.295430542714055,0.9243074935263748,-0.4341992969394796,-0.09345386270319955,0.6109099933674613,56,70
nac,North Atlantic Conference (NAC),2025-26,wsoc,SUNY Delhi,"Cruz, Camelia",0,,29,17,14,0.0,0.0,11.0,17.0,6.0,2.0,2.0,0.0,0.0,1.0,0.65,0.35,0.118,0.118,9.0,0.0,0.0,0.0,1.0,2.0,0.0,0.0,18.0,0.0,2.0,0.0,1.06,0.12,0.0,0.0,0.0,,945:00,0.0,0.0,0.0,,,,,,,,,,,,,,,,,0.16959944301696095,0.5678069753774702,0.295430542714055,0.6702741431342361,2.9658019774001745,-0.09345386270319955,0.5004317827791295,57,70
nac,North Atlantic Conference (NAC),2025-26,wsoc,Maine Maritime,Lillyanna Ash,0,,17,11,10,0.0,0.0,10.0,15.0,5.0,1.0,2.0,0.0,0.0,1.36,0.91,0.45,0.182,0.091,8.0,0.0,0.0,0.0,0.0,1.0,0.0,0.0,6.0,0.0,0.0,0.0,0.55,0.0,0.0,0.0,0.0,,862:00,0.0,0.0,0.0,,,,,,,,,,,,,,,,,0.16959944301696095,-0.02036975696421414,0.13782210075805804,0.5432574679381668,-0.4341992969394796,-0.09345386270319955,0.4629790168824868,58,70
nac,North Atlantic Conference (NAC),2025-26,wsoc,Husson ,"Charles, Olivia",0,,12,8,4,0.0,0.0,8.0,18.0,6.0,0.0,3.0,0.0,0.0,2.25,1.0,0.75,0.375,0.0,5.0,0.0,0.0,0.0,0.0,0.0,0.0,0.0,6.0,0.0,0.0,0.0,0.75,0.0,0.0,0.0,0.0,,348:00,0.0,0.0,0.0,,,,,,,,,,,,,,,,,0.542718217654275,-0.6085464893058985,0.295430542714055,0.28922411754602806,-0.4341992969394796,-0.09345386270319955,0.3871146545371136,59,70
nac,North Atlantic Conference (NAC),2025-26,wsoc,UMaine-Presque Isle,"Doughty, Abby",0,,20,15,15,0.0,0.0,14.0,22.0,6.0,0.0,3.0,0.0,0.0,1.47,0.93,0.4,0.2,0.0,11.0,0.0,0.0,0.0,0.0,1.0,1.0,0.067,0.0,0.0,1.0,0.0,0.0,0.07,0.0,0.0,0.0,,1085:00,0.0,0.0,0.0,,,,,,,,,,,,,,,,,0.542718217654275,-0.6085464893058985,0.295430542714055,1.0513241687224442,1.2658013402303472,-0.09345386270319955,0.38131323283120105,60,69
nac,North Atlantic Conference (NAC),2025-26,wsoc,Maine Maritime,Megan Dorr,0,,15,18,0,0.0,0.0,5.0,13.0,5.0,1.0,2.0,0.0,0.0,0.72,0.28,0.28,0.111,0.056,3.0,0.0,0.0,0.0,0.0,1.0,0.0,0.0,2.0,0.0,0.0,0.0,0.11,0.0,0.0,0.0,0.0,,459:00,0.0,0.0,0.0,,,,,,,,,,,,,,,,,0.16959944301696095,-0.02036975696421414,0.13782210075805804,-0.09182590804217995,-0.4341992969394796,-0.09345386270319955,0.3359623416864175,61,69
nac,North Atlantic Conference (NAC),2025-26,wsoc,Lesley,Ella Stanley,0,,8,19,3,0.0,0.0,4.0,7.0,5.0,1.0,2.0,0.0,0.0,0.37,0.21,0.26,0.105,0.053,2.0,0.0,0.0,0.0,0.0,0.0,0.0,0.0,3.0,0.0,0.0,0.0,0.16,0.0,0.0,0.0,0.0,,840:00,0.0,0.0,0.0,,,,,,,,,,,,,,,,,0.16959944301696095,-0.02036975696421414,0.13782210075805804,-0.2188425832382493,-0.4341992969394796,-0.09345386270319955,0.3105590066472036,62,69
nac,North Atlantic Conference (NAC),2025-26,wsoc,Thomas,Taylor Krawiecki,0,,25,19,1,0.0,0.0,3.0,8.0,5.0,1.0,2.0,0.0,0.0,0.42,0.16,0.26,0.105,0.053,1.0,0.0,0.0,0.0,0.0,1.0,0.0,0.0,0.0,0.0,0.0,0.0,0.0,0.0,0.0,0.0,0.0,,519:00,0.0,0.0,0.0,,,,,,,,,,,,,,,,,0.16959944301696095,-0.02036975696421414,0.13782210075805804,-0.34585925843431864,-0.4341992969394796,-0.09345386270319955,0.2851556716079897,63,69
nac,North Atlantic Conference (NAC),2025-26,wsoc,Husson ,"Flint, Evie",0,,10,13,2,0.0,0.0,5.0,7.0,4.0,2.0,1.0,0.0,0.0,0.54,0.38,0.31,0.077,0.154,4.0,0.0,0.0,0.0,0.0,0.0,0.0,0.0,0.0,0.0,0.0,0.0,0.0,0.0,0.0,0.0,0.0,,298:00,0.0,0.0,0.0,,,,,,,,,,,,,,,,,-0.2035193316203531,0.5678069753774702,-0.01978634119793896,-0.09182590804217995,-0.4341992969394796,-0.09345386270319955,0.2642413703190845,64,68
nac,North Atlantic Conference (NAC),2025-26,wsoc,Lesley,Jenna Chlapowski,0,,18,14,3,0.0,0.0,5.0,10.0,4.0,2.0,1.0,0.0,0.0,0.71,0.36,0.29,0.071,0.143,4.0,0.0,0.0,0.0,0.0,0.0,0.0,0.0,1.0,0.0,0.0,0.0,0.07,0.0,0.0,0.0,0.0,,520:00,0.0,0.0,0.0,,,,,,,,,,,,,,,,,-0.2035193316203531,0.5678069753774702,-0.01978634119793896,-0.09182590804217995,-0.4341992969394796,-0.09345386270319955,0.2642413703190845,65,68
nac,North Atlantic Conference (NAC),2025-26,wsoc,Maine Maritime,Rebecca Simmons,0,,5,9,1,0.0,0.0,3.0,3.0,5.0,1.0,2.0,0.0,0.0,0.33,0.33,0.56,0.222,0.111,1.0,0.0,0.0,0.0,0.0,1.0,0.0,0.0,0.0,0.0,0.0,0.0,0.0,0.0,0.0,0.0,0.0,,284:00,0.0,0.0,0.0,,,,,,,,,,,,,,,,,0.16959944301696095,-0.02036975696421414,0.13782210075805804,-0.34585925843431864,-0.4341992969394796,-0.09345386270319955,0.25664010444719076,66,68
nac,North Atlantic Conference (NAC),2025-26,wsoc,Husson ,"Freston, Kennedy",0,,15,6,0,0.0,0.0,5.0,7.0,6.0,0.0,3.0,0.0,0.0,1.17,0.83,1.0,0.5,0.0,2.0,0.0,0.0,0.0,0.0,1.0,0.0,0.0,2.0,0.0,0.0,0.0,0.33,0.0,0.0,0.0,0.0,,139:00,0.0,0.0,0.0,,,,,,,,,,,,,,,,,0.542718217654275,-0.6085464893058985,0.295430542714055,-0.09182590804217995,-0.4341992969394796,-0.09345386270319955,0.2446099878322502,67,68
nac,North Atlantic Conference (NAC),2025-26,wsoc,SUNY Delhi,"Schmidt, Riley",0,,10,17,17,0.0,0.0,4.0,9.0,4.0,2.0,1.0,0.0,0.0,0.53,0.24,0.24,0.059,0.118,3.0,0.0,0.0,0.0,0.0,1.0,0.0,0.0,5.0,0.0,0.0,0.0,0.29,0.0,0.0,0.0,0.0,,1381:00,0.0,0.0,0.0,,,,,,,,,,,,,,,,,-0.2035193316203531,0.5678069753774702,-0.01978634119793896,-0.2188425832382493,-0.4341992969394796,-0.09345386270319955,0.23883803527987063,68,67
nac,North Atlantic Conference (NAC),2025-26,wsoc,Thomas,"McIntyre, Kathryn",0,,29,11,11,0.0,0.0,4.0,7.0,4.0,2.0,1.0,0.0,0.0,0.64,0.36,0.36,0.091,0.182,3.0,0.0,0.0,0.0,0.0,1.0,0.0,0.0,2.0,0.0,0.0,0.0,0.18,0.0,0.0,0.0,0.0,,571:00,0.0,0.0,0.0,,,,,,,,,,,,,,,,,-0.2035193316203531,0.5678069753774702,-0.01978634119793896,-0.2188425832382493,-0.4341992969394796,-0.09345386270319955,0.23883803527987063,69,67
nac,North Atlantic Conference (NAC),2025-26,wsoc,Lesley,Meriel Wordell,0,,24,6,1,0.0,0.0,6.0,15.0,5.0,1.0,2.0,0.0,0.0,2.5,1.0,0.83,0.333,0.167,4.0,0.0,0.0,0.0,0.0,1.0,0.0,0.0,0.0,0.0,0.0,0.0,0.0,0.0,0.0,0.0,0.0,,153:00,0.0,0.0,0.0,,,,,,,,,,,,,,,,,0.16959944301696095,-0.02036975696421414,0.13782210075805804,0.03519076715388939,-0.4341992969394796,-0.09345386270319955,0.2168194060353788,70,67
nac,North Atlantic Conference (NAC),2025-26,wsoc,Husson ,"Donahue, Kendra",0,,17,16,7,0.0,0.0,2.0,4.0,4.0,2.0,1.0,0.0,0.0,0.25,0.13,0.25,0.063,0.125,1.0,0.0,0.0,0.0,0.0,0.0,0.0,0.0,6.0,0.0,0.0,0.0,0.38,0.0,0.0,0.0,0.0,,669:00,0.0,0.0,0.0,,,,,,,,,,,,,,,,,-0.2035193316203531,0.5678069753774702,-0.01978634119793896,-0.472875933630388,-0.4341992969394796,-0.09345386270319955,0.18803136520144287,71,67
nac,North Atlantic Conference (NAC),2025-26,wsoc,UMaine-Presque Isle,"Chartier, Hannah",0,,15,0,0,0.0,0.0,0.0,0.0,0.0,0.0,0.0,0.0,0.0,0.0,0.0,0.0,0.0,0.0,0.0,0.0,0.0,0.0,0.0,0.0,0.0,0.0,0.0,0.0,0.0,0.0,0.0,0.0,0.0,0.0,0.0,,00:00,0.0,0.0,0.0,,,,,,,,,,,,,,,,,-0.5766381062576671,-0.6085464893058985,-0.650220109021927,-0.7269092840225266,-0.4341992969394796,-0.09345386270319955,-0.0,72,66
nac,North Atlantic Conference (NAC),2025-26,wsoc,Lesley,Danika Essigmann,0,,26,0,0,0.0,0.0,0.0,0.0,0.0,0.0,0.0,0.0,0.0,0.0,0.0,0.0,0.0,0.0,0.0,0.0,0.0,0.0,0.0,0.0,0.0,0.0,0.0,0.0,0.0,0.0,0.0,0.0,0.0,0.0,0.0,,00:00,0.0,0.0,0.0,,,,,,,,,,,,,,,,,-0.5766381062576671,-0.6085464893058985,-0.650220109021927,-0.7269092840225266,-0.4341992969394796,-0.09345386270319955,-0.0,73,66
nac,North Atlantic Conference (NAC),2025-26,wsoc,VTSU Lyndon,"Begay, Skylar",0,,21,0,0,0.0,0.0,0.0,0.0,0.0,0.0,0.0,0.0,0.0,0.0,0.0,0.0,0.0,0.0,0.0,0.0,0.0,0.0,0.0,0.0,0.0,0.0,0.0,0.0,0.0,0.0,0.0,0.0,0.0,0.0,0.0,,00:00,0.0,0.0,0.0,,,,,,,,,,,,,,,,,-0.5766381062576671,-0.6085464893058985,-0.650220109021927,-0.7269092840225266,-0.4341992969394796,-0.09345386270319955,-0.0,74,66
nac,North Atlantic Conference (NAC),2025-26,wsoc,Thomas,Alyson Ellis,0,,19,0,0,0.0,0.0,0.0,0.0,0.0,0.0,0.0,0.0,0.0,0.0,0.0,0.0,0.0,0.0,0.0,0.0,0.0,0.0,0.0,0.0,0.0,0.0,0.0,0.0,0.0,0.0,0.0,0.0,0.0,0.0,0.0,,00:00,0.0,0.0,0.0,,,,,,,,,,,,,,,,,-0.5766381062576671,-0.6085464893058985,-0.650220109021927,-0.7269092840225266,-0.4341992969394796,-0.09345386270319955,-0.0,75,66
nac,North Atlantic Conference (NAC),2025-26,wsoc,VTSU Lyndon,"Walker, Haylee",0,,20,0,0,0.0,0.0,0.0,0.0,0.0,0.0,0.0,0.0,0.0,0.0,0.0,0.0,0.0,0.0,0.0,0.0,0.0,0.0,0.0,0.0,0.0,0.0,0.0,0.0,0.0,0.0,0.0,0.0,0.0,0.0,0.0,,00:00,0.0,0.0,0.0,,,,,,,,,,,,,,,,,-0.5766381062576671,-0.6085464893058985,-0.650220109021927,-0.7269092840225266,-0.4341992969394796,-0.09345386270319955,-0.0,76,66
nac,North Atlantic Conference (NAC),2025-26,wsoc,VTSU Lyndon,"Doolan, Morgan",0,,28,0,0,0.0,0.0,0.0,0.0,0.0,0.0,0.0,0.0,0.0,0.0,0.0,0.0,0.0,0.0,0.0,0.0,0.0,0.0,0.0,0.0,0.0,0.0,0.0,0.0,0.0,0.0,0.0,0.0,0.0,0.0,0.0,,00:00,0.0,0.0,0.0,,,,,,,,,,,,,,,,,-0.5766381062576671,-0.6085464893058985,-0.650220109021927,-0.7269092840225266,-0.4341992969394796,-0.09345386270319955,-0.0,77,65
nac,North Atlantic Conference (NAC),2025-26,wsoc,Thomas,Von oesen Jordan,0,,98,0,0,0.0,0.0,0.0,0.0,0.0,0.0,0.0,0.0,0.0,0.0,0.0,0.0,0.0,0.0,0.0,0.0,0.0,0.0,0.0,0.0,0.0,0.0,0.0,0.0,0.0,0.0,0.0,0.0,0.0,0.0,0.0,,00:00,0.0,0.0,0.0,,,,,,,,,,,,,,,,,-0.5766381062576671,-0.6085464893058985,-0.650220109021927,-0.7269092840225266,-0.4341992969394796,-0.09345386270319955,-0.0,78,65
nac,North Atlantic Conference (NAC),2025-26,wsoc,SUNY Cobleskill,"Vann, Kassie",0,,11,0,0,0.0,0.0,0.0,0.0,0.0,0.0,0.0,0.0,0.0,0.0,0.0,0.0,0.0,0.0,0.0,0.0,0.0,0.0,0.0,0.0,0.0,0.0,0.0,0.0,0.0,0.0,0.0,0.0,0.0,0.0,0.0,,00:00,0.0,0.0,0.0,,,,,,,,,,,,,,,,,-0.5766381062576671,-0.6085464893058985,-0.650220109021927,-0.7269092840225266,-0.4341992969394796,-0.09345386270319955,-0.0,79,65
nac,North Atlantic Conference (NAC),2025-26,wsoc,VTSU Lyndon,"Richardson, Megan",0,,11,0,0,0.0,0.0,0.0,0.0,0.0,0.0,0.0,0.0,0.0,0.0,0.0,0.0,0.0,0.0,0.0,0.0,0.0,0.0,0.0,0.0,0.0,0.0,0.0,0.0,0.0,0.0,0.0,0.0,0.0,0.0,0.0,,00:00,0.0,0.0,0.0,,,,,,,,,,,,,,,,,-0.5766381062576671,-0.6085464893058985,-0.650220109021927,-0.7269092840225266,-0.4341992969394796,-0.09345386270319955,-0.0,80,65
nac,North Atlantic Conference (NAC),2025-26,wsoc,Lesley,"Cardenas, Fernanda",0,,99,0,0,0.0,0.0,0.0,0.0,0.0,0.0,0.0,0.0,0.0,0.0,0.0,0.0,0.0,0.0,0.0,0.0,0.0,0.0,0.0,0.0,0.0,0.0,0.0,0.0,0.0,0.0,0.0,0.0,0.0,0.0,0.0,,00:00,0.0,0.0,0.0,,,,,,,,,,,,,,,,,-0.5766381062576671,-0.6085464893058985,-0.650220109021927,-0.7269092840225266,-0.4341992969394796,-0.09345386270319955,-0.0,81,64
nac,North Atlantic Conference (NAC),2025-26,wsoc,VTSU Johnson,"Bailey, Riley",0,,28,0,0,0.0,0.0,0.0,0.0,0.0,0.0,0.0,0.0,0.0,0.0,0.0,0.0,0.0,0.0,0.0,0.0,0.0,0.0,0.0,0.0,0.0,0.0,0.0,0.0,0.0,0.0,0.0,0.0,0.0,0.0,0.0,,00:00,0.0,0.0,0.0,,,,,,,,,,,,,,,,,-0.5766381062576671,-0.6085464893058985,-0.650220109021927,-0.7269092840225266,-0.4341992969394796,-0.09345386270319955,-0.0,82,64
nac,North Atlantic Conference (NAC),2025-26,wsoc,VTSU Johnson,"Root, Haley",0,,1,0,0,0.0,0.0,0.0,0.0,0.0,0.0,0.0,0.0,0.0,0.0,0.0,0.0,0.0,0.0,0.0,0.0,0.0,0.0,0.0,0.0,0.0,0.0,0.0,0.0,0.0,0.0,0.0,0.0,0.0,0.0,0.0,,00:00,0.0,0.0,0.0,,,,,,,,,,,,,,,,,-0.5766381062576671,-0.6085464893058985,-0.650220109021927,-0.7269092840225266,-0.4341992969394796,-0.09345386270319955,-0.0,83,64
nac,North Atlantic Conference (NAC),2025-26,wsoc,SUNY Delhi,"Beers, Macey",0,,6,0,0,0.0,0.0,0.0,0.0,0.0,0.0,0.0,0.0,0.0,0.0,0.0,0.0,0.0,0.0,0.0,0.0,0.0,0.0,0.0,0.0,0.0,0.0,0.0,0.0,0.0,0.0,0.0,0.0,0.0,0.0,0.0,,00:00,0.0,0.0,0.0,,,,,,,,,,,,,,,,,-0.5766381062576671,-0.6085464893058985,-0.650220109021927,-0.7269092840225266,-0.4341992969394796,-0.09345386270319955,-0.0,84,64
nac,North Atlantic Conference (NAC),2025-26,wsoc,UMaine-Presque Isle,"Suddy, Jenna",0,,98,0,0,0.0,0.0,0.0,0.0,0.0,0.0,0.0,0.0,0.0,0.0,0.0,0.0,0.0,0.0,0.0,0.0,0.0,0.0,0.0,0.0,0.0,0.0,0.0,0.0,0.0,0.0,0.0,0.0,0.0,0.0,0.0,,00:00,0.0,0.0,0.0,,,,,,,,,,,,,,,,,-0.5766381062576671,-0.6085464893058985,-0.650220109021927,-0.7269092840225266,-0.4341992969394796,-0.09345386270319955,-0.0,85,64
nac,North Atlantic Conference (NAC),2025-26,wsoc,UMaine-Presque Isle,"Fenderson, Adriana",0,,7,0,0,0.0,0.0,0.0,0.0,0.0,0.0,0.0,0.0,0.0,0.0,0.0,0.0,0.0,0.0,0.0,0.0,0.0,0.0,0.0,0.0,0.0,0.0,0.0,0.0,0.0,0.0,0.0,0.0,0.0,0.0,0.0,,00:00,0.0,0.0,0.0,,,,,,,,,,,,,,,,,-0.5766381062576671,-0.6085464893058985,-0.650220109021927,-0.7269092840225266,-0.4341992969394796,-0.09345386270319955,-0.0,86,63
nac,North Atlantic Conference (NAC),2025-26,wsoc,UMaine-Presque Isle,"Calvette, Kamryn",0,,3,0,0,0.0,0.0,0.0,0.0,0.0,0.0,0.0,0.0,0.0,0.0,0.0,0.0,0.0,0.0,0.0,0.0,0.0,0.0,0.0,0.0,0.0,0.0,0.0,0.0,0.0,0.0,0.0,0.0,0.0,0.0,0.0,,00:00,0.0,0.0,0.0,,,,,,,,,,,,,,,,,-0.5766381062576671,-0.6085464893058985,-0.650220109021927,-0.7269092840225266,-0.4341992969394796,-0.09345386270319955,-0.0,87,63
nac,North Atlantic Conference (NAC),2025-26,wsoc,Husson ,"Fadden, Aubrey",0,,0,0,0,0.0,0.0,0.0,0.0,0.0,0.0,0.0,0.0,0.0,0.0,0.0,0.0,0.0,0.0,0.0,0.0,0.0,0.0,0.0,0.0,0.0,0.0,0.0,0.0,0.0,0.0,0.0,0.0,0.0,0.0,0.0,,00:00,0.0,0.0,0.0,,,,,,,,,,,,,,,,,-0.5766381062576671,-0.6085464893058985,-0.650220109021927,-0.7269092840225266,-0.4341992969394796,-0.09345386270319955,-0.0,88,63
nac,North Atlantic Conference (NAC),2025-26,wsoc,Maine Maritime,"Scolaro, Annabella",0,,23,0,0,0.0,0.0,0.0,0.0,0.0,0.0,0.0,0.0,0.0,0.0,0.0,0.0,0.0,0.0,0.0,0.0,0.0,0.0,0.0,0.0,0.0,0.0,0.0,0.0,0.0,0.0,0.0,0.0,0.0,0.0,0.0,,00:00,0.0,0.0,0.0,,,,,,,,,,,,,,,,,-0.5766381062576671,-0.6085464893058985,-0.650220109021927,-0.7269092840225266,-0.4341992969394796,-0.09345386270319955,-0.0,89,63
nac,North Atlantic Conference (NAC),2025-26,wsoc,Maine Maritime,Delaney Ennis,0,,2,19,19,0.0,0.0,4.0,6.0,4.0,2.0,1.0,0.0,0.0,0.32,0.21,0.21,0.053,0.105,3.0,1.0,0.0,0.0,0.0,0.0,0.0,0.0,9.0,0.0,1.0,0.0,0.47,0.05,0.0,0.0,0.0,,1562:00,0.0,0.0,0.0,,,,,,,,,,,,,,,,,-0.2035193316203531,0.5678069753774702,-0.01978634119793896,-0.2188425832382493,1.2658013402303472,-0.09345386270319955,-0.016162060295603388,90,63
nac,North Atlantic Conference (NAC),2025-26,wsoc,UMaine-Presque Isle,"McCarthy, Ella",0,,2,15,15,0.0,0.0,12.0,19.0,3.0,1.0,1.0,1.0,1.0,1.27,0.8,0.2,0.067,0.067,11.0,0.0,0.0,0.0,0.0,1.0,0.0,0.0,11.0,0.0,0.0,0.0,0.73,0.0,0.0,0.0,0.0,,881:00,0.0,0.0,0.0,,,,,,,,,,,,,,,,,-0.2035193316203531,-0.02036975696421414,-0.17739478315393595,0.7972908183303055,-0.4341992969394796,-0.09345386270319955,-0.07998490641479525,91,62
nac,North Atlantic Conference (NAC),2025-26,wsoc,SUNY Delhi,"Williams, Grainne",0,,33,1,0,0.0,0.0,2.0,2.0,2.0,0.0,1.0,0.0,0.0,2.0,2.0,2.0,1.0,0.0,1.0,0.0,0.0,0.0,0.0,0.0,0.0,0.0,0.0,0.0,0.0,0.0,0.0,0.0,0.0,0.0,0.0,,46:00,0.0,0.0,0.0,,,,,,,,,,,,,,,,,-0.2035193316203531,-0.6085464893058985,-0.3350032251099329,-0.472875933630388,-0.4341992969394796,-0.09345386270319955,-0.08560678788153109,92,62
nac,North Atlantic Conference (NAC),2025-26,wsoc,VTSU Johnson,"Baranyay, Sadie",0,,5,16,0,0.0,0.0,8.0,14.0,4.0,0.0,2.0,0.0,0.0,0.88,0.5,0.25,0.125,0.0,6.0,0.0,0.0,0.0,1.0,1.0,0.0,0.0,7.0,0.0,0.0,0.0,0.44,0.0,0.0,0.0,0.0,,436:00,0.0,0.0,0.0,,,,,,,,,,,,,,,,,0.16959944301696095,-0.6085464893058985,-0.01978634119793896,0.28922411754602806,-0.4341992969394796,-0.09345386270319955,-0.10987727520431784,93,62
nac,North Atlantic Conference (NAC),2025-26,wsoc,Maine Maritime,Piper Baumgarten,0,,12,5,0,0.0,0.0,2.0,4.0,4.0,0.0,2.0,0.0,0.0,0.8,0.4,0.8,0.4,0.0,0.0,0.0,0.0,0.0,0.0,2.0,0.0,0.0,0.0,0.0,0.0,0.0,0.0,0.0,0.0,0.0,0.0,,128:00,0.0,0.0,0.0,,,,,,,,,,,,,,,,,0.16959944301696095,-0.6085464893058985,-0.01978634119793896,-0.472875933630388,-0.4341992969394796,-0.09345386270319955,-0.13114864271980053,94,62
nac,North Atlantic Conference (NAC),2025-26,wsoc,SUNY Delhi,"Foster, Eve",0,,1,1,0,0.0,0.0,0.0,0.0,0.0,0.0,0.0,0.0,0.0,0.0,0.0,0.0,0.0,0.0,0.0,0.0,0.0,0.0,0.0,0.0,0.0,0.0,0.0,0.0,0.0,0.0,0.0,0.0,0.0,0.0,0.0,,70:00,0.0,0.0,0.0,0.0,0.0,0.0,0.0,0.0,0.0,0.0,0.0,0.0,70:19,0.0,1.0,0.0,0.0,0.0,0.0,-0.5766381062576671,-0.6085464893058985,-0.650220109021927,-0.7269092840225266,-0.4341992969394796,-0.09345386270319955,-0.15006451422694486,95,62
nac,North Atlantic Conference (NAC),2025-26,wsoc,SUNY Delhi,"Allen, Abigial",0,,0,1,0,0.0,0.0,0.0,0.0,0.0,0.0,0.0,0.0,0.0,0.0,0.0,0.0,0.0,0.0,0.0,0.0,0.0,0.0,0.0,0.0,0.0,0.0,0.0,0.0,0.0,0.0,0.0,0.0,0.0,0.0,0.0,,23:00,0.0,0.0,0.0,,,,,,,,,,,,,,,,,-0.5766381062576671,-0.6085464893058985,-0.650220109021927,-0.7269092840225266,-0.4341992969394796,-0.09345386270319955,-0.15006451422694486,96,61
nac,North Atlantic Conference (NAC),2025-26,wsoc,UMaine-Farmington,Hailey Brewer,0,,25,1,0,0.0,0.0,0.0,0.0,0.0,0.0,0.0,0.0,0.0,0.0,0.0,0.0,0.0,0.0,0.0,0.0,0.0,0.0,0.0,0.0,0.0,0.0,0.0,0.0,0.0,0.0,0.0,0.0,0.0,0.0,0.0,,00:00,0.0,0.0,0.0,,,,,,,,,,,,,,,,,-0.5766381062576671,-0.6085464893058985,-0.650220109021927,-0.7269092840225266,-0.4341992969394796,-0.09345386270319955,-0.15006451422694486,97,61
nac,North Atlantic Conference (NAC),2025-26,wsoc,VTSU Lyndon,"Carter, Taliyah",0,,24,1,1,0.0,0.0,0.0,0.0,0.0,0.0,0.0,0.0,0.0,0.0,0.0,0.0,0.0,0.0,0.0,0.0,0.0,0.0,0.0,0.0,0.0,0.0,0.0,0.0,0.0,0.0,0.0,0.0,0.0,0.0,0.0,,90:00,0.0,0.0,0.0,,,,,,,,,,,,,,,,,-0.5766381062576671,-0.6085464893058985,-0.650220109021927,-0.7269092840225266,-0.4341992969394796,-0.09345386270319955,-0.15006451422694486,98,61
nac,North Atlantic Conference (NAC),2025-26,wsoc,VTSU Lyndon,Honey Beskin,0,,11,1,1,0.0,0.0,0.0,0.0,0.0,0.0,0.0,0.0,0.0,0.0,0.0,0.0,0.0,0.0,0.0,0.0,0.0,0.0,0.0,0.0,0.0,0.0,0.0,0.0,0.0,0.0,0.0,0.0,0.0,0.0,0.0,,88:00,0.0,0.0,0.0,,,,,,,,,,,,,,,,,-0.5766381062576671,-0.6085464893058985,-0.650220109021927,-0.7269092840225266,-0.4341992969394796,-0.09345386270319955,-0.15006451422694486,99,61
nac,North Atlantic Conference (NAC),2025-26,wsoc,VTSU Lyndon,"Huntington, Ella",0,,18,1,1,0.0,0.0,0.0,0.0,0.0,0.0,0.0,0.0,0.0,0.0,0.0,0.0,0.0,0.0,0.0,0.0,0.0,0.0,0.0,0.0,0.0,0.0,0.0,0.0,0.0,0.0,0.0,0.0,0.0,0.0,0.0,,90:00,0.0,0.0,0.0,,,,,,,,,,,,,,,,,-0.5766381062576671,-0.6085464893058985,-0.650220109021927,-0.7269092840225266,-0.4341992969394796,-0.09345386270319955,-0.15006451422694486,100,61
nac,North Atlantic Conference (NAC),2025-26,wsoc,VTSU Lyndon,"Clegg, Nei'Shae",0,,15,1,1,0.0,0.0,0.0,0.0,0.0,0.0,0.0,0.0,0.0,0.0,0.0,0.0,0.0,0.0,0.0,0.0,0.0,0.0,0.0,0.0,0.0,0.0,0.0,0.0,0.0,0.0,0.0,0.0,0.0,0.0,0.0,,90:00,0.0,0.0,0.0,,,,,,,,,,,,,,,,,-0.5766381062576671,-0.6085464893058985,-0.650220109021927,-0.7269092840225266,-0.4341992969394796,-0.09345386270319955,-0.15006451422694486,101,60
nac,North Atlantic Conference (NAC),2025-26,wsoc,Thomas,Katy McIntyre,0,,29,1,1,0.0,0.0,-1.0,0.0,0.0,0.0,0.0,0.0,0.0,0.0,-1.0,0.0,0.0,0.0,-1.0,0.0,0.0,0.0,0.0,0.0,0.0,0.0,0.0,0.0,0.0,0.0,0.0,0.0,0.0,0.0,0.0,,72:00,1.0,0.0,0.0,,,,,,,,,,,,,,,,,-0.5766381062576671,-0.6085464893058985,-0.650220109021927,-0.853925959218596,-0.4341992969394796,-0.09345386270319955,-0.15260484773086624,102,60
nac,North Atlantic Conference (NAC),2025-26,wsoc,SUNY Cobleskill,"Downey, Gabby",0,,15,11,11,0.0,0.0,9.0,13.0,3.0,1.0,1.0,0.0,0.0,1.18,0.82,0.27,0.091,0.091,8.0,0.0,0.0,0.0,1.0,0.0,1.0,0.091,13.0,0.0,0.0,0.0,1.18,0.0,0.0,0.0,0.0,,778:00,0.0,0.0,0.0,,,,,,,,,,,,,,,,,-0.2035193316203531,-0.02036975696421414,-0.17739478315393595,0.4162407927420974,-0.4341992969394796,-0.09345386270319955,-0.15619491153243686,103,60
nac,North Atlantic Conference (NAC),2025-26,wsoc,Thomas,Yaribel Pena,0,,14,9,7,0.0,0.0,5.0,7.0,4.0,0.0,2.0,0.0,0.0,0.78,0.56,0.44,0.222,0.0,3.0,0.0,0.0,0.0,0.0,0.0,0.0,0.0,6.0,0.0,0.0,0.0,0.67,0.0,0.0,0.0,0.0,,528:00,0.0,0.0,0.0,,,,,,,,,,,,,,,,,0.16959944301696095,-0.6085464893058985,-0.01978634119793896,-0.09182590804217995,-0.4341992969394796,-0.09345386270319955,-0.1674785522897635,104,60
nac,North Atlantic Conference (NAC),2025-26,wsoc,SUNY Delhi,"Britsch, Ava",0,,7,17,17,0.0,0.0,8.0,8.0,4.0,2.0,1.0,0.0,0.0,0.47,0.47,0.24,0.059,0.118,7.0,0.0,0.0,0.0,0.0,0.0,0.0,0.0,1.0,0.0,2.0,0.0,0.06,0.12,0.0,0.0,0.0,,1394:00,0.0,0.0,0.0,,,,,,,,,,,,,,,,,-0.2035193316203531,0.5678069753774702,-0.01978634119793896,0.28922411754602806,2.9658019774001745,-0.09345386270319955,-0.16954881571422198,105,60
nac,North Atlantic Conference (NAC),2025-26,wsoc,VTSU Lyndon,"Fitih, Victoria",0,,9,1,1,0.0,0.0,0.0,0.0,0.0,0.0,0.0,0.0,0.0,0.0,0.0,0.0,0.0,0.0,0.0,0.0,0.0,0.0,0.0,0.0,0.0,0.0,0.0,0.0,1.0,0.0,0.0,1.0,0.0,0.0,0.0,,90:00,0.0,0.0,0.0,,,,,,,,,,,,,,,,,-0.5766381062576671,-0.6085464893058985,-0.650220109021927,-0.7269092840225266,1.2658013402303472,-0.09345386270319955,-0.17556452378449228,106,59
nac,North Atlantic Conference (NAC),2025-26,wsoc,SUNY Cobleskill,"Kidder, Sarah",0,,32,1,0,0.0,0.0,0.0,0.0,0.0,0.0,0.0,0.0,0.0,0.0,0.0,0.0,0.0,0.0,0.0,0.0,0.0,0.0,0.0,0.0,0.0,0.0,1.0,0.0,1.0,0.0,1.0,1.0,0.0,0.0,0.0,,26:00,0.0,0.0,0.0,,,,,,,,,,,,,,,,,-0.5766381062576671,-0.6085464893058985,-0.650220109021927,-0.7269092840225266,1.2658013402303472,-0.09345386270319955,-0.17556452378449228,107,59
nac,North Atlantic Conference (NAC),2025-26,wsoc,UMaine-Farmington,Jenna Lee,0,,12,7,7,0.0,0.0,5.0,6.0,3.0,1.0,1.0,0.0,0.0,0.86,0.71,0.43,0.143,0.143,4.0,0.0,0.0,0.0,0.0,1.0,0.0,0.0,0.0,0.0,0.0,0.0,0.0,0.0,0.0,0.0,0.0,,294:00,0.0,0.0,0.0,,,,,,,,,,,,,,,,,-0.2035193316203531,-0.02036975696421414,-0.17739478315393595,-0.09182590804217995,-0.4341992969394796,-0.09345386270319955,-0.18046577618250462,108,59
nac,North Atlantic Conference (NAC),2025-26,wsoc,SUNY Delhi,"Maison, Delaney",0,,15,16,7,0.0,0.0,8.0,12.0,3.0,1.0,1.0,0.0,0.0,0.75,0.5,0.19,0.063,0.063,7.0,0.0,0.0,0.0,0.0,0.0,0.0,0.0,3.0,0.0,0.0,0.0,0.19,0.0,0.0,0.0,0.0,,672:00,0.0,0.0,0.0,,,,,,,,,,,,,,,,,-0.2035193316203531,-0.02036975696421414,-0.17739478315393595,0.28922411754602806,-0.4341992969394796,-0.09345386270319955,-0.18159824657165075,109,59
nac,North Atlantic Conference (NAC),2025-26,wsoc,Thomas,Bailea Haines,0,,22,16,0,0.0,0.0,7.0,11.0,3.0,1.0,1.0,0.0,0.0,0.69,0.44,0.19,0.063,0.063,6.0,0.0,0.0,0.0,0.0,0.0,0.0,0.0,4.0,0.0,0.0,0.0,0.25,0.0,0.0,0.0,0.0,,514:00,0.0,0.0,0.0,,,,,,,,,,,,,,,,,-0.2035193316203531,-0.02036975696421414,-0.17739478315393595,0.16220744234995874,-0.4341992969394796,-0.09345386270319955,-0.20700158161086463,110,59
nac,North Atlantic Conference (NAC),2025-26,wsoc,UMaine-Farmington,Sadie Pierce,0,,2,16,2,0.0,0.0,6.0,12.0,3.0,1.0,1.0,0.0,0.0,0.75,0.38,0.19,0.063,0.063,5.0,0.0,0.0,0.0,0.0,0.0,0.0,0.0,1.0,0.0,0.0,0.0,0.06,0.0,0.0,0.0,0.0,,485:00,0.0,0.0,0.0,,,,,,,,,,,,,,,,,-0.2035193316203531,-0.02036975696421414,-0.17739478315393595,0.03519076715388939,-0.4341992969394796,-0.09345386270319955,-0.23240491665007845,111,58
nac,North Atlantic Conference (NAC),2025-26,wsoc,VTSU Johnson,"Fenyus, Leighton",0,,11,16,2,0.0,0.0,5.0,8.0,3.0,1.0,1.0,0.0,0.0,0.5,0.31,0.19,0.063,0.063,4.0,0.0,0.0,0.0,0.0,1.0,0.0,0.0,4.0,0.0,0.0,0.0,0.25,0.0,0.0,0.0,0.0,,724:00,0.0,0.0,0.0,,,,,,,,,,,,,,,,,-0.2035193316203531,-0.02036975696421414,-0.17739478315393595,-0.09182590804217995,-0.4341992969394796,-0.09345386270319955,-0.25780825168929233,112,58
nac,North Atlantic Conference (NAC),2025-26,wsoc,Lesley,Maddy Duskocy,0,,4,20,17,0.0,0.0,5.0,11.0,3.0,1.0,1.0,0.0,0.0,0.55,0.25,0.15,0.05,0.05,4.0,0.0,0.0,0.0,0.0,0.0,0.0,0.0,3.0,0.0,0.0,0.0,0.15,0.0,0.0,0.0,0.0,,1545:00,0.0,0.0,0.0,,,,,,,,,,,,,,,,,-0.2035193316203531,-0.02036975696421414,-0.17739478315393595,-0.09182590804217995,-0.4341992969394796,-0.09345386270319955,-0.25780825168929233,113,58
nac,North Atlantic Conference (NAC),2025-26,wsoc,Husson ,"Nault, Caley",0,,23,18,15,0.0,0.0,5.0,8.0,3.0,1.0,1.0,1.0,0.0,0.44,0.28,0.17,0.056,0.056,4.0,0.0,0.0,0.0,0.0,1.0,0.0,0.0,7.0,0.0,0.0,0.0,0.39,0.0,0.0,0.0,0.0,,1232:00,0.0,0.0,0.0,,,,,,,,,,,,,,,,,-0.2035193316203531,-0.02036975696421414,-0.17739478315393595,-0.09182590804217995,-0.4341992969394796,-0.09345386270319955,-0.25780825168929233,114,58
nac,North Atlantic Conference (NAC),2025-26,wsoc,Husson ,"Jones, Kaitlyn",0,,22,7,1,0.0,0.0,3.0,7.0,2.0,2.0,0.0,0.0,0.0,1.0,0.43,0.29,0.0,0.286,3.0,0.0,0.0,0.0,0.0,0.0,0.0,0.0,1.0,0.0,0.0,0.0,0.14,0.0,0.0,0.0,0.0,,131:00,0.0,0.0,0.0,,,,,,,,,,,,,,,,,-0.5766381062576671,0.5678069753774702,-0.3350032251099329,-0.34585925843431864,-0.4341992969394796,-0.09345386270319955,-0.26623512519453707,115,58
nac,North Atlantic Conference (NAC),2025-26,wsoc,Maine Maritime,Natalie Vargas,0,,1,6,0,0.0,0.0,0.0,0.0,2.0,2.0,0.0,0.0,0.0,0.0,0.0,0.33,0.0,0.333,0.0,0.0,0.0,0.0,0.0,0.0,0.0,0.0,0.0,0.0,0.0,0.0,0.0,0.0,0.0,0.0,0.0,,81:00,0.0,0.0,0.0,,,,,,,,,,,,,,,,,-0.5766381062576671,0.5678069753774702,-0.3350032251099329,-0.7269092840225266,-0.4341992969394796,-0.09345386270319955,-0.27392753895161676,116,58
nac,North Atlantic Conference (NAC),2025-26,wsoc,Husson ,"Martel, Laura",0,,8,19,8,0.0,0.0,4.0,8.0,3.0,1.0,1.0,0.0,0.0,0.42,0.21,0.16,0.053,0.053,3.0,0.0,0.0,0.0,0.0,0.0,0.0,0.0,4.0,0.0,0.0,0.0,0.21,0.0,0.0,0.0,0.0,,678:00,0.0,0.0,0.0,,,,,,,,,,,,,,,,,-0.2035193316203531,-0.02036975696421414,-0.17739478315393595,-0.2188425832382493,-0.4341992969394796,-0.09345386270319955,-0.2832115867285062,117,57
nac,North Atlantic Conference (NAC),2025-26,wsoc,Maine Maritime,Bella scolaro,0,,27,13,11,0.0,0.0,4.0,7.0,3.0,1.0,1.0,0.0,0.0,0.54,0.31,0.23,0.077,0.077,3.0,1.0,0.0,0.0,0.0,0.0,0.0,0.0,7.0,0.0,0.0,0.0,0.54,0.0,0.0,0.0,0.0,,812:00,0.0,0.0,0.0,,,,,,,,,,,,,,,,,-0.2035193316203531,-0.02036975696421414,-0.17739478315393595,-0.2188425832382493,-0.4341992969394796,-0.09345386270319955,-0.2832115867285062,118,57
nac,North Atlantic Conference (NAC),2025-26,wsoc,VTSU Johnson,"Verner, Grae",0,,0,2,0,0.0,0.0,0.0,0.0,0.0,0.0,0.0,0.0,0.0,0.0,0.0,0.0,0.0,0.0,0.0,0.0,0.0,0.0,0.0,0.0,0.0,0.0,0.0,0.0,0.0,0.0,0.0,0.0,0.0,0.0,0.0,,35:00,0.0,0.0,0.0,1.0,0.0,0.0,0.0,0.0,0.0,0.0,0.0,0.0,29:00,0.0,1.0,0.0,0.0,0.0,0.0,-0.5766381062576671,-0.6085464893058985,-0.650220109021927,-0.7269092840225266,-0.4341992969394796,-0.09345386270319955,-0.3001290284538897,119,57
nac,North Atlantic Conference (NAC),2025-26,wsoc,Thomas,"Ssenyondo, Baileigh",0,,30,2,0,0.0,0.0,0.0,0.0,0.0,0.0,0.0,0.0,0.0,0.0,0.0,0.0,0.0,0.0,0.0,0.0,0.0,0.0,0.0,0.0,0.0,0.0,0.0,0.0,0.0,0.0,0.0,0.0,0.0,0.0,0.0,,36:00,0.0,0.0,0.0,,,,,,,,,,,,,,,,,-0.5766381062576671,-0.6085464893058985,-0.650220109021927,-0.7269092840225266,-0.4341992969394796,-0.09345386270319955,-0.3001290284538897,120,57
nac,North Atlantic Conference (NAC),2025-26,wsoc,VTSU Lyndon,"Murphy, Chloe",0,,14,2,1,0.0,0.0,0.0,0.0,0.0,0.0,0.0,0.0,0.0,0.0,0.0,0.0,0.0,0.0,0.0,0.0,0.0,0.0,0.0,0.0,0.0,0.0,0.0,0.0,0.0,0.0,0.0,0.0,0.0,0.0,0.0,,122:00,0.0,0.0,0.0,,,,,,,,,,,,,,,,,-0.5766381062576671,-0.6085464893058985,-0.650220109021927,-0.7269092840225266,-0.4341992969394796,-0.09345386270319955,-0.3001290284538897,121,57
nac,North Atlantic Conference (NAC),2025-26,wsoc,Thomas,Ally Southwick,0,,13,19,14,0.0,0.0,3.0,6.0,3.0,1.0,1.0,0.0,0.0,0.32,0.16,0.16,0.053,0.053,2.0,0.0,0.0,0.0,1.0,0.0,0.0,0.0,8.0,0.0,0.0,0.0,0.42,0.0,0.0,0.0,0.0,,911:00,0.0,0.0,0.0,,,,,,,,,,,,,,,,,-0.2035193316203531,-0.02036975696421414,-0.17739478315393595,-0.34585925843431864,-0.4341992969394796,-0.09345386270319955,-0.3086149217677201,122,56
nac,North Atlantic Conference (NAC),2025-26,wsoc,Maine Maritime,Cora Brewster,0,,6,18,10,0.0,0.0,13.0,21.0,3.0,1.0,1.0,0.0,0.0,1.17,0.72,0.17,0.056,0.056,12.0,0.0,0.0,0.0,0.0,1.0,0.0,0.0,7.0,0.0,1.0,0.0,0.39,0.06,0.0,0.0,0.0,,819:00,0.0,0.0,0.0,,,,,,,,,,,,,,,,,-0.2035193316203531,-0.02036975696421414,-0.17739478315393595,0.9243074935263748,1.2658013402303472,-0.09345386270319955,-0.30958166695105543,123,56
nac,North Atlantic Conference (NAC),2025-26,wsoc,SUNY Delhi,"Meroni, Cayla",0,,12,12,2,0.0,0.0,2.0,6.0,3.0,1.0,1.0,0.0,0.0,0.5,0.17,0.25,0.083,0.083,1.0,0.0,0.0,0.0,0.0,0.0,0.0,0.0,6.0,0.0,0.0,0.0,0.5,0.0,0.0,0.0,0.0,,507:00,0.0,0.0,0.0,,,,,,,,,,,,,,,,,-0.2035193316203531,-0.02036975696421414,-0.17739478315393595,-0.472875933630388,-0.4341992969394796,-0.09345386270319955,-0.334018256806934,124,56
nac,North Atlantic Conference (NAC),2025-26,wsoc,UMaine-Presque Isle,"Landeen, Maggie",0,,5,15,10,0.0,0.0,2.0,3.0,3.0,1.0,1.0,0.0,0.0,0.2,0.13,0.2,0.067,0.067,1.0,0.0,0.0,0.0,0.0,0.0,0.0,0.0,0.0,0.0,0.0,0.0,0.0,0.0,0.0,0.0,0.0,,736:00,0.0,0.0,0.0,,,,,,,,,,,,,,,,,-0.2035193316203531,-0.02036975696421414,-0.17739478315393595,-0.472875933630388,-0.4341992969394796,-0.09345386270319955,-0.334018256806934,125,56
nac,North Atlantic Conference (NAC),2025-26,wsoc,Husson ,"Reed, Lyndsee",0,,7,16,12,0.0,0.0,7.0,11.0,4.0,0.0,2.0,1.0,0.0,0.69,0.44,0.25,0.125,0.0,5.0,0.0,0.0,0.0,1.0,0.0,0.0,0.0,14.0,0.0,1.0,0.0,0.88,0.06,0.0,0.0,0.0,,883:00,0.0,0.0,0.0,,,,,,,,,,,,,,,,,0.16959944301696095,-0.6085464893058985,-0.01978634119793896,0.16220744234995874,1.2658013402303472,-0.09345386270319955,-0.3902807058190057,126,56
nac,North Atlantic Conference (NAC),2025-26,wsoc,Maine Maritime,Caitlyn Lamb,0,,23,5,1,0.0,0.0,2.0,4.0,2.0,0.0,1.0,0.0,0.0,0.8,0.4,0.4,0.2,0.0,1.0,0.0,0.0,0.0,0.0,0.0,0.0,0.0,3.0,0.0,0.0,0.0,0.6,0.0,0.0,0.0,0.0,,214:00,0.0,0.0,0.0,,,,,,,,,,,,,,,,,-0.2035193316203531,-0.6085464893058985,-0.3350032251099329,-0.472875933630388,-0.4341992969394796,-0.09345386270319955,-0.42803393940765544,127,56
nac,North Atlantic Conference (NAC),2025-26,wsoc,Thomas,Mya Edgecomb,0,,24,19,19,0.0,0.0,1.0,2.0,2.0,2.0,0.0,0.0,0.0,0.11,0.05,0.11,0.0,0.105,1.0,0.0,0.0,0.0,0.0,0.0,0.0,0.0,3.0,0.0,0.0,0.0,0.16,0.0,0.0,0.0,0.0,,1122:00,0.0,0.0,0.0,,,,,,,,,,,,,,,,,-0.5766381062576671,0.5678069753774702,-0.3350032251099329,-0.5998926088264573,-0.4341992969394796,-0.09345386270319955,-0.43114256321348077,128,55
nac,North Atlantic Conference (NAC),2025-26,wsoc,VTSU Lyndon,"Mubarak, Hawa",0,,19,3,3,0.0,0.0,0.0,0.0,0.0,0.0,0.0,0.0,0.0,0.0,0.0,0.0,0.0,0.0,0.0,0.0,0.0,0.0,0.0,0.0,0.0,0.0,1.0,0.0,0.0,0.0,0.33,0.0,0.0,0.0,0.0,,251:00,0.0,0.0,0.0,,,,,,,,,,,,,,,,,-0.5766381062576671,-0.6085464893058985,-0.650220109021927,-0.7269092840225266,-0.4341992969394796,-0.09345386270319955,-0.4501935426808345,129,55
nac,North Atlantic Conference (NAC),2025-26,wsoc,VTSU Johnson,"Johnson, Sophia",0,,33,3,1,0.0,0.0,0.0,0.0,0.0,0.0,0.0,0.0,0.0,0.0,0.0,0.0,0.0,0.0,0.0,0.0,0.0,0.0,0.0,0.0,0.0,0.0,0.0,0.0,0.0,0.0,0.0,0.0,0.0,0.0,0.0,,151:00,0.0,0.0,0.0,13.0,0.0,0.0,1.0,1.0,1.0,0.0,9.0,0.0,152:30,1.0,3.0,0.0,1.0,0.333,3.0,-0.5766381062576671,-0.6085464893058985,-0.650220109021927,-0.7269092840225266,-0.4341992969394796,-0.09345386270319955,-0.4501935426808345,130,55
nac,North Atlantic Conference (NAC),2025-26,wsoc,Lesley,Chelsea McIntosh,0,,21,5,1,0.0,0.0,3.0,4.0,1.0,1.0,0.0,0.0,0.0,0.8,0.6,0.2,0.0,0.2,3.0,0.0,0.0,0.0,0.0,0.0,0.0,0.0,0.0,0.0,0.0,0.0,0.0,0.0,0.0,0.0,0.0,,134:00,0.0,0.0,0.0,,,,,,,,,,,,,,,,,-0.5766381062576671,-0.02036975696421414,-0.4926116670659299,-0.34585925843431864,-0.4341992969394796,-0.09345386270319955,-0.45119275757171495,131,55
nac,North Atlantic Conference (NAC),2025-26,wsoc,UMaine-Presque Isle,"Allen, Isabelle",0,,16,15,3,0.0,0.0,0.0,1.0,2.0,2.0,0.0,0.0,0.0,0.07,0.0,0.13,0.0,0.133,0.0,0.0,0.0,0.0,0.0,0.0,0.0,0.0,6.0,0.0,0.0,0.0,0.4,0.0,0.0,0.0,0.0,,652:00,0.0,0.0,0.0,,,,,,,,,,,,,,,,,-0.5766381062576671,0.5678069753774702,-0.3350032251099329,-0.7269092840225266,-0.4341992969394796,-0.09345386270319955,-0.45654589825269465,132,55
nac,North Atlantic Conference (NAC),2025-26,wsoc,SUNY Delhi,"Vorisek, Ayla",0,,20,17,17,0.0,0.0,7.0,23.0,3.0,1.0,1.0,0.0,0.0,1.35,0.41,0.18,0.059,0.059,6.0,0.0,0.0,0.0,0.0,0.0,0.0,0.0,21.0,0.0,1.0,0.0,1.24,0.06,0.0,0.0,0.0,,1405:00,0.0,0.0,0.0,,,,,,,,,,,,,,,,,-0.2035193316203531,-0.02036975696421414,-0.17739478315393595,0.16220744234995874,1.2658013402303472,-0.09345386270319955,-0.4620016771863386,133,55
nac,North Atlantic Conference (NAC),2025-26,wsoc,SUNY Cobleskill,"Rapley, Victoria",0,,7,6,1,0.0,0.0,3.0,4.0,2.0,0.0,1.0,0.0,0.0,0.67,0.5,0.33,0.167,0.0,2.0,0.0,0.0,0.0,0.0,1.0,0.0,0.0,1.0,0.0,0.0,0.0,0.17,0.0,0.0,0.0,0.0,,125:00,0.0,0.0,0.0,,,,,,,,,,,,,,,,,-0.2035193316203531,-0.6085464893058985,-0.3350032251099329,-0.34585925843431864,-0.4341992969394796,-0.09345386270319955,-0.49839872626565823,134,54
nac,North Atlantic Conference (NAC),2025-26,wsoc,VTSU Johnson,"Plant, Catherine",0,,22,16,16,0.0,0.0,5.0,7.0,3.0,1.0,1.0,0.0,0.0,0.44,0.31,0.19,0.063,0.063,4.0,0.0,0.0,0.0,0.0,0.0,0.0,0.0,4.0,0.0,1.0,0.0,0.25,0.06,0.0,0.0,0.0,,813:00,0.0,0.0,0.0,,,,,,,,,,,,,,,,,-0.2035193316203531,-0.02036975696421414,-0.17739478315393595,-0.09182590804217995,1.2658013402303472,-0.09345386270319955,-0.5128083472647664,135,54
nac,North Atlantic Conference (NAC),2025-26,wsoc,Thomas,Laurel Fribley,0,,3,19,16,0.0,0.0,7.0,19.0,2.0,2.0,0.0,0.0,0.0,1.0,0.37,0.11,0.0,0.105,7.0,0.0,0.0,0.0,0.0,0.0,0.0,0.0,4.0,0.0,1.0,0.0,0.21,0.05,0.0,0.0,0.0,,1025:00,0.0,0.0,0.0,,,,,,,,,,,,,,,,,-0.5766381062576671,0.5678069753774702,-0.3350032251099329,0.16220744234995874,1.2658013402303472,-0.09345386270319955,-0.5337226485536716,136,54
nac,North Atlantic Conference (NAC),2025-26,wsoc,Lesley,Charlotte Meixsell,0,,12,15,6,0.0,0.0,14.0,28.0,2.0,0.0,1.0,0.0,0.0,1.87,0.93,0.13,0.067,0.0,13.0,0.0,0.0,0.0,0.0,0.0,0.0,0.0,1.0,0.0,0.0,0.0,0.07,0.0,0.0,0.0,0.0,,600:00,0.0,0.0,0.0,,,,,,,,,,,,,,,,,-0.2035193316203531,-0.6085464893058985,-0.3350032251099329,1.0513241687224442,-0.4341992969394796,-0.09345386270319955,-0.5512278583447445,137,54
nac,North Atlantic Conference (NAC),2025-26,wsoc,Husson ,"Higgins, Madison",0,,19,19,11,0.0,0.0,3.0,3.0,3.0,1.0,1.0,0.0,0.0,0.16,0.16,0.16,0.053,0.053,2.0,0.0,0.0,0.0,0.0,1.0,0.0,0.0,5.0,0.0,1.0,0.0,0.26,0.05,0.0,0.0,0.0,,1020:00,0.0,0.0,0.0,,,,,,,,,,,,,,,,,-0.2035193316203531,-0.02036975696421414,-0.17739478315393595,-0.34585925843431864,1.2658013402303472,-0.09345386270319955,-0.5636150173431942,138,54
nac,North Atlantic Conference (NAC),2025-26,wsoc,VTSU Johnson,"Deschenes, Brianna",0,,6,4,0,0.0,0.0,0.0,0.0,0.0,0.0,0.0,0.0,0.0,0.0,0.0,0.0,0.0,0.0,0.0,0.0,0.0,0.0,0.0,0.0,0.0,0.0,0.0,0.0,0.0,0.0,0.0,0.0,0.0,0.0,0.0,,123:00,0.0,0.0,0.0,,,,,,,,,,,,,,,,,-0.5766381062576671,-0.6085464893058985,-0.650220109021927,-0.7269092840225266,-0.4341992969394796,-0.09345386270319955,-0.6002580569077794,139,54
nac,North Atlantic Conference (NAC),2025-26,wsoc,UMaine-Farmington,Kayla Lee,0,,22,4,1,0.0,0.0,0.0,0.0,0.0,0.0,0.0,0.0,0.0,0.0,0.0,0.0,0.0,0.0,0.0,0.0,0.0,0.0,0.0,0.0,0.0,0.0,0.0,0.0,0.0,0.0,0.0,0.0,0.0,0.0,0.0,,97:00,0.0,0.0,0.0,,,,,,,,,,,,,,,,,-0.5766381062576671,-0.6085464893058985,-0.650220109021927,-0.7269092840225266,-0.4341992969394796,-0.09345386270319955,-0.6002580569077794,140,53
nac,North Atlantic Conference (NAC),2025-26,wsoc,SUNY Delhi,"Schmid, Lauryn",0,,4,13,7,0.0,0.0,8.0,11.0,2.0,0.0,1.0,0.0,0.0,0.85,0.62,0.15,0.077,0.0,7.0,0.0,0.0,0.0,1.0,0.0,1.0,0.077,3.0,0.0,0.0,0.0,0.23,0.0,0.0,0.0,0.0,,587:00,0.0,0.0,0.0,,,,,,,,,,,,,,,,,-0.2035193316203531,-0.6085464893058985,-0.3350032251099329,0.28922411754602806,-0.4341992969394796,-0.09345386270319955,-0.7036478685800278,141,53
nac,North Atlantic Conference (NAC),2025-26,wsoc,UMaine-Farmington,Tiegan Eisenhaur,0,,16,8,1,0.0,0.0,1.0,2.0,2.0,0.0,1.0,0.0,0.0,0.25,0.13,0.25,0.125,0.0,0.0,0.0,0.0,0.0,0.0,0.0,0.0,0.0,2.0,0.0,0.0,0.0,0.25,0.0,0.0,0.0,0.0,,171:00,0.0,0.0,0.0,,,,,,,,,,,,,,,,,-0.2035193316203531,-0.6085464893058985,-0.3350032251099329,-0.5998926088264573,-0.4341992969394796,-0.09345386270319955,-0.70517697108362,142,53
nac,North Atlantic Conference (NAC),2025-26,wsoc,Lesley,Lily Wright,0,,9,15,3,0.0,0.0,9.0,18.0,1.0,1.0,0.0,0.0,0.0,1.2,0.6,0.07,0.0,0.067,9.0,0.0,0.0,0.0,0.0,0.0,0.0,0.0,0.0,0.0,0.0,0.0,0.0,0.0,0.0,0.0,0.0,,622:00,0.0,0.0,0.0,,,,,,,,,,,,,,,,,-0.5766381062576671,-0.02036975696421414,-0.4926116670659299,0.4162407927420974,-0.4341992969394796,-0.09345386270319955,-0.7499655049081466,143,53
nac,North Atlantic Conference (NAC),2025-26,wsoc,Thomas,Trinity Bean,0,,27,19,16,0.0,0.0,9.0,22.0,1.0,1.0,0.0,0.0,0.0,1.16,0.47,0.05,0.0,0.053,9.0,0.0,0.0,0.0,0.0,0.0,0.0,0.0,8.0,0.0,0.0,0.0,0.42,0.0,0.0,0.0,0.0,,1200:00,0.0,0.0,0.0,,,,,,,,,,,,,,,,,-0.5766381062576671,-0.02036975696421414,-0.4926116670659299,0.4162407927420974,-0.4341992969394796,-0.09345386270319955,-0.7499655049081466,144,53
nac,North Atlantic Conference (NAC),2025-26,wsoc,UMaine-Presque Isle,"Libby, Shelby",0,,17,5,0,0.0,0.0,0.0,0.0,0.0,0.0,0.0,0.0,0.0,0.0,0.0,0.0,0.0,0.0,0.0,0.0,0.0,0.0,0.0,0.0,0.0,0.0,0.0,0.0,0.0,0.0,0.0,0.0,0.0,0.0,0.0,,135:00,0.0,0.0,0.0,,,,,,,,,,,,,,,,,-0.5766381062576671,-0.6085464893058985,-0.650220109021927,-0.7269092840225266,-0.4341992969394796,-0.09345386270319955,-0.7503225711347242,145,53
nac,North Atlantic Conference (NAC),2025-26,wsoc,Lesley,Mikayla Voyer,0,,27,8,1,0.0,0.0,1.0,2.0,1.0,1.0,0.0,0.0,0.0,0.25,0.13,0.13,0.0,0.125,1.0,0.0,0.0,0.0,0.0,0.0,0.0,0.0,0.0,0.0,0.0,0.0,0.0,0.0,0.0,0.0,0.0,,165:00,0.0,0.0,0.0,,,,,,,,,,,,,,,,,-0.5766381062576671,-0.02036975696421414,-0.4926116670659299,-0.5998926088264573,-0.4341992969394796,-0.09345386270319955,-0.7625537481774862,146,52
nac,North Atlantic Conference (NAC),2025-26,wsoc,SUNY Cobleskill,"Siegel, Alexa",0,,12,12,12,0.0,0.0,5.0,10.0,2.0,0.0,1.0,0.0,0.0,0.83,0.42,0.17,0.083,0.0,4.0,1.0,0.0,0.0,0.0,1.0,0.0,0.0,8.0,0.0,0.0,0.0,0.67,0.0,0.0,0.0,0.0,,1026:00,0.0,0.0,0.0,,,,,,,,,,,,,,,,,-0.2035193316203531,-0.6085464893058985,-0.3350032251099329,-0.09182590804217995,-0.4341992969394796,-0.09345386270319955,-0.7798578736976693,147,52
nac,North Atlantic Conference (NAC),2025-26,wsoc,Maine Maritime,Mya Engberg,0,,4,20,14,0.0,0.0,5.0,11.0,2.0,0.0,1.0,0.0,0.0,0.55,0.25,0.1,0.05,0.0,4.0,0.0,0.0,0.0,0.0,1.0,0.0,0.0,9.0,0.0,0.0,0.0,0.45,0.0,0.0,0.0,0.0,,1271:00,0.0,0.0,0.0,,,,,,,,,,,,,,,,,-0.2035193316203531,-0.6085464893058985,-0.3350032251099329,-0.09182590804217995,-0.4341992969394796,-0.09345386270319955,-0.7798578736976693,148,52
nac,North Atlantic Conference (NAC),2025-26,wsoc,SUNY Cobleskill,"Gosselin, Dory",0,,30,12,12,0.0,0.0,5.0,11.0,2.0,0.0,1.0,0.0,0.0,0.92,0.42,0.17,0.083,0.0,4.0,0.0,0.0,0.0,0.0,0.0,0.0,0.0,1.0,0.0,0.0,0.0,0.08,0.0,0.0,0.0,0.0,,883:00,0.0,0.0,0.0,,,,,,,,,,,,,,,,,-0.2035193316203531,-0.6085464893058985,-0.3350032251099329,-0.09182590804217995,-0.4341992969394796,-0.09345386270319955,-0.7798578736976693,149,52
nac,North Atlantic Conference (NAC),2025-26,wsoc,VTSU Lyndon,"Benskin, Honey",0,,11,9,9,0.0,0.0,1.0,1.0,2.0,0.0,1.0,0.0,0.0,0.11,0.11,0.22,0.111,0.0,0.0,0.0,0.0,0.0,0.0,0.0,0.0,0.0,3.0,0.0,0.0,0.0,0.33,0.0,0.0,0.0,0.0,,760:00,0.0,0.0,0.0,,,,,,,,,,,,,,,,,-0.2035193316203531,-0.6085464893058985,-0.3350032251099329,-0.5998926088264573,-0.4341992969394796,-0.09345386270319955,-0.7933240924690724,150,52
nac,North Atlantic Conference (NAC),2025-26,wsoc,VTSU Lyndon,Sydney Clunis,0,,3,9,9,0.0,0.0,1.0,2.0,2.0,0.0,1.0,0.0,0.0,0.22,0.11,0.22,0.111,0.0,0.0,0.0,0.0,0.0,1.0,1.0,1.0,0.111,0.0,0.0,0.0,0.0,0.0,0.0,0.0,0.0,0.0,,765:00,0.0,0.0,0.0,,,,,,,,,,,,,,,,,-0.2035193316203531,-0.6085464893058985,-0.3350032251099329,-0.5998926088264573,-0.4341992969394796,-0.09345386270319955,-0.7933240924690724,151,52
nac,North Atlantic Conference (NAC),2025-26,wsoc,Lesley,Annika Gnesda,0,,6,20,16,0.0,0.0,7.0,16.0,1.0,1.0,0.0,0.0,0.0,0.8,0.35,0.05,0.0,0.05,7.0,0.0,0.0,0.0,0.0,0.0,0.0,0.0,2.0,0.0,0.0,0.0,0.1,0.0,0.0,0.0,0.0,,1115:00,0.0,0.0,0.0,,,,,,,,,,,,,,,,,-0.5766381062576671,-0.02036975696421414,-0.4926116670659299,0.16220744234995874,-0.4341992969394796,-0.09345386270319955,-0.8007721749865744,152,52
nac,North Atlantic Conference (NAC),2025-26,wsoc,Thomas,Magnolia Robinson,0,,6,18,0,0.0,0.0,4.0,7.0,2.0,0.0,1.0,0.0,0.0,0.39,0.22,0.11,0.056,0.0,3.0,0.0,0.0,0.0,0.0,1.0,0.0,0.0,0.0,0.0,0.0,0.0,0.0,0.0,0.0,0.0,0.0,,449:00,0.0,0.0,0.0,,,,,,,,,,,,,,,,,-0.2035193316203531,-0.6085464893058985,-0.3350032251099329,-0.2188425832382493,-0.4341992969394796,-0.09345386270319955,-0.8052612087368831,153,51
nac,North Atlantic Conference (NAC),2025-26,wsoc,VTSU Johnson,"Dominguez, Soraya",0,,4,13,0,0.0,0.0,4.0,5.0,2.0,0.0,1.0,0.0,0.0,0.38,0.31,0.15,0.077,0.0,3.0,0.0,0.0,0.0,1.0,0.0,1.0,0.077,2.0,0.0,0.0,0.0,0.15,0.0,0.0,0.0,0.0,,359:00,0.0,0.0,0.0,,,,,,,,,,,,,,,,,-0.2035193316203531,-0.6085464893058985,-0.3350032251099329,-0.2188425832382493,-0.4341992969394796,-0.09345386270319955,-0.8052612087368831,154,51
nac,North Atlantic Conference (NAC),2025-26,wsoc,Maine Maritime,Eva Washko,0,,18,10,0,0.0,0.0,4.0,6.0,2.0,0.0,1.0,0.0,0.0,0.6,0.4,0.2,0.1,0.0,3.0,0.0,0.0,0.0,0.0,0.0,0.0,0.0,1.0,0.0,0.0,0.0,0.1,0.0,0.0,0.0,0.0,,278:00,0.0,0.0,0.0,,,,,,,,,,,,,,,,,-0.2035193316203531,-0.6085464893058985,-0.3350032251099329,-0.2188425832382493,-0.4341992969394796,-0.09345386270319955,-0.8052612087368831,155,51
nac,North Atlantic Conference (NAC),2025-26,wsoc,Lesley,Maya Spatafore,0,,3,17,13,0.0,0.0,6.0,11.0,1.0,1.0,0.0,0.0,0.0,0.65,0.35,0.06,0.0,0.059,6.0,0.0,0.0,0.0,0.0,0.0,0.0,0.0,2.0,0.0,0.0,0.0,0.12,0.0,0.0,0.0,0.0,,1111:00,0.0,0.0,0.0,,,,,,,,,,,,,,,,,-0.5766381062576671,-0.02036975696421414,-0.4926116670659299,0.03519076715388939,-0.4341992969394796,-0.09345386270319955,-0.8261755100257884,156,51
nac,North Atlantic Conference (NAC),2025-26,wsoc,Maine Maritime,Natalee Orr,0,,14,19,14,0.0,0.0,3.0,5.0,2.0,0.0,1.0,0.0,0.0,0.26,0.16,0.11,0.053,0.0,2.0,0.0,0.0,0.0,0.0,0.0,0.0,0.0,4.0,0.0,0.0,0.0,0.21,0.0,0.0,0.0,0.0,,1447:00,0.0,0.0,0.0,,,,,,,,,,,,,,,,,-0.2035193316203531,-0.6085464893058985,-0.3350032251099329,-0.34585925843431864,-0.4341992969394796,-0.09345386270319955,-0.8306645437760971,157,51
nac,North Atlantic Conference (NAC),2025-26,wsoc,Thomas,Adison Keefe,0,,4,18,1,0.0,0.0,3.0,6.0,2.0,0.0,1.0,0.0,0.0,0.33,0.17,0.11,0.056,0.0,2.0,0.0,0.0,0.0,0.0,0.0,0.0,0.0,4.0,0.0,0.0,0.0,0.22,0.0,0.0,0.0,0.0,,390:00,0.0,0.0,0.0,,,,,,,,,,,,,,,,,-0.2035193316203531,-0.6085464893058985,-0.3350032251099329,-0.34585925843431864,-0.4341992969394796,-0.09345386270319955,-0.8306645437760971,158,51
nac,North Atlantic Conference (NAC),2025-26,wsoc,SUNY Delhi,"Vonderweidt, Callisthene",0,,21,14,1,0.0,0.0,2.0,3.0,2.0,0.0,1.0,0.0,0.0,0.21,0.14,0.14,0.071,0.0,1.0,0.0,0.0,0.0,0.0,1.0,0.0,0.0,2.0,0.0,0.0,0.0,0.14,0.0,0.0,0.0,0.0,,428:00,0.0,0.0,0.0,,,,,,,,,,,,,,,,,-0.2035193316203531,-0.6085464893058985,-0.3350032251099329,-0.472875933630388,-0.4341992969394796,-0.09345386270319955,-0.8560678788153109,159,50
nac,North Atlantic Conference (NAC),2025-26,wsoc,SUNY Cobleskill,"Rice, Amanda",0,,14,9,9,0.0,0.0,1.0,1.0,1.0,1.0,0.0,0.0,0.0,0.11,0.11,0.11,0.0,0.111,1.0,0.0,0.0,0.0,0.0,0.0,0.0,0.0,2.0,0.0,0.0,0.0,0.22,0.0,0.0,0.0,0.0,,752:00,0.0,0.0,0.0,,,,,,,,,,,,,,,,,-0.5766381062576671,-0.02036975696421414,-0.4926116670659299,-0.5998926088264573,-0.4341992969394796,-0.09345386270319955,-0.857872966699672,160,50
nac,North Atlantic Conference (NAC),2025-26,wsoc,Lesley,Sasha Handyside,0,,7,6,1,0.0,0.0,2.0,5.0,0.0,0.0,0.0,0.0,0.0,0.83,0.33,0.0,0.0,0.0,2.0,0.0,0.0,0.0,0.0,0.0,0.0,0.0,0.0,0.0,0.0,0.0,0.0,0.0,0.0,0.0,0.0,,158:00,0.0,0.0,0.0,,,,,,,,,,,,,,,,,-0.5766381062576671,-0.6085464893058985,-0.650220109021927,-0.472875933630388,-0.4341992969394796,-0.09345386270319955,-0.8699030833146124,161,50
nac,North Atlantic Conference (NAC),2025-26,wsoc,SUNY Delhi,"Carlson, Estherline",0,,27,6,4,0.0,0.0,2.0,6.0,0.0,0.0,0.0,0.0,0.0,1.0,0.33,0.0,0.0,0.0,2.0,0.0,0.0,0.0,0.0,0.0,0.0,0.0,8.0,0.0,0.0,0.0,1.33,0.0,0.0,0.0,0.0,,331:00,0.0,0.0,0.0,,,,,,,,,,,,,,,,,-0.5766381062576671,-0.6085464893058985,-0.650220109021927,-0.472875933630388,-0.4341992969394796,-0.09345386270319955,-0.8699030833146124,162,50
nac,North Atlantic Conference (NAC),2025-26,wsoc,Husson ,"Nicholson, Emma",0,,33,15,13,0.0,0.0,8.0,16.0,4.0,0.0,2.0,0.0,0.0,1.07,0.53,0.27,0.133,0.0,6.0,0.0,0.0,0.0,0.0,1.0,1.0,0.067,5.0,0.0,3.0,0.0,0.33,0.2,0.0,0.0,0.0,,1079:00,0.0,0.0,0.0,,,,,,,,,,,,,,,,,0.16959944301696095,-0.6085464893058985,-0.01978634119793896,0.28922411754602806,4.665802614570001,-0.09345386270319955,-0.8748775619307401,163,50
nac,North Atlantic Conference (NAC),2025-26,wsoc,VTSU Lyndon,"Badertscher, Hannah",0,,4,5,5,0.0,0.0,0.0,1.0,0.0,0.0,0.0,0.0,0.0,0.2,0.0,0.0,0.0,0.0,0.0,0.0,0.0,0.0,0.0,0.0,0.0,0.0,1.0,0.0,1.0,0.0,0.2,0.2,0.0,0.0,0.0,,444:00,0.0,0.0,0.0,,,,,,,,,,,,,,,,,-0.5766381062576671,-0.6085464893058985,-0.650220109021927,-0.7269092840225266,1.2658013402303472,-0.09345386270319955,-0.8778226189224613,164,50
nac,North Atlantic Conference (NAC),2025-26,wsoc,SUNY Delhi,"Cotignola, Arrianna",0,,23,5,0,0.0,0.0,0.0,0.0,0.0,0.0,0.0,0.0,0.0,0.0,0.0,0.0,0.0,0.0,0.0,0.0,0.0,0.0,0.0,0.0,0.0,0.0,0.0,0.0,1.0,0.0,0.0,0.2,0.0,0.0,0.0,,137:00,0.0,0.0,0.0,,,,,,,,,,,,,,,,,-0.5766381062576671,-0.6085464893058985,-0.650220109021927,-0.7269092840225266,1.2658013402303472,-0.09345386270319955,-0.8778226189224613,165,50
nac,North Atlantic Conference (NAC),2025-26,wsoc,Lesley,Madison Reed,0,,0,15,14,0.0,0.0,1.0,2.0,2.0,0.0,1.0,0.0,0.0,0.13,0.07,0.13,0.067,0.0,0.0,0.0,0.0,0.0,0.0,0.0,0.0,0.0,0.0,0.0,0.0,0.0,0.0,0.0,0.0,0.0,0.0,,1242:00,0.0,0.0,0.0,99.0,6.0,2.0,5.0,4.0,0.781,1.02,50.0,14.0,1231:03,14.0,14.0,0.93,0.781,0.267,3.33,-0.2035193316203531,-0.6085464893058985,-0.3350032251099329,-0.5998926088264573,-0.4341992969394796,-0.09345386270319955,-0.8814712138545249,166,49
nac,North Atlantic Conference (NAC),2025-26,wsoc,Husson ,"Weigler, Madison",0,,1,14,13,0.0,0.0,1.0,1.0,2.0,0.0,1.0,1.0,1.0,0.07,0.07,0.14,0.071,0.0,0.0,0.0,0.0,0.0,1.0,1.0,0.0,0.0,0.0,0.0,0.0,0.0,0.0,0.0,0.0,0.0,0.0,,1106:00,0.0,0.0,0.0,94.0,2.0,4.0,6.0,3.0,0.64,1.47,32.0,18.0,1104:35,13.0,14.0,1.29,0.64,0.214,2.29,-0.2035193316203531,-0.6085464893058985,-0.3350032251099329,-0.5998926088264573,-0.4341992969394796,-0.09345386270319955,-0.8814712138545249,167,49
nac,North Atlantic Conference (NAC),2025-26,wsoc,VTSU Johnson,"Atkisson, Isabel",0,,0,15,15,0.0,0.0,1.0,2.0,2.0,0.0,1.0,0.0,0.0,0.13,0.07,0.13,0.067,0.0,0.0,0.0,0.0,0.0,0.0,0.0,0.0,0.0,0.0,0.0,0.0,0.0,0.0,0.0,0.0,0.0,0.0,,1306:00,0.0,0.0,0.0,207.0,6.0,3.0,6.0,8.0,0.876,0.76,78.0,11.0,1298:30,15.0,15.0,0.73,0.876,0.533,5.2,-0.2035193316203531,-0.6085464893058985,-0.3350032251099329,-0.5998926088264573,-0.4341992969394796,-0.09345386270319955,-0.8814712138545249,168,49
nac,North Atlantic Conference (NAC),2025-26,wsoc,SUNY Cobleskill,"Prignon, Laci",0,,34,6,4,0.0,0.0,0.0,0.0,0.0,0.0,0.0,0.0,0.0,0.0,0.0,0.0,0.0,0.0,0.0,0.0,0.0,0.0,0.0,0.0,0.0,0.0,2.0,0.0,0.0,0.0,0.33,0.0,0.0,0.0,0.0,,319:00,0.0,0.0,0.0,,,,,,,,,,,,,,,,,-0.5766381062576671,-0.6085464893058985,-0.650220109021927,-0.7269092840225266,-0.4341992969394796,-0.09345386270319955,-0.900387085361669,169,49
nac,North Atlantic Conference (NAC),2025-26,wsoc,VTSU Lyndon,"Jensen, Addie",0,,23,6,6,0.0,0.0,0.0,0.0,0.0,0.0,0.0,0.0,0.0,0.0,0.0,0.0,0.0,0.0,0.0,0.0,0.0,0.0,0.0,0.0,0.0,0.0,2.0,0.0,0.0,0.0,0.33,0.0,0.0,0.0,0.0,,502:00,0.0,0.0,0.0,,,,,,,,,,,,,,,,,-0.5766381062576671,-0.6085464893058985,-0.650220109021927,-0.7269092840225266,-0.4341992969394796,-0.09345386270319955,-0.900387085361669,170,49
nac,North Atlantic Conference (NAC),2025-26,wsoc,Thomas,Izzy Byram,0,,7,19,19,0.0,0.0,2.0,4.0,1.0,1.0,0.0,0.0,0.0,0.21,0.11,0.05,0.0,0.053,2.0,0.0,0.0,0.0,0.0,0.0,0.0,0.0,2.0,0.0,0.0,0.0,0.11,0.0,0.0,0.0,0.0,,1341:00,0.0,0.0,0.0,,,,,,,,,,,,,,,,,-0.5766381062576671,-0.02036975696421414,-0.4926116670659299,-0.472875933630388,-0.4341992969394796,-0.09345386270319955,-0.9277888501826437,171,49
nac,North Atlantic Conference (NAC),2025-26,wsoc,UMaine-Farmington,Emma Casavant,0,,4,19,16,0.0,0.0,1.0,1.0,1.0,1.0,0.0,0.0,0.0,0.05,0.05,0.05,0.0,0.053,1.0,0.0,0.0,0.0,0.0,0.0,0.0,0.0,1.0,0.0,0.0,0.0,0.05,0.0,0.0,0.0,0.0,,1320:00,0.0,0.0,0.0,,,,,,,,,,,,,,,,,-0.5766381062576671,-0.02036975696421414,-0.4926116670659299,-0.5998926088264573,-0.4341992969394796,-0.09345386270319955,-0.9531921852218577,172,48
nac,North Atlantic Conference (NAC),2025-26,wsoc,UMaine-Presque Isle,"Gray, Olivia",0,,29,14,14,0.0,0.0,1.0,1.0,1.0,1.0,0.0,0.0,0.0,0.07,0.07,0.07,0.0,0.071,1.0,0.0,0.0,0.0,0.0,0.0,0.0,0.0,6.0,0.0,0.0,0.0,0.43,0.0,0.0,0.0,0.0,,1104:00,0.0,0.0,0.0,,,,,,,,,,,,,,,,,-0.5766381062576671,-0.02036975696421414,-0.4926116670659299,-0.5998926088264573,-0.4341992969394796,-0.09345386270319955,-0.9531921852218577,173,48
nac,North Atlantic Conference (NAC),2025-26,wsoc,Lesley,Desire Lopez,0,,19,18,17,0.0,0.0,7.0,12.0,2.0,0.0,1.0,0.0,0.0,0.67,0.39,0.11,0.056,0.0,6.0,0.0,0.0,0.0,0.0,0.0,0.0,0.0,0.0,0.0,1.0,0.0,0.0,0.06,0.0,0.0,0.0,,1169:00,0.0,0.0,0.0,,,,,,,,,,,,,,,,,-0.2035193316203531,-0.6085464893058985,-0.3350032251099329,0.16220744234995874,1.2658013402303472,-0.09345386270319955,-0.9840512991947157,174,48
nac,North Atlantic Conference (NAC),2025-26,wsoc,SUNY Cobleskill,"Schmidtman, EmmaJo",0,,27,12,6,0.0,0.0,5.0,8.0,2.0,0.0,1.0,0.0,0.0,0.67,0.42,0.17,0.083,0.0,4.0,0.0,0.0,0.0,0.0,0.0,0.0,0.0,8.0,0.0,1.0,0.0,0.67,0.08,0.0,0.0,0.0,,734:00,0.0,0.0,0.0,,,,,,,,,,,,,,,,,-0.2035193316203531,-0.6085464893058985,-0.3350032251099329,-0.09182590804217995,1.2658013402303472,-0.09345386270319955,-1.0348579692731434,175,48
nac,North Atlantic Conference (NAC),2025-26,wsoc,UMaine-Farmington,Liana Sawyer,0,,1,7,1,0.0,0.0,0.0,0.0,0.0,0.0,0.0,0.0,0.0,0.0,0.0,0.0,0.0,0.0,0.0,0.0,0.0,0.0,0.0,0.0,0.0,0.0,0.0,0.0,0.0,0.0,0.0,0.0,0.0,0.0,0.0,,132:00,0.0,0.0,0.0,8.0,0.0,0.0,0.0,0.0,0.625,2.33,5.0,3.0,116:34,1.0,5.0,0.43,0.625,0.0,0.71,-0.5766381062576671,-0.6085464893058985,-0.650220109021927,-0.7269092840225266,-0.4341992969394796,-0.09345386270319955,-1.050451599588614,176,48
nac,North Atlantic Conference (NAC),2025-26,wsoc,Thomas,Anna Durost,0,,99,7,1,0.0,0.0,0.0,0.0,0.0,0.0,0.0,0.0,0.0,0.0,0.0,0.0,0.0,0.0,0.0,0.0,0.0,0.0,0.0,0.0,0.0,0.0,0.0,0.0,0.0,0.0,0.0,0.0,0.0,0.0,0.0,,264:00,0.0,0.0,0.0,63.0,0.0,2.0,0.0,0.0,0.514,5.8,18.0,17.0,264:51,1.0,7.0,2.43,0.514,0.0,2.57,-0.5766381062576671,-0.6085464893058985,-0.650220109021927,-0.7269092840225266,-0.4341992969394796,-0.09345386270319955,-1.050451599588614,177,48
nac,North Atlantic Conference (NAC),2025-26,wsoc,Lesley,Lloy Bartolotti,0,,1,7,6,0.0,0.0,0.0,0.0,0.0,0.0,0.0,0.0,0.0,0.0,0.0,0.0,0.0,0.0,0.0,0.0,0.0,0.0,0.0,0.0,0.0,0.0,0.0,0.0,0.0,0.0,0.0,0.0,0.0,0.0,0.0,,569:00,0.0,0.0,0.0,13.0,0.0,1.0,5.0,5.0,0.778,0.32,7.0,2.0,568:57,6.0,7.0,0.29,0.778,0.714,1.0,-0.5766381062576671,-0.6085464893058985,-0.650220109021927,-0.7269092840225266,-0.4341992969394796,-0.09345386270319955,-1.050451599588614,178,48
nac,North Atlantic Conference (NAC),2025-26,wsoc,SUNY Delhi,"Nieckarz, Jacey",0,,13,17,12,0.0,0.0,5.0,6.0,1.0,1.0,0.0,0.0,0.0,0.35,0.29,0.06,0.0,0.059,5.0,0.0,0.0,0.0,0.0,0.0,0.0,0.0,9.0,0.0,1.0,0.0,0.53,0.06,0.0,0.0,0.0,,1153:00,0.0,0.0,0.0,,,,,,,,,,,,,,,,,-0.5766381062576671,-0.02036975696421414,-0.4926116670659299,-0.09182590804217995,1.2658013402303472,-0.09345386270319955,-1.1065789406404762,179,47
nac,North Atlantic Conference (NAC),2025-26,wsoc,UMaine-Presque Isle,"Marston, Taylor",0,,19,15,15,0.0,0.0,2.0,4.0,2.0,0.0,1.0,0.0,0.0,0.27,0.13,0.13,0.067,0.0,1.0,0.0,0.0,0.0,0.0,0.0,0.0,0.0,5.0,0.0,1.0,0.0,0.33,0.07,0.0,0.0,0.0,,1052:00,0.0,0.0,0.0,,,,,,,,,,,,,,,,,-0.2035193316203531,-0.6085464893058985,-0.3350032251099329,-0.472875933630388,1.2658013402303472,-0.09345386270319955,-1.111067974390785,180,47
nac,North Atlantic Conference (NAC),2025-26,wsoc,VTSU Lyndon,"Van Olst, Kerisa",0,,1,13,13,0.0,0.0,4.0,7.0,1.0,1.0,0.0,0.0,0.0,0.54,0.31,0.08,0.0,0.077,4.0,0.0,0.0,0.0,0.0,0.0,0.0,0.0,1.0,0.0,1.0,0.0,0.08,0.08,0.0,0.0,0.0,,1044:00,0.0,0.0,0.0,248.0,0.0,6.0,0.0,0.0,0.56,11.39,89.0,70.0,553:36,8.0,8.0,5.38,0.56,0.0,6.85,-0.5766381062576671,-0.02036975696421414,-0.4926116670659299,-0.2188425832382493,1.2658013402303472,-0.09345386270319955,-1.13198227567969,181,47
nac,North Atlantic Conference (NAC),2025-26,wsoc,SUNY Cobleskill,"Rotundo, Samantha",0,,1,14,8,0.0,0.0,4.0,7.0,1.0,1.0,0.0,0.0,0.0,0.5,0.29,0.07,0.0,0.071,4.0,0.0,0.0,0.0,0.0,0.0,0.0,0.0,4.0,0.0,1.0,0.0,0.29,0.07,0.0,0.0,0.0,,893:00,0.0,0.0,0.0,31.0,0.0,2.0,0.0,0.0,0.789,2.67,15.0,4.0,135:00,2.0,4.0,0.29,0.789,0.0,1.07,-0.5766381062576671,-0.02036975696421414,-0.4926116670659299,-0.2188425832382493,1.2658013402303472,-0.09345386270319955,-1.13198227567969,182,47
nac,North Atlantic Conference (NAC),2025-26,wsoc,UMaine-Presque Isle,"Bridges, Madison",0,,10,15,4,0.0,0.0,3.0,4.0,1.0,1.0,0.0,0.0,0.0,0.27,0.2,0.07,0.0,0.067,3.0,0.0,0.0,0.0,0.0,0.0,0.0,0.0,6.0,0.0,1.0,0.0,0.4,0.07,0.0,0.0,0.0,,689:00,0.0,0.0,0.0,,,,,,,,,,,,,,,,,-0.5766381062576671,-0.02036975696421414,-0.4926116670659299,-0.34585925843431864,1.2658013402303472,-0.09345386270319955,-1.157385610718904,183,47
nac,North Atlantic Conference (NAC),2025-26,wsoc,UMaine-Presque Isle,"Theriault, Shelby",0,,25,15,15,0.0,0.0,2.0,3.0,1.0,1.0,0.0,0.0,0.0,0.2,0.13,0.07,0.0,0.067,2.0,0.0,0.0,0.0,0.0,0.0,0.0,0.0,24.0,0.0,1.0,0.0,1.6,0.07,0.0,0.0,0.0,,1215:00,0.0,0.0,0.0,,,,,,,,,,,,,,,,,-0.5766381062576671,-0.02036975696421414,-0.4926116670659299,-0.472875933630388,1.2658013402303472,-0.09345386270319955,-1.1827889457581178,184,47
nac,North Atlantic Conference (NAC),2025-26,wsoc,VTSU Lyndon,"Longway, Makayla",0,,5,8,8,0.0,0.0,0.0,1.0,0.0,0.0,0.0,0.0,0.0,0.13,0.0,0.0,0.0,0.0,0.0,0.0,0.0,0.0,0.0,0.0,0.0,0.0,0.0,0.0,0.0,0.0,0.0,0.0,0.0,0.0,0.0,,652:00,0.0,0.0,0.0,,,,,,,,,,,,,,,,,-0.5766381062576671,-0.6085464893058985,-0.650220109021927,-0.7269092840225266,-0.4341992969394796,-0.09345386270319955,-1.200516113815559,185,47
nac,North Atlantic Conference (NAC),2025-26,wsoc,VTSU Johnson,"Merritt, Marianna",0,,13,8,3,0.0,0.0,0.0,0.0,0.0,0.0,0.0,0.0,0.0,0.0,0.0,0.0,0.0,0.0,0.0,0.0,0.0,0.0,0.0,0.0,0.0,0.0,2.0,0.0,0.0,0.0,0.25,0.0,0.0,0.0,0.0,,389:00,0.0,0.0,0.0,,,,,,,,,,,,,,,,,-0.5766381062576671,-0.6085464893058985,-0.650220109021927,-0.7269092840225266,-0.4341992969394796,-0.09345386270319955,-1.200516113815559,186,46
nac,North Atlantic Conference (NAC),2025-26,wsoc,Husson ,"Smith, Gabriella",0,,44,8,6,0.0,0.0,0.0,0.0,0.0,0.0,0.0,0.0,0.0,0.0,0.0,0.0,0.0,0.0,0.0,0.0,0.0,0.0,0.0,0.0,0.0,0.0,0.0,0.0,0.0,0.0,0.0,0.0,0.0,0.0,0.0,,604:00,0.0,0.0,0.0,48.0,0.0,2.0,5.0,2.0,0.636,1.19,14.0,8.0,605:25,6.0,8.0,1.0,0.636,0.25,1.75,-0.5766381062576671,-0.6085464893058985,-0.650220109021927,-0.7269092840225266,-0.4341992969394796,-0.09345386270319955,-1.200516113815559,187,46
nac,North Atlantic Conference (NAC),2025-26,wsoc,Lesley,Gabby Smyth,0,,16,9,2,0.0,0.0,5.0,7.0,0.0,0.0,0.0,0.0,0.0,0.78,0.56,0.0,0.0,0.0,5.0,0.0,0.0,0.0,0.0,0.0,0.0,0.0,1.0,0.0,0.0,0.0,0.11,0.0,0.0,0.0,0.0,,301:00,0.0,0.0,0.0,,,,,,,,,,,,,,,,,-0.5766381062576671,-0.6085464893058985,-0.650220109021927,-0.09182590804217995,-0.4341992969394796,-0.09345386270319955,-1.2362656203660414,188,46
nac,North Atlantic Conference (NAC),2025-26,wsoc,SUNY Cobleskill,"Heim, Gabriella",0,,5,9,4,0.0,0.0,2.0,4.0,0.0,0.0,0.0,0.0,0.0,0.44,0.22,0.0,0.0,0.0,2.0,0.0,0.0,0.0,0.0,0.0,0.0,0.0,6.0,0.0,0.0,0.0,0.67,0.0,0.0,0.0,0.0,,450:00,0.0,0.0,0.0,,,,,,,,,,,,,,,,,-0.5766381062576671,-0.6085464893058985,-0.650220109021927,-0.472875933630388,-0.4341992969394796,-0.09345386270319955,-1.3048546249719186,189,46
nac,North Atlantic Conference (NAC),2025-26,wsoc,SUNY Cobleskill,"Killian, Alivia",0,,4,9,8,0.0,0.0,1.0,3.0,0.0,0.0,0.0,0.0,0.0,0.33,0.11,0.0,0.0,0.0,1.0,0.0,0.0,0.0,0.0,0.0,0.0,0.0,5.0,0.0,0.0,0.0,0.56,0.0,0.0,0.0,0.0,,557:00,0.0,0.0,0.0,,,,,,,,,,,,,,,,,-0.5766381062576671,-0.6085464893058985,-0.650220109021927,-0.5998926088264573,-0.4341992969394796,-0.09345386270319955,-1.3277176265072113,190,46
nac,North Atlantic Conference (NAC),2025-26,wsoc,UMaine-Presque Isle,"Cooley, Lauren",0,,1,9,0,0.0,0.0,0.0,0.0,0.0,0.0,0.0,0.0,0.0,0.0,0.0,0.0,0.0,0.0,0.0,0.0,0.0,0.0,0.0,0.0,0.0,0.0,0.0,0.0,0.0,0.0,0.0,0.0,0.0,0.0,0.0,,85:00,0.0,0.0,0.0,3.0,0.0,0.0,0.0,0.0,0.5,6.0,1.0,1.0,15:29,0.0,3.0,0.11,0.5,0.0,0.11,-0.5766381062576671,-0.6085464893058985,-0.650220109021927,-0.7269092840225266,-0.4341992969394796,-0.09345386270319955,-1.3505806280425037,191,46
nac,North Atlantic Conference (NAC),2025-26,wsoc,SUNY Cobleskill,"Collins, Carson",0,,25,9,8,0.0,0.0,0.0,0.0,0.0,0.0,0.0,0.0,0.0,0.0,0.0,0.0,0.0,0.0,0.0,0.0,0.0,0.0,0.0,0.0,0.0,0.0,3.0,0.0,0.0,0.0,0.33,0.0,0.0,0.0,0.0,,585:00,0.0,0.0,0.0,,,,,,,,,,,,,,,,,-0.5766381062576671,-0.6085464893058985,-0.650220109021927,-0.7269092840225266,-0.4341992969394796,-0.09345386270319955,-1.3505806280425037,192,46
nac,North Atlantic Conference (NAC),2025-26,wsoc,Thomas,Amber Fortin,0,,26,19,19,0.0,0.0,2.0,6.0,2.0,0.0,1.0,0.0,0.0,0.32,0.11,0.11,0.053,0.0,1.0,0.0,0.0,0.0,0.0,1.0,1.0,0.053,4.0,0.0,2.0,0.0,0.21,0.11,0.0,0.0,0.0,,1541:00,0.0,0.0,0.0,,,,,,,,,,,,,,,,,-0.2035193316203531,-0.6085464893058985,-0.3350032251099329,-0.472875933630388,2.9658019774001745,-0.09345386270319955,-1.366068069966259,193,45
nac,North Atlantic Conference (NAC),2025-26,wsoc,Husson ,"Jurado, Evelyn",0,,27,11,0,0.0,0.0,4.0,10.0,0.0,0.0,0.0,0.0,0.0,0.91,0.36,0.0,0.0,0.0,4.0,0.0,0.0,0.0,0.0,0.0,0.0,0.0,2.0,0.0,0.0,0.0,0.18,0.0,0.0,0.0,0.0,,275:00,0.0,0.0,0.0,,,,,,,,,,,,,,,,,-0.5766381062576671,-0.6085464893058985,-0.650220109021927,-0.2188425832382493,-0.4341992969394796,-0.09345386270319955,-1.399031802112593,194,45
nac,North Atlantic Conference (NAC),2025-26,wsoc,Maine Maritime,Lydia Lancina,0,,11,16,5,0.0,0.0,4.0,7.0,0.0,0.0,0.0,0.0,0.0,0.44,0.25,0.0,0.0,0.0,4.0,0.0,0.0,0.0,0.0,0.0,0.0,0.0,5.0,0.0,0.0,0.0,0.31,0.0,0.0,0.0,0.0,,633:00,0.0,0.0,0.0,,,,,,,,,,,,,,,,,-0.5766381062576671,-0.6085464893058985,-0.650220109021927,-0.2188425832382493,-0.4341992969394796,-0.09345386270319955,-1.399031802112593,195,45
nac,North Atlantic Conference (NAC),2025-26,wsoc,SUNY Cobleskill,"Gutierrez, Kimberly",0,,35,11,0,0.0,0.0,3.0,3.0,0.0,0.0,0.0,0.0,0.0,0.27,0.27,0.0,0.0,0.0,3.0,0.0,0.0,0.0,0.0,0.0,0.0,0.0,0.0,0.0,0.0,0.0,0.0,0.0,0.0,0.0,0.0,,217:00,0.0,0.0,0.0,,,,,,,,,,,,,,,,,-0.5766381062576671,-0.6085464893058985,-0.650220109021927,-0.34585925843431864,-0.4341992969394796,-0.09345386270319955,-1.424435137151807,196,45
nac,North Atlantic Conference (NAC),2025-26,wsoc,VTSU Lyndon,"Wilson, Malia",0,,13,11,11,0.0,0.0,3.0,7.0,0.0,0.0,0.0,0.0,0.0,0.64,0.27,0.0,0.0,0.0,3.0,0.0,0.0,0.0,0.0,0.0,0.0,0.0,3.0,0.0,0.0,0.0,0.27,0.0,0.0,0.0,0.0,,971:00,0.0,0.0,0.0,,,,,,,,,,,,,,,,,-0.5766381062576671,-0.6085464893058985,-0.650220109021927,-0.34585925843431864,-0.4341992969394796,-0.09345386270319955,-1.424435137151807,197,45
nac,North Atlantic Conference (NAC),2025-26,wsoc,UMaine-Farmington,Hannah Milliken,0,,24,13,2,0.0,0.0,3.0,6.0,0.0,0.0,0.0,0.0,0.0,0.46,0.23,0.0,0.0,0.0,3.0,0.0,0.0,0.0,0.0,0.0,0.0,0.0,2.0,0.0,0.0,0.0,0.15,0.0,0.0,0.0,0.0,,323:00,0.0,0.0,0.0,,,,,,,,,,,,,,,,,-0.5766381062576671,-0.6085464893058985,-0.650220109021927,-0.34585925843431864,-0.4341992969394796,-0.09345386270319955,-1.424435137151807,198,45
nac,North Atlantic Conference (NAC),2025-26,wsoc,Maine Maritime,Da silva Isabella,0,,10,15,2,0.0,0.0,2.0,8.0,1.0,1.0,0.0,0.0,0.0,0.53,0.13,0.07,0.0,0.067,2.0,0.0,0.0,0.0,0.0,0.0,0.0,0.0,8.0,0.0,2.0,0.0,0.53,0.13,0.0,0.0,0.0,,590:00,0.0,0.0,0.0,,,,,,,,,,,,,,,,,-0.5766381062576671,-0.02036975696421414,-0.4926116670659299,-0.472875933630388,2.9658019774001745,-0.09345386270319955,-1.4377890413335919,199,45
nac,North Atlantic Conference (NAC),2025-26,wsoc,UMaine-Presque Isle,"Evans, Willa",0,,18,15,7,0.0,0.0,2.0,4.0,0.0,0.0,0.0,0.0,0.0,0.27,0.13,0.0,0.0,0.0,2.0,0.0,0.0,0.0,0.0,0.0,0.0,0.0,2.0,0.0,0.0,0.0,0.13,0.0,0.0,0.0,0.0,,709:00,0.0,0.0,0.0,,,,,,,,,,,,,,,,,-0.5766381062576671,-0.6085464893058985,-0.650220109021927,-0.472875933630388,-0.4341992969394796,-0.09345386270319955,-1.4498384721910207,200,44
nac,North Atlantic Conference (NAC),2025-26,wsoc,Husson ,"Schilter, Cassy",0,,25,13,4,0.0,0.0,1.0,3.0,0.0,0.0,0.0,0.0,0.0,0.23,0.08,0.0,0.0,0.0,1.0,0.0,0.0,0.0,0.0,0.0,0.0,0.0,1.0,0.0,0.0,0.0,0.08,0.0,0.0,0.0,0.0,,488:00,0.0,0.0,0.0,,,,,,,,,,,,,,,,,-0.5766381062576671,-0.6085464893058985,-0.650220109021927,-0.5998926088264573,-0.4341992969394796,-0.09345386270319955,-1.4752418072302347,201,44
nac,North Atlantic Conference (NAC),2025-26,wsoc,UMaine-Farmington,Kylie Delile,0,,11,11,1,0.0,0.0,1.0,3.0,0.0,0.0,0.0,0.0,0.0,0.27,0.09,0.0,0.0,0.0,1.0,0.0,0.0,0.0,0.0,0.0,0.0,0.0,1.0,0.0,0.0,0.0,0.09,0.0,0.0,0.0,0.0,,272:00,0.0,0.0,0.0,,,,,,,,,,,,,,,,,-0.5766381062576671,-0.6085464893058985,-0.650220109021927,-0.5998926088264573,-0.4341992969394796,-0.09345386270319955,-1.4752418072302347,202,44
nac,North Atlantic Conference (NAC),2025-26,wsoc,UMaine-Presque Isle,"Carney, Michaela",0,,99,15,15,0.0,0.0,1.0,1.0,0.0,0.0,0.0,0.0,0.0,0.07,0.07,0.0,0.0,0.0,1.0,0.0,0.0,0.0,0.0,0.0,0.0,0.0,2.0,0.0,0.0,0.0,0.13,0.0,0.0,0.0,0.0,,1199:00,0.0,0.0,0.0,212.0,0.0,6.0,2.0,0.0,0.763,4.2,103.0,32.0,685:07,9.0,9.0,2.13,0.763,0.0,6.87,-0.5766381062576671,-0.6085464893058985,-0.650220109021927,-0.5998926088264573,-0.4341992969394796,-0.09345386270319955,-1.4752418072302347,203,44
nac,North Atlantic Conference (NAC),2025-26,wsoc,VTSU Johnson,"Stapelfeld, Kayli",0,,12,15,2,0.0,0.0,1.0,2.0,0.0,0.0,0.0,0.0,0.0,0.13,0.07,0.0,0.0,0.0,1.0,0.0,0.0,0.0,0.0,0.0,0.0,0.0,2.0,0.0,0.0,0.0,0.13,0.0,0.0,0.0,0.0,,411:00,0.0,0.0,0.0,,,,,,,,,,,,,,,,,-0.5766381062576671,-0.6085464893058985,-0.650220109021927,-0.5998926088264573,-0.4341992969394796,-0.09345386270319955,-1.4752418072302347,204,44
nac,North Atlantic Conference (NAC),2025-26,wsoc,UMaine-Farmington,Allison Casavant,0,,3,18,5,0.0,0.0,1.0,2.0,0.0,0.0,0.0,0.0,0.0,0.11,0.06,0.0,0.0,0.0,1.0,0.0,0.0,0.0,0.0,0.0,0.0,0.0,0.0,0.0,0.0,0.0,0.0,0.0,0.0,0.0,0.0,,822:00,0.0,0.0,0.0,,,,,,,,,,,,,,,,,-0.5766381062576671,-0.6085464893058985,-0.650220109021927,-0.5998926088264573,-0.4341992969394796,-0.09345386270319955,-1.4752418072302347,205,44
nac,North Atlantic Conference (NAC),2025-26,wsoc,UMaine-Farmington,Zoie Ward,0,,13,10,0,0.0,0.0,1.0,1.0,0.0,0.0,0.0,0.0,0.0,0.1,0.1,0.0,0.0,0.0,1.0,0.0,0.0,0.0,0.0,0.0,0.0,0.0,0.0,0.0,0.0,0.0,0.0,0.0,0.0,0.0,0.0,,213:00,0.0,0.0,0.0,,,,,,,,,,,,,,,,,-0.5766381062576671,-0.6085464893058985,-0.650220109021927,-0.5998926088264573,-0.4341992969394796,-0.09345386270319955,-1.4752418072302347,206,44
nac,North Atlantic Conference (NAC),2025-26,wsoc,VTSU Johnson,"Davis, Abby",0,,10,16,16,0.0,0.0,1.0,2.0,0.0,0.0,0.0,0.0,0.0,0.13,0.06,0.0,0.0,0.0,1.0,0.0,0.0,0.0,0.0,0.0,0.0,0.0,4.0,0.0,0.0,0.0,0.25,0.0,0.0,0.0,0.0,,1269:00,0.0,0.0,0.0,,,,,,,,,,,,,,,,,-0.5766381062576671,-0.6085464893058985,-0.650220109021927,-0.5998926088264573,-0.4341992969394796,-0.09345386270319955,-1.4752418072302347,207,44
nac,North Atlantic Conference (NAC),2025-26,wsoc,UMaine-Presque Isle,"Byers, Emma",0,,9,15,15,0.0,0.0,1.0,2.0,0.0,0.0,0.0,0.0,0.0,0.13,0.07,0.0,0.0,0.0,1.0,0.0,0.0,0.0,0.0,0.0,0.0,0.0,5.0,0.0,0.0,0.0,0.33,0.0,0.0,0.0,0.0,,1204:00,0.0,0.0,0.0,,,,,,,,,,,,,,,,,-0.5766381062576671,-0.6085464893058985,-0.650220109021927,-0.5998926088264573,-0.4341992969394796,-0.09345386270319955,-1.4752418072302347,208,43
nac,North Atlantic Conference (NAC),2025-26,wsoc,Thomas,Jillian Pelletier,0,,18,19,6,0.0,0.0,0.0,0.0,0.0,0.0,0.0,0.0,0.0,0.0,0.0,0.0,0.0,0.0,0.0,0.0,0.0,0.0,0.0,0.0,0.0,0.0,2.0,0.0,0.0,0.0,0.11,0.0,0.0,0.0,0.0,,1097:00,0.0,0.0,0.0,,,,,,,,,,,,,,,,,-0.5766381062576671,-0.6085464893058985,-0.650220109021927,-0.7269092840225266,-0.4341992969394796,-0.09345386270319955,-1.5006451422694485,209,43
nac,North Atlantic Conference (NAC),2025-26,wsoc,UMaine-Farmington,Paige Gonya,0,,0,19,18,0.0,0.0,0.0,0.0,0.0,0.0,0.0,0.0,0.0,0.0,0.0,0.0,0.0,0.0,0.0,0.0,0.0,0.0,0.0,0.0,0.0,0.0,0.0,0.0,0.0,0.0,0.0,0.0,0.0,0.0,0.0,,1610:00,0.0,0.0,0.0,189.0,3.0,8.0,7.0,3.0,0.774,1.82,113.0,33.0,1633:26,18.0,19.0,1.74,0.774,0.158,5.95,-0.5766381062576671,-0.6085464893058985,-0.650220109021927,-0.7269092840225266,-0.4341992969394796,-0.09345386270319955,-1.5006451422694485,210,43
nac,North Atlantic Conference (NAC),2025-26,wsoc,Thomas,Emily Rock,0,,1,18,18,0.0,0.0,0.0,0.0,0.0,0.0,0.0,0.0,0.0,0.0,0.0,0.0,0.0,0.0,0.0,0.0,0.0,0.0,0.0,0.0,0.0,0.0,0.0,0.0,0.0,0.0,0.0,0.0,0.0,0.0,0.0,,1356:00,0.0,0.0,0.0,307.0,2.0,10.0,4.0,2.0,0.782,2.8,161.0,45.0,1445:09,18.0,18.0,2.5,0.782,0.111,8.94,-0.5766381062576671,-0.6085464893058985,-0.650220109021927,-0.7269092840225266,-0.4341992969394796,-0.09345386270319955,-1.5006451422694485,211,43
nac,North Atlantic Conference (NAC),2025-26,wsoc,SUNY Delhi,"Krouse, Morgan",0,,0,17,17,0.0,0.0,0.0,0.0,0.0,0.0,0.0,0.0,0.0,0.0,0.0,0.0,0.0,0.0,0.0,0.0,0.0,0.0,0.0,0.0,0.0,0.0,0.0,0.0,0.0,0.0,0.0,0.0,0.0,0.0,0.0,,1370:00,0.0,0.0,0.0,214.0,2.0,9.0,5.0,3.0,0.8,1.42,92.0,23.0,1459:41,17.0,17.0,1.35,0.8,0.176,5.41,-0.5766381062576671,-0.6085464893058985,-0.650220109021927,-0.7269092840225266,-0.4341992969394796,-0.09345386270319955,-1.5006451422694485,212,43
nac,North Atlantic Conference (NAC),2025-26,wsoc,Thomas,Kendall Theriault,0,,17,14,0,0.0,0.0,0.0,0.0,0.0,0.0,0.0,0.0,0.0,0.0,0.0,0.0,0.0,0.0,0.0,0.0,0.0,0.0,0.0,0.0,0.0,0.0,1.0,0.0,0.0,0.0,0.07,0.0,0.0,0.0,0.0,,297:00,0.0,0.0,0.0,,,,,,,,,,,,,,,,,-0.5766381062576671,-0.6085464893058985,-0.650220109021927,-0.7269092840225266,-0.4341992969394796,-0.09345386270319955,-1.5006451422694485,213,43
nac,North Atlantic Conference (NAC),2025-26,wsoc,UMaine-Farmington,Makenzie Beal,0,,5,19,15,0.0,0.0,0.0,0.0,0.0,0.0,0.0,0.0,0.0,0.0,0.0,0.0,0.0,0.0,0.0,0.0,0.0,0.0,0.0,0.0,0.0,0.0,3.0,0.0,0.0,0.0,0.16,0.0,0.0,0.0,0.0,,1390:00,0.0,0.0,0.0,,,,,,,,,,,,,,,,,-0.5766381062576671,-0.6085464893058985,-0.650220109021927,-0.7269092840225266,-0.4341992969394796,-0.09345386270319955,-1.5006451422694485,214,43
nac,North Atlantic Conference (NAC),2025-26,wsoc,VTSU Lyndon,"Gerrish, Alyssa",0,,22,14,13,0.0,0.0,0.0,0.0,0.0,0.0,0.0,0.0,0.0,0.0,0.0,0.0,0.0,0.0,0.0,0.0,0.0,0.0,0.0,0.0,0.0,0.0,2.0,0.0,0.0,0.0,0.14,0.0,0.0,0.0,0.0,,1174:00,0.0,0.0,0.0,,,,,,,,,,,,,,,,,-0.5766381062576671,-0.6085464893058985,-0.650220109021927,-0.7269092840225266,-0.4341992969394796,-0.09345386270319955,-1.5006451422694485,215,42
nac,North Atlantic Conference (NAC),2025-26,wsoc,UMaine-Presque Isle,"Miranda, Natalie",0,,0,15,7,0.0,0.0,0.0,0.0,0.0,0.0,0.0,0.0,0.0,0.0,0.0,0.0,0.0,0.0,0.0,0.0,0.0,0.0,0.0,0.0,0.0,0.0,0.0,0.0,0.0,0.0,0.0,0.0,0.0,0.0,0.0,,647:00,0.0,0.0,0.0,125.0,1.0,5.0,0.0,0.0,0.78,2.5,64.0,18.0,649:24,7.0,11.0,1.2,0.78,0.0,4.27,-0.5766381062576671,-0.6085464893058985,-0.650220109021927,-0.7269092840225266,-0.4341992969394796,-0.09345386270319955,-1.5006451422694485,216,42
nac,North Atlantic Conference (NAC),2025-26,wsoc,UMaine-Presque Isle,"Stairs, Cady",0,,27,14,0,0.0,0.0,0.0,0.0,0.0,0.0,0.0,0.0,0.0,0.0,0.0,0.0,0.0,0.0,0.0,0.0,0.0,0.0,0.0,0.0,0.0,0.0,1.0,0.0,0.0,0.0,0.07,0.0,0.0,0.0,0.0,,273:00,0.0,0.0,0.0,,,,,,,,,,,,,,,,,-0.5766381062576671,-0.6085464893058985,-0.650220109021927,-0.7269092840225266,-0.4341992969394796,-0.09345386270319955,-1.5006451422694485,217,42
nac,North Atlantic Conference (NAC),2025-26,wsoc,SUNY Cobleskill,"Fausti, Samantha",0,,9,12,10,0.0,0.0,0.0,0.0,0.0,0.0,0.0,0.0,0.0,0.0,0.0,0.0,0.0,0.0,0.0,0.0,0.0,0.0,0.0,0.0,0.0,0.0,1.0,0.0,0.0,0.0,0.08,0.0,0.0,0.0,0.0,,960:00,0.0,0.0,0.0,218.0,0.0,9.0,1.0,1.0,0.697,3.81,92.0,40.0,945:00,10.0,11.0,3.33,0.697,0.083,7.67,-0.5766381062576671,-0.6085464893058985,-0.650220109021927,-0.7269092840225266,-0.4341992969394796,-0.09345386270319955,-1.5006451422694485,218,42
nac,North Atlantic Conference (NAC),2025-26,wsoc,Maine Maritime,Isa Thesing,0,,0,20,20,0.0,0.0,0.0,0.0,0.0,0.0,0.0,0.0,0.0,0.0,0.0,0.0,0.0,0.0,0.0,0.0,0.0,0.0,0.0,0.0,0.0,0.0,1.0,0.0,0.0,0.0,0.05,0.0,0.0,0.0,0.0,,1736:00,0.0,0.0,0.0,162.0,1.0,6.0,10.0,7.0,0.744,1.16,67.0,23.0,1780:21,20.0,20.0,1.15,0.744,0.35,3.35,-0.5766381062576671,-0.6085464893058985,-0.650220109021927,-0.7269092840225266,-0.4341992969394796,-0.09345386270319955,-1.5006451422694485,219,42
nac,North Atlantic Conference (NAC),2025-26,wsoc,SUNY Cobleskill,"Maggio, Alyssa",0,,2,10,8,0.0,0.0,0.0,0.0,0.0,0.0,0.0,0.0,0.0,0.0,0.0,0.0,0.0,0.0,0.0,0.0,0.0,0.0,0.0,0.0,0.0,0.0,1.0,0.0,0.0,0.0,0.1,0.0,0.0,0.0,0.0,,720:00,0.0,0.0,0.0,,,,,,,,,,,,,,,,,-0.5766381062576671,-0.6085464893058985,-0.650220109021927,-0.7269092840225266,-0.4341992969394796,-0.09345386270319955,-1.5006451422694485,220,42
nac,North Atlantic Conference (NAC),2025-26,wsoc,VTSU Lyndon,"Collier, Sarah",0,,7,14,14,0.0,0.0,0.0,2.0,0.0,0.0,0.0,0.0,0.0,0.14,0.0,0.0,0.0,0.0,0.0,0.0,0.0,0.0,0.0,0.0,0.0,0.0,0.0,0.0,0.0,0.0,0.0,0.0,0.0,0.0,0.0,,1190:00,0.0,0.0,0.0,,,,,,,,,,,,,,,,,-0.5766381062576671,-0.6085464893058985,-0.650220109021927,-0.7269092840225266,-0.4341992969394796,-0.09345386270319955,-1.5006451422694485,221,42
nac,North Atlantic Conference (NAC),2025-26,wsoc,VTSU Johnson,"Ward, Emily",0,,9,13,0,0.0,0.0,0.0,0.0,0.0,0.0,0.0,0.0,0.0,0.0,0.0,0.0,0.0,0.0,0.0,0.0,0.0,0.0,0.0,0.0,0.0,0.0,3.0,0.0,0.0,0.0,0.23,0.0,0.0,0.0,0.0,,482:00,0.0,0.0,0.0,,,,,,,,,,,,,,,,,-0.5766381062576671,-0.6085464893058985,-0.650220109021927,-0.7269092840225266,-0.4341992969394796,-0.09345386270319955,-1.5006451422694485,222,42
nac,North Atlantic Conference (NAC),2025-26,wsoc,VTSU Lyndon,"Delgado-Juarez, Aracely",0,,12,14,14,0.0,0.0,0.0,0.0,0.0,0.0,0.0,0.0,0.0,0.0,0.0,0.0,0.0,0.0,0.0,0.0,0.0,0.0,0.0,0.0,0.0,0.0,0.0,0.0,0.0,0.0,0.0,0.0,0.0,0.0,0.0,,1196:00,0.0,0.0,0.0,283.0,0.0,5.0,1.0,1.0,0.661,8.14,113.0,58.0,641:45,8.0,9.0,4.14,0.661,0.071,8.07,-0.5766381062576671,-0.6085464893058985,-0.650220109021927,-0.7269092840225266,-0.4341992969394796,-0.09345386270319955,-1.5006451422694485,223,41
nac,North Atlantic Conference (NAC),2025-26,wsoc,SUNY Cobleskill,"Lincoln, Brooke",0,,13,11,4,0.0,0.0,0.0,0.0,0.0,0.0,0.0,0.0,0.0,0.0,0.0,0.0,0.0,0.0,0.0,0.0,0.0,0.0,0.0,0.0,0.0,0.0,0.0,0.0,0.0,0.0,0.0,0.0,0.0,0.0,0.0,,526:00,0.0,0.0,0.0,,,,,,,,,,,,,,,,,-0.5766381062576671,-0.6085464893058985,-0.650220109021927,-0.7269092840225266,-0.4341992969394796,-0.09345386270319955,-1.5006451422694485,224,41
nac,North Atlantic Conference (NAC),2025-26,wsoc,Lesley,Madison Roy,0,,14,12,6,0.0,0.0,0.0,1.0,0.0,0.0,0.0,0.0,0.0,0.08,0.0,0.0,0.0,0.0,0.0,0.0,0.0,0.0,0.0,0.0,0.0,0.0,0.0,0.0,0.0,0.0,0.0,0.0,0.0,0.0,0.0,,642:00,0.0,0.0,0.0,,,,,,,,,,,,,,,,,-0.5766381062576671,-0.6085464893058985,-0.650220109021927,-0.7269092840225266,-0.4341992969394796,-0.09345386270319955,-1.5006451422694485,225,41
nac,North Atlantic Conference (NAC),2025-26,wsoc,UMaine-Farmington,Hannah Wilbur,0,,15,19,18,0.0,0.0,8.0,12.0,0.0,0.0,0.0,0.0,0.0,0.63,0.42,0.0,0.0,0.0,8.0,0.0,0.0,0.0,0.0,0.0,0.0,0.0,9.0,0.0,1.0,0.0,0.47,0.05,0.0,0.0,0.0,,1449:00,0.0,0.0,0.0,,,,,,,,,,,,,,,,,-0.5766381062576671,-0.6085464893058985,-0.650220109021927,0.28922411754602806,1.2658013402303472,-0.09345386270319955,-1.5524185575312115,226,41
nac,North Atlantic Conference (NAC),2025-26,wsoc,VTSU Johnson,"Royea, Shelby",0,,8,16,16,0.0,0.0,0.0,1.0,0.0,0.0,0.0,0.0,0.0,0.06,0.0,0.0,0.0,0.0,0.0,0.0,0.0,0.0,0.0,0.0,0.0,0.0,14.0,0.0,1.0,0.0,0.88,0.06,0.0,0.0,0.0,,1448:00,0.0,0.0,0.0,,,,,,,,,,,,,,,,,-0.5766381062576671,-0.6085464893058985,-0.650220109021927,-0.7269092840225266,1.2658013402303472,-0.09345386270319955,-1.7556452378449225,227,41
nac,North Atlantic Conference (NAC),2025-26,wsoc,VTSU Lyndon,"Simms, Anneciah",0,,10,12,12,0.0,0.0,0.0,0.0,0.0,0.0,0.0,0.0,0.0,0.0,0.0,0.0,0.0,0.0,0.0,0.0,0.0,0.0,0.0,0.0,0.0,0.0,7.0,0.0,1.0,0.0,0.58,0.08,0.0,0.0,0.0,,985:00,0.0,0.0,0.0,,,,,,,,,,,,,,,,,-0.5766381062576671,-0.6085464893058985,-0.650220109021927,-0.7269092840225266,1.2658013402303472,-0.09345386270319955,-1.7556452378449225,228,41
nac,North Atlantic Conference (NAC),2025-26,wsoc,Thomas,Sara White,0,,11,15,1,0.0,0.0,2.0,3.0,0.0,0.0,0.0,0.0,0.0,0.2,0.13,0.0,0.0,0.0,2.0,0.0,0.0,0.0,0.0,0.0,0.0,0.0,5.0,0.0,2.0,0.0,0.33,0.13,0.0,0.0,0.0,,734:00,0.0,0.0,0.0,,,,,,,,,,,,,,,,,-0.5766381062576671,-0.6085464893058985,-0.650220109021927,-0.472875933630388,2.9658019774001745,-0.09345386270319955,-1.9598386633419689,229,41
nac,North Atlantic Conference (NAC),2025-26,wsoc,SUNY Delhi,"Hines, Kaitlyn",0,,25,15,8,0.0,0.0,5.0,14.0,7.0,3.0,2.0,0.0,0.0,0.93,0.33,0.47,0.133,0.2,3.0,0.0,0.0,0.0,0.0,0.0,0.0,0.0,14.0,1.0,2.0,0.0,0.93,0.13,0.07,0.0,0.0,,823:00,0.0,0.0,0.0,,,,,,,,,,,,,,,,,0.16959944301696095,1.1559837077191546,0.453038984670052,-0.09182590804217995,2.9658019774001745,10.70046727951635,-3.447507062335597,230,41
nac,North Atlantic Conference (NAC),2025-26,wsoc,SUNY Cobleskill,"Grant, Emma",0,,21,9,5,0.0,0.0,3.0,6.0,2.0,0.0,1.0,0.0,0.0,0.67,0.33,0.22,0.111,0.0,2.0,0.0,0.0,0.0,1.0,1.0,0.0,0.0,6.0,1.0,0.0,0.0,0.67,0.0,0.11,0.0,0.0,,437:00,0.0,0.0,0.0,,,,,,,,,,,,,,,,,-0.2035193316203531,-0.6085464893058985,-0.3350032251099329,-0.34585925843431864,-0.4341992969394796,10.70046727951635,-4.633409700597525,231,40
nac,North Atlantic Conference (NAC),2025-26,wsoc,SUNY Delhi,Cayla Moroni,0,,12,0,0,,,,,,,,,,,,,,,,,,,,,,,,,,,,,,,,,,,,,,,,,,,,,,,,,,,,,,,,,,,,232,40
nac,North Atlantic Conference (NAC),2025-26,wsoc,SUNY Delhi,Sophia Kim,0,,18,0,0,,,,,,,,,,,,,,,,,,,,,,,,,,,,,,,,,,,,,,,,,,,,,,,,,,,,,,,,,,,,233,40
nac,North Atlantic Conference (NAC),2025-26,wsoc,UMaine-Presque Isle,Adrianna Fenderson,0,,7,0,0,,,,,,,,,,,,,,,,,,,,,,,,,,,,,,,,,,,,,,,,,,,,,,,,,,,,,,,,,,,,234,40
