conference_code,conference,season,sport,team,player_name,class_year,position,uniform,games_played,games_started,attack_stats_hitting_pct,attack_stats_attempts,attack_stats_errors,attack_stats_kills,set_stats_assists,set_stats_errors,set_stats_attempts,set_stats_set_pct,serve_stats_aces,serve_stats_errors,serve_stats_attempts,serve_stats_serve_pct,defense_stats_defense_pct,defense_stats_attempts,defense_stats_receptions,defense_stats_digs,block_stats_total,block_stats_errors,block_stats_assists,block_stats_solos,misc_stats_points,misc_stats_ball_handling_errors,per_set_stats_kills,per_set_stats_assists,per_set_stats_digs,per_set_stats_blocks,per_set_stats_aces,per_set_stats_points,z_per_set_stats_points,z_per_set_stats_kills,z_per_set_stats_assists,z_per_set_stats_blocks,z_per_set_stats_aces,z_per_set_stats_digs,z_attack_stats_errors,z_serve_stats_errors,composite_score,rank,rating
nacc,Northern Athletics Collegiate Conference (NACC),2025-26,mvball,Wisconsin Lutheran,"Hilton, Adonis",0,,13,12,6,0.258,93.0,16.0,40.0,4.0,0.0,16.0,0.0,8.0,13.0,45.0,0.0,0.0,59.0,3.0,10.0,4.0,0.0,4.0,0.0,50.0,0.0,3.33,0.33,0.83,0.33,0.67,4.17,2.553343295006827,2.4087547762216537,-0.24340364189442532,0.17860284461931372,4.384654975783454,-0.05746668819860057,-0.37578358737600703,-0.3460468431504048,6.272863073211125,1,99
nacc,Northern Athletics Collegiate Conference (NACC),2025-26,mvball,MSOE,"Harris, Callan",0,,2,87,39,0.221,813.0,154.0,334.0,15.0,3.0,86.0,0.0,23.0,66.0,295.0,0.0,0.0,7.0,0.0,205.0,52.0,2.0,44.0,8.0,387.0,0.0,3.84,0.17,2.36,0.6,0.26,4.45,2.795762437040823,2.924808995221231,-0.32300321127071036,1.049491640695877,1.1539593965673964,1.9904270531309325,3.2806657293264028,2.0794155411773425,5.561669348729997,2,95
nacc,Northern Athletics Collegiate Conference (NACC),2025-26,mvball,Wisconsin Lutheran,"Pichler, Brady",0,,8,100,44,0.235,947.0,149.0,372.0,16.0,4.0,102.0,0.0,35.0,72.0,342.0,0.0,0.0,5.0,0.0,169.0,58.0,1.0,42.0,16.0,444.0,1.0,3.72,0.16,1.69,0.58,0.35,4.44,2.787104610539609,2.803384473103683,-0.32797818435672815,0.9849813595050204,1.8631364749318966,1.0936369833983919,3.1481856816197937,2.353996188459729,5.479143038813453,3,94
nacc,Northern Athletics Collegiate Conference (NACC),2025-26,mvball,Concordia Chicago,"Holubek, Tyler",0,,9,79,34,0.198,803.0,164.0,323.0,15.0,3.0,70.0,0.0,14.0,38.0,290.0,0.0,0.0,259.0,10.0,173.0,39.0,1.0,30.0,9.0,361.0,0.0,4.09,0.19,2.19,0.49,0.18,4.57,2.8996563550553924,3.177776749632788,-0.31305326509867476,0.694685094146166,0.5235797713545071,1.7628833040943177,3.545625824739621,0.7980391871928723,5.462611993673672,4,92
nacc,Northern Athletics Collegiate Conference (NACC),2025-26,mvball,Aurora,"McLellan, Josh",0,,7,101,43,0.308,930.0,127.0,413.0,6.0,4.0,59.0,0.0,18.0,49.0,323.0,0.0,0.0,368.0,23.0,139.0,42.0,1.0,38.0,4.0,454.0,0.0,4.09,0.06,1.38,0.42,0.18,4.5,2.839051569546893,3.177776749632788,-0.3777279152169063,0.4688991099781681,0.5235797713545071,0.6787042645669178,2.565273471710714,1.3014370405439142,5.124995351399062,5,91
nacc,Northern Athletics Collegiate Conference (NACC),2025-26,mvball,Benedictine,"Armstrong, Cooper",0,,10,81,34,0.285,565.0,86.0,247.0,34.0,1.0,98.0,0.0,18.0,39.0,306.0,0.0,0.0,356.0,20.0,172.0,66.0,5.0,57.0,9.0,302.5,0.0,3.05,0.42,2.12,0.81,0.22,3.73,2.172398928953405,2.125430891280709,-0.19862888412026497,1.7268495931998709,0.8387695839609518,1.6691888191968882,1.4789370805165198,0.8438026284066033,4.989628467545387,6,91
nacc,Northern Athletics Collegiate Conference (NACC),2025-26,mvball,Dominican,"Geschke, Ty",0,,7,76,33,0.287,613.0,99.0,275.0,14.0,11.0,86.0,0.0,15.0,56.0,241.0,0.0,0.0,365.0,8.0,99.0,38.0,1.0,34.0,4.0,311.0,0.0,3.62,0.18,1.3,0.5,0.2,4.09,2.484080682997114,2.7021973713390603,-0.31802823818469256,0.7269402347415943,0.6811746776577295,0.5716248532555699,1.8233852045537033,1.6217811290400317,4.707012685090584,7,90
nacc,Northern Athletics Collegiate Conference (NACC),2025-26,mvball,Benedictine,"Radomski, Chris",0,,9,98,39,0.248,820.0,143.0,346.0,25.0,0.0,113.0,0.0,20.0,60.0,381.0,0.0,0.0,450.0,25.0,183.0,46.0,4.0,43.0,3.0,390.5,0.0,3.53,0.26,1.87,0.47,0.2,3.98,2.388844591483758,2.6111289797508994,-0.27822845349655,0.6301748129553094,0.6811746776577295,1.3345656588489254,2.989209624371863,1.804834893894956,4.453683981175657,8,89
nacc,Northern Athletics Collegiate Conference (NACC),2025-26,mvball,Dominican,"Goss, Casey",0,,20,57,18,0.226,412.0,72.0,165.0,8.0,4.0,41.0,0.0,21.0,47.0,211.0,0.0,0.0,5.0,1.0,98.0,22.0,0.0,20.0,2.0,198.0,0.0,2.89,0.14,1.72,0.39,0.37,3.47,1.9472954399218383,1.9635315284573125,-0.3379281305287638,0.37213368819188336,2.0207313812351186,1.1337917626401475,1.1079929469380143,1.209910158116452,4.2505815164212075,9,88
nacc,Northern Athletics Collegiate Conference (NACC),2025-26,mvball,Benedictine,"VanEngen, Spencer",0,,3,103,41,0.269,283.0,24.0,100.0,956.0,25.0,2372.0,0.0,17.0,83.0,372.0,0.0,0.0,5.0,2.0,197.0,94.0,3.0,80.0,14.0,171.0,2.0,0.97,9.28,1.91,0.91,0.17,1.66,0.3802288432020815,0.0207391745765507,4.2091972700915194,2.0494009991541535,0.4447823182028961,1.3881053645045995,-0.16381551104543257,2.857394041810771,4.2190020109306285,10,88
nacc,Northern Athletics Collegiate Conference (NACC),2025-26,mvball,Aurora,"Brouwer, Logan",0,,24,103,47,0.265,136.0,17.0,53.0,1020.0,12.0,2434.0,0.0,43.0,92.0,419.0,0.0,0.0,6.0,0.0,182.0,64.0,4.0,57.0,7.0,131.5,2.0,0.51,9.9,1.77,0.62,0.42,1.28,0.05123143615594481,-0.44472149354071505,4.517645601424624,1.1140019218867336,2.414718646993175,1.2007163947097401,-0.3492875778346852,3.2692650127343508,3.972040134889721,11,87
nacc,Northern Athletics Collegiate Conference (NACC),2025-26,mvball,Marian,"Wills,Derek",0,,7,94,36,0.224,883.0,122.0,320.0,20.0,2.0,54.0,0.0,12.0,51.0,184.0,0.0,0.0,488.0,15.0,165.0,32.0,4.0,25.0,7.0,351.5,0.0,3.4,0.21,1.76,0.34,0.13,3.74,2.18105675545462,2.4795857474568894,-0.3031033189266391,0.21085798521474203,0.12959250559645139,1.1873314682958216,2.432793424004105,1.3929639229713762,3.811107146886096,12,86
nacc,Northern Athletics Collegiate Conference (NACC),2025-26,mvball,St. Norbert,"Kornaus, Bennett",0,,22,82,31,0.256,578.0,91.0,239.0,21.0,1.0,68.0,0.0,16.0,19.0,260.0,0.0,0.0,95.0,12.0,191.0,28.0,1.0,27.0,1.0,269.5,0.0,2.91,0.26,2.33,0.34,0.2,3.29,1.7914545628999843,1.983768948810237,-0.27822845349655,0.21085798521474203,0.6811746776577295,1.9502722738891771,1.6114171282231289,-0.07146619586801832,3.7618627759351773,13,86
nacc,Northern Athletics Collegiate Conference (NACC),2025-26,mvball,Benedictine,"Lambert, Tucker",0,,18,54,14,0.255,326.0,53.0,136.0,5.0,2.0,26.0,0.0,17.0,33.0,166.0,0.0,0.0,37.0,4.0,46.0,33.0,0.0,24.0,9.0,174.0,0.0,2.52,0.09,0.85,0.61,0.31,3.22,1.7308497773914853,1.5891392519282073,-0.3628029959588529,1.0817467812913053,1.547946662325452,-0.03069683537076351,0.6045687656529,0.5692219811242168,3.7590212768488804,14,85
nacc,Northern Athletics Collegiate Conference (NACC),2025-26,mvball,Illinois Tech,"Laite, Riley",0,,14,72,26,0.179,492.0,98.0,186.0,16.0,4.0,66.0,0.0,34.0,49.0,218.0,0.0,0.0,283.0,11.0,130.0,16.0,1.0,13.0,3.0,229.5,0.0,2.58,0.22,1.81,0.22,0.47,3.19,1.7048762978878427,1.649851512986981,-0.2981283458406213,-0.1762037019303973,2.8087059127512304,1.2542561003654142,1.7968891950123815,1.3014370405439142,3.7053034969428342,15,85
nacc,Northern Athletics Collegiate Conference (NACC),2025-26,mvball,MSOE,"Thomas, Seth",0,,1,84,39,0.186,636.0,97.0,215.0,15.0,1.0,84.0,0.0,32.0,55.0,321.0,0.0,0.0,432.0,18.0,157.0,31.0,4.0,27.0,4.0,264.5,1.0,2.56,0.18,1.87,0.37,0.38,3.15,1.670244991882986,1.6296140926340565,-0.31802823818469256,0.30762340700102675,2.09952883438673,1.3345656588489254,1.7703931854710597,1.5760176878263006,3.5987035691700107,16,84
nacc,Northern Athletics Collegiate Conference (NACC),2025-26,mvball,Edgewood,"Keesling, Jack",0,,14,36,17,0.198,167.0,37.0,70.0,5.0,0.0,17.0,0.0,17.0,13.0,127.0,0.0,0.0,1.0,0.0,18.0,24.0,0.0,22.0,2.0,100.0,0.0,1.94,0.14,0.5,0.67,0.47,2.78,1.3499054113380633,1.0022540616933937,-0.3379281305287638,1.275277624863875,2.8087059127512304,-0.4991692598579116,0.18063261299175098,-0.3460468431504048,3.583758806660162,17,84
nacc,Northern Athletics Collegiate Conference (NACC),2025-26,mvball,Concordia Wisconsin,"Scott, Reid",0,,11,85,33,0.163,737.0,129.0,249.0,7.0,2.0,64.0,0.0,15.0,22.0,208.0,0.0,0.0,17.0,4.0,130.0,36.0,4.0,35.0,1.0,282.5,3.0,2.93,0.08,1.53,0.42,0.18,3.32,1.817428042403626,2.0040063691631618,-0.3677779690448707,0.4688991099781681,0.5235797713545071,0.8794781607756957,2.6182654907933576,0.06582412777317492,3.333481849096055,18,83
nacc,Northern Athletics Collegiate Conference (NACC),2025-26,mvball,MSOE,"Clausz, Tommy",0,,12,92,43,0.34,376.0,53.0,181.0,11.0,1.0,69.0,0.0,19.0,55.0,340.0,0.0,0.0,28.0,0.0,76.0,98.0,8.0,74.0,24.0,261.0,0.0,1.97,0.12,0.83,1.07,0.21,2.84,1.4018523703453483,1.0326101922227806,-0.34787807670079945,2.565483248681006,0.7599721308093406,-0.05746668819860057,0.6045687656529,1.5760176878263006,3.3130619608044722,19,83
nacc,Northern Athletics Collegiate Conference (NACC),2025-26,mvball,Rockford,"Karpenko, Danny",0,,1,74,34,0.314,331.0,34.0,138.0,10.0,1.0,33.0,0.0,31.0,63.0,264.0,0.0,0.0,12.0,0.0,50.0,54.0,3.0,36.0,18.0,205.0,2.0,1.86,0.14,0.68,0.73,0.42,2.77,1.3412475848368495,0.9213043802816955,-0.3379281305287638,1.4688084684364444,2.414718646993175,-0.25824058440737824,0.10114458436778556,1.9421252175361492,3.2968243190314235,20,82
nacc,Northern Athletics Collegiate Conference (NACC),2025-26,mvball,Rockford,"Dixon, Isaiah",0,,3,92,44,0.168,738.0,142.0,266.0,9.0,2.0,70.0,0.0,32.0,86.0,293.0,0.0,0.0,369.0,40.0,94.0,30.0,6.0,19.0,11.0,318.5,1.0,2.89,0.1,1.02,0.33,0.35,3.46,1.9386376134206242,1.9635315284573125,-0.35782802287283505,0.17860284461931372,1.8631364749318966,0.19684691366585136,2.962713614830541,2.994684365451964,3.286522603650347,21,82
nacc,Northern Athletics Collegiate Conference (NACC),2025-26,mvball,Lakeland,"Busalacchi, Ben",0,,6,82,40,0.118,536.0,147.0,210.0,27.0,1.0,117.0,0.0,26.0,95.0,262.0,0.0,0.0,533.0,39.0,149.0,38.0,4.0,26.0,12.0,261.0,0.0,2.56,0.33,1.82,0.46,0.32,3.18,1.6962184713866286,1.6296140926340565,-0.24340364189442532,0.5979196723598813,1.6267441154770634,1.2676410267793328,3.09519366253715,3.406555336375544,3.160741033277833,22,82
nacc,Northern Athletics Collegiate Conference (NACC),2025-26,mvball,Concordia Chicago,"Mosher, Elijah",0,,11,104,43,0.344,157.0,18.0,72.0,1002.0,21.0,2502.0,0.0,13.0,44.0,353.0,0.0,0.0,9.0,1.0,262.0,45.0,3.0,41.0,4.0,109.5,5.0,0.69,9.63,2.52,0.43,0.13,1.05,-0.14789857337198006,-0.26258471036439374,4.383321328102143,0.5011542505735964,0.12959250559645139,2.204585875753629,-0.3227915682933634,1.0726198344752587,3.0828833818727235,23,81
nacc,Northern Athletics Collegiate Conference (NACC),2025-26,mvball,St. Norbert,"Whitney, Michael",0,,20,83,33,0.17,165.0,26.0,54.0,747.0,15.0,1725.0,0.0,26.0,80.0,268.0,0.0,0.0,4.0,1.0,134.0,31.0,7.0,22.0,9.0,100.0,2.0,0.65,9.0,1.61,0.37,0.31,1.2,-0.018031175853768254,-0.30305955107024285,4.06989802368302,0.30762340700102675,1.547946662325452,0.986557572087044,-0.11082349196278894,2.7201037181695775,2.9512440855279047,24,81
nacc,Northern Athletics Collegiate Conference (NACC),2025-26,mvball,Dominican,"Dahman, Tanner",0,,10,76,32,0.247,421.0,66.0,170.0,10.0,2.0,78.0,0.0,29.0,65.0,241.0,0.0,0.0,349.0,19.0,118.0,23.0,4.0,20.0,3.0,212.0,0.0,2.24,0.13,1.55,0.3,0.38,2.79,1.3585632378392778,1.305815366987263,-0.3429031036147816,0.08183742283302883,2.09952883438673,0.9062480136035328,0.9490168896900836,2.033652099963611,2.911597329897931,25,80
nacc,Northern Athletics Collegiate Conference (NACC),2025-26,mvball,MSOE,"Rings, Parker",0,,16,96,42,0.166,151.0,16.0,41.0,924.0,16.0,2301.0,0.0,12.0,17.0,451.0,0.0,0.0,1.0,1.0,186.0,53.0,2.0,48.0,5.0,82.0,2.0,0.43,9.63,1.94,0.55,0.13,0.85,-0.32105510339626264,-0.5256711749524136,4.383321328102143,0.8882159377187359,0.12959250559645139,1.4282601437463547,-0.37578358737600703,-0.1629930782954805,2.832866785842379,26,80
nacc,Northern Athletics Collegiate Conference (NACC),2025-26,mvball,Marian,"Calderon,Adrian",0,,9,89,32,0.199,597.0,123.0,242.0,15.0,0.0,46.0,0.0,16.0,56.0,118.0,0.0,0.0,311.0,19.0,141.0,31.0,3.0,23.0,8.0,277.5,0.0,2.72,0.17,1.58,0.35,0.18,3.12,1.6442715123793439,1.7915134554574534,-0.32300321127071036,0.24311312581017017,0.5235797713545071,0.9464027928452884,2.4592894335454267,1.6217811290400317,2.7972335200280023,27,80
nacc,Northern Athletics Collegiate Conference (NACC),2025-26,mvball,Concordia Wisconsin,"Beres, Lucas",0,,15,85,31,0.294,299.0,47.0,135.0,4.0,1.0,27.0,0.0,22.0,54.0,294.0,0.0,0.0,18.0,0.0,36.0,90.0,9.0,68.0,22.0,213.0,1.0,1.59,0.05,0.42,1.06,0.26,2.51,1.116144095805282,0.6480992055172135,-0.3827028883029241,2.5332281080855776,1.1539593965673964,-0.6062486711692597,0.4455927084049691,1.5302542466125695,2.73949340577248,28,79
nacc,Northern Athletics Collegiate Conference (NACC),2025-26,mvball,St. Norbert,"Kornaus, Kaden",0,,8,82,34,0.186,597.0,121.0,232.0,15.0,1.0,74.0,0.0,10.0,38.0,275.0,0.0,0.0,524.0,20.0,124.0,20.0,2.0,15.0,5.0,254.5,0.0,2.83,0.18,1.51,0.24,0.12,3.1,1.6269558593769156,1.9028192673985387,-0.31802823818469256,-0.1116934207395408,0.05079505244484016,0.8527083079478587,2.406297414462783,0.7980391871928723,2.5749793163682173,29,79
nacc,Northern Athletics Collegiate Conference (NACC),2025-26,mvball,Wisconsin Lutheran,"Wempner, Drew",0,,15,99,47,0.287,453.0,61.0,191.0,9.0,3.0,66.0,0.0,24.0,59.0,288.0,0.0,0.0,2.0,0.0,52.0,74.0,5.0,44.0,30.0,267.0,0.0,1.93,0.09,0.53,0.75,0.24,2.7,1.2806427993283507,0.9921353515169314,-0.3628029959588529,1.533318749627301,0.996364490264174,-0.459014480616156,0.8165368419834744,1.759071452681225,2.5679063200670478,30,79
nacc,Northern Athletics Collegiate Conference (NACC),2025-26,mvball,St. Norbert,"Nelson, Kade",0,,6,84,32,0.34,288.0,32.0,130.0,4.0,2.0,31.0,0.0,30.0,53.0,321.0,0.0,0.0,4.0,1.0,48.0,61.0,4.0,43.0,18.0,199.5,1.0,1.55,0.05,0.57,0.73,0.36,2.38,1.0035923512894984,0.6076243648113642,-0.3827028883029241,1.4688084684364444,1.941933928083508,-0.40547477496048207,0.04815256528514193,1.4844908053988384,2.511799628271428,31,78
nacc,Northern Athletics Collegiate Conference (NACC),2025-26,mvball,Concordia Wisconsin,"Kolozsy, Owen",0,,14,57,18,0.126,357.0,73.0,118.0,25.0,1.0,94.0,0.0,11.0,49.0,186.0,0.0,0.0,378.0,22.0,107.0,28.0,3.0,25.0,3.0,144.5,0.0,2.07,0.44,1.88,0.49,0.19,2.54,1.1421175753089245,1.1337972939874035,-0.18867893794822935,0.694685094146166,0.6023772245061183,1.3479505852628435,1.1344889564793361,1.3014370405439142,2.5041876355708923,32,78
nacc,Northern Athletics Collegiate Conference (NACC),2025-26,mvball,MSOE,"Schultz, Matthew",0,,11,96,44,0.351,373.0,37.0,168.0,18.0,3.0,69.0,0.0,16.0,53.0,297.0,0.0,0.0,13.0,4.0,69.0,82.0,3.0,71.0,11.0,230.5,0.0,1.75,0.19,0.72,0.85,0.17,2.4,1.0209080042919267,0.8099985683406101,-0.31305326509867476,1.8558701555815837,0.4447823182028961,-0.20470087875170426,0.18063261299175098,1.4844908053988384,2.3511720821510003,33,78
nacc,Northern Athletics Collegiate Conference (NACC),2025-26,mvball,Aurora,"Nelson, SJ",0,,15,49,10,0.261,272.0,33.0,104.0,2.0,0.0,16.0,0.0,10.0,16.0,79.0,0.0,0.0,2.0,1.0,57.0,17.0,2.0,14.0,3.0,124.0,0.0,2.12,0.04,1.16,0.35,0.2,2.53,1.1334597488077103,1.1843908448697154,-0.38767786138894195,0.24311312581017017,0.6811746776577295,0.38423588346071047,0.07464857482646374,-0.20875651950921156,2.3443970496891002,34,77
nacc,Northern Athletics Collegiate Conference (NACC),2025-26,mvball,Concordia Chicago,"Stella, Jackson",0,,17,88,30,0.155,579.0,91.0,181.0,4.0,0.0,34.0,0.0,26.0,59.0,262.0,0.0,0.0,5.0,0.0,92.0,41.0,0.0,37.0,4.0,229.5,0.0,2.06,0.05,1.05,0.47,0.3,2.61,1.2027223608174233,1.1236785838109415,-0.3827028883029241,0.6301748129553094,1.469149209173841,0.23700169290760695,1.6114171282231289,1.759071452681225,2.3358504373457665,35,77
nacc,Northern Athletics Collegiate Conference (NACC),2025-26,mvball,Lakeland,"Anderson, Chase",0,,19,84,42,0.19,158.0,17.0,47.0,691.0,25.0,1950.0,0.0,13.0,25.0,300.0,0.0,0.0,4.0,0.0,137.0,36.0,2.0,32.0,4.0,80.0,2.0,0.56,8.23,1.63,0.43,0.15,0.95,-0.2344768383841214,-0.3941279426584035,3.686825096059649,0.5011542505735964,0.2871874118996736,1.0133274249148807,-0.3492875778346852,0.20311445141436815,2.3306458818258324,36,77
nacc,Northern Athletics Collegiate Conference (NACC),2025-26,mvball,Concordia Wisconsin,"Miller, Tate",0,,10,85,33,0.229,510.0,75.0,192.0,25.0,3.0,138.0,0.0,5.0,71.0,295.0,0.0,0.0,460.0,15.0,182.0,45.0,2.0,43.0,2.0,220.5,1.0,2.26,0.29,2.14,0.53,0.06,2.59,1.185406707814995,1.3260527873401873,-0.26330353423849656,0.8237056565278792,-0.4219896664648268,1.6959586720247253,1.1874809755619797,2.308232747245998,2.286993976991241,37,76
nacc,Northern Athletics Collegiate Conference (NACC),2025-26,mvball,Edgewood,"Patterson, Gavin",0,,4,78,38,0.126,470.0,89.0,148.0,7.0,2.0,61.0,0.0,25.0,50.0,271.0,0.0,0.0,493.0,19.0,146.0,27.0,3.0,20.0,7.0,190.0,1.0,1.9,0.09,1.87,0.35,0.32,2.44,1.0555393102967832,0.9617792209875445,-0.3628029959588529,0.24311312581017017,1.6267441154770634,1.3345656588489254,1.5584251091404853,1.3472004817576453,2.266771443315787,38,76
nacc,Northern Athletics Collegiate Conference (NACC),2025-26,mvball,Illinois Tech,"Evans, Bryan",0,,10,25,5,0.205,122.0,27.0,52.0,1.0,0.0,21.0,0.0,7.0,11.0,79.0,0.0,0.0,117.0,10.0,25.0,5.0,0.0,5.0,0.0,61.5,0.0,2.08,0.04,1.0,0.2,0.28,2.46,1.0728549632992115,1.143916004163866,-0.38767786138894195,-0.24071398312125383,1.311554302870619,0.1700770608380143,-0.08432748242146712,-0.43757372557786695,2.2627879136361435,39,76
nacc,Northern Athletics Collegiate Conference (NACC),2025-26,mvball,Edgewood,"Gehrke, Will",0,,8,77,37,0.173,104.0,12.0,30.0,646.0,19.0,1702.0,0.0,12.0,31.0,251.0,0.0,0.0,11.0,0.0,116.0,37.0,0.0,31.0,6.0,63.5,3.0,0.39,8.39,1.51,0.48,0.16,0.82,-0.347028582899905,-0.5661460156582626,3.766424665435934,0.6624299535507377,0.36598486505128486,0.8527083079478587,-0.4817676255412943,0.47769509869675464,2.199279418856476,40,75
nacc,Northern Athletics Collegiate Conference (NACC),2025-26,mvball,Aurora,"Ciszewski, Sebastian",0,,16,100,45,0.33,348.0,51.0,166.0,7.0,1.0,21.0,0.0,18.0,53.0,331.0,0.0,0.0,9.0,2.0,51.0,90.0,0.0,73.0,17.0,237.5,0.0,1.66,0.07,0.51,0.9,0.18,2.38,1.0035923512894984,0.7189301767524493,-0.3727529421308885,2.017145858558725,0.5235797713545071,-0.4857843334439931,0.5515767465702563,1.4844908053988384,2.1928790520191566,41,75
nacc,Northern Athletics Collegiate Conference (NACC),2025-26,mvball,Aurora,"Scharosch, Mateo",0,,25,64,23,0.174,293.0,63.0,114.0,7.0,0.0,33.0,0.0,27.0,44.0,282.0,0.0,0.0,344.0,9.0,75.0,16.0,6.0,15.0,1.0,149.5,0.0,1.78,0.11,1.17,0.25,0.42,2.34,0.9689610452846419,0.840354698869997,-0.35285304978681725,-0.0794382801441125,2.414718646993175,0.397620809874629,0.8695288610661182,1.0726198344752587,2.173938740041671,42,75
nacc,Northern Athletics Collegiate Conference (NACC),2025-26,mvball,Benedictine,"O'Toole, Eoin",0,,17,96,39,0.27,311.0,38.0,122.0,5.0,1.0,38.0,0.0,15.0,33.0,341.0,0.0,0.0,5.0,1.0,45.0,114.0,5.0,101.0,13.0,200.5,2.0,1.27,0.05,0.47,1.19,0.16,2.09,0.7525153827542888,0.32430047987041977,-0.3827028883029241,2.952544935826145,0.36598486505128486,-0.5393240390996672,0.2071286225330728,0.5692219811242168,2.1718215152085034,43,74
nacc,Northern Athletics Collegiate Conference (NACC),2025-26,mvball,MSOE,"Kubon, Gregory",0,,3,42,21,0.107,233.0,46.0,71.0,3.0,2.0,39.0,0.0,12.0,29.0,145.0,0.0,0.0,208.0,6.0,72.0,17.0,2.0,16.0,1.0,92.0,0.0,1.69,0.07,1.71,0.4,0.29,2.19,0.8390936477664301,0.7492863072818363,-0.3727529421308885,0.40438882878731164,1.3903517560222296,1.120406836226229,0.4190966988636473,0.3861682162692925,2.130871592772812,44,74
nacc,Northern Athletics Collegiate Conference (NACC),2025-26,mvball,Concordia Chicago,"Ford, Alexander",0,,8,90,39,0.267,408.0,55.0,164.0,6.0,4.0,37.0,0.0,10.0,49.0,237.0,0.0,0.0,8.0,0.0,43.0,80.0,4.0,68.0,12.0,220.0,0.0,1.82,0.07,0.48,0.89,0.11,2.44,1.0555393102967832,0.8808295395758463,-0.3727529421308885,1.984890717963297,-0.028002400706770958,-0.5259391126857487,0.6575607847355436,1.3014370405439142,2.1246549362049296,45,74
nacc,Northern Athletics Collegiate Conference (NACC),2025-26,mvball,Wisconsin Lutheran,"Kern, Noah",0,,1,95,45,0.142,600.0,129.0,214.0,46.0,1.0,174.0,0.0,24.0,63.0,336.0,0.0,0.0,619.0,23.0,172.0,19.0,4.0,14.0,5.0,250.0,3.0,2.25,0.48,1.81,0.2,0.25,2.63,1.2200380138198517,1.3159340771637251,-0.1687790456041581,-0.24071398312125383,1.0751619434157853,1.2542561003654142,2.6182654907933576,1.9421252175361492,2.0769240391730914,46,74
nacc,Northern Athletics Collegiate Conference (NACC),2025-26,mvball,Edgewood,"Stringfellow, Carsyn",0,,10,72,26,0.17,405.0,96.0,165.0,4.0,1.0,37.0,0.0,10.0,39.0,143.0,0.0,0.0,2.0,0.0,88.0,27.0,1.0,18.0,9.0,193.0,2.0,2.29,0.06,1.22,0.38,0.14,2.68,1.2633271463259224,1.3564089178695744,-0.3777279152169063,0.3398785475964551,0.20838995874806263,0.46454544194422165,1.743897175929738,0.8438026284066033,2.0580894512483385,47,73
nacc,Northern Athletics Collegiate Conference (NACC),2025-26,mvball,Aurora,"Brzovic, Ammar",0,,20,81,37,0.348,273.0,35.0,130.0,3.0,1.0,25.0,0.0,7.0,26.0,130.0,0.0,0.0,3.0,1.0,22.0,81.0,6.0,69.0,12.0,183.5,0.0,1.6,0.04,0.27,1.0,0.09,2.27,0.9083562597761432,0.6582179156936757,-0.38767786138894195,2.339697264513008,-0.1855973070099933,-0.8070225673780375,0.12764059390910737,0.24887789262809926,2.0457620350610846,48,73
nacc,Northern Athletics Collegiate Conference (NACC),2025-26,mvball,Dominican,"Diaz, Landon",0,,6,24,8,0.302,53.0,7.0,23.0,4.0,1.0,14.0,0.0,2.0,4.0,61.0,0.0,0.0,0.0,0.0,17.0,31.0,1.0,26.0,5.0,43.0,0.0,0.96,0.17,0.71,1.29,0.08,1.79,0.4927805877178652,0.010620464400088389,-0.32300321127071036,3.275096341780428,-0.2643947601616044,-0.2180858051656228,-0.6142476732479034,-0.7579178140739845,1.9833851640666555,49,73
nacc,Northern Athletics Collegiate Conference (NACC),2025-26,mvball,Benedictine,"Sullivan, Shawn",0,,6,29,12,0.253,95.0,14.0,38.0,3.0,1.0,18.0,0.0,1.0,6.0,26.0,0.0,0.0,0.0,0.0,14.0,33.0,3.0,26.0,7.0,59.0,0.0,1.31,0.1,0.48,1.14,0.03,2.03,0.700568423747004,0.364775320576269,-0.35782802287283505,2.7912692328490034,-0.6583820259196602,-0.5259391126857487,-0.4287756064586507,-0.6663909316465224,1.930883108825901,50,72
nacc,Northern Athletics Collegiate Conference (NACC),2025-26,mvball,St. Norbert,"Bettag, Grant",0,,4,10,5,0.563,16.0,0.0,9.0,1.0,0.0,2.0,0.0,5.0,4.0,27.0,0.0,0.0,0.0,0.0,8.0,5.0,1.0,5.0,0.0,16.5,0.0,0.9,0.1,0.8,0.5,0.5,1.65,0.37157101670086734,-0.05009179665868535,-0.35782802287283505,0.7269402347415943,3.0450982722060638,-0.097621467440356,-0.7997197400371561,-0.7579178140739845,1.9096405544581814,51,72
nacc,Northern Athletics Collegiate Conference (NACC),2025-26,mvball,Concordia Chicago,"Hoffman, Marcin",0,,10,97,41,0.192,635.0,93.0,215.0,26.0,0.0,86.0,0.0,8.0,52.0,291.0,0.0,0.0,668.0,31.0,198.0,35.0,2.0,32.0,3.0,242.0,0.0,2.22,0.27,2.04,0.36,0.08,2.49,1.098828442802854,1.2855779466343384,-0.2732534804105322,0.27536826640559847,-0.2643947601616044,1.56210940788554,1.6644091473057725,1.4387273641851073,1.909037727093883,52,72
nacc,Northern Athletics Collegiate Conference (NACC),2025-26,mvball,Edgewood,"Voigt, Owen",0,,23,52,24,0.289,166.0,30.0,78.0,4.0,0.0,24.0,0.0,13.0,39.0,166.0,0.0,0.0,12.0,2.0,30.0,35.0,2.0,31.0,4.0,110.5,0.0,1.5,0.08,0.58,0.67,0.25,2.13,0.7871466887591453,0.5570308139290526,-0.3677779690448707,1.275277624863875,1.0751619434157853,-0.39208984854656354,-0.0048394537975016885,0.8438026284066033,1.898373314055916,53,72
nacc,Northern Athletics Collegiate Conference (NACC),2025-26,mvball,MSOE,"Kozak, Quinn",0,,16,11,5,0.063,64.0,15.0,19.0,1.0,0.0,11.0,0.0,1.0,5.0,31.0,0.0,0.0,0.0,0.0,15.0,6.0,1.0,5.0,1.0,23.5,0.0,1.73,0.09,1.36,0.55,0.09,2.14,0.7958045152603597,0.7897611479876855,-0.3628029959588529,0.8882159377187359,-0.1855973070099933,0.6519344117390811,-0.40227959691732884,-0.7121543728602534,1.8944556417348282,54,71
nacc,Northern Athletics Collegiate Conference (NACC),2025-26,mvball,Aurora,"Kane, Ethan",0,,23,14,5,0.367,49.0,10.0,28.0,0.0,0.0,3.0,0.0,1.0,3.0,33.0,0.0,0.0,1.0,0.0,2.0,8.0,0.0,8.0,0.0,33.0,0.0,2.0,0.0,0.14,0.57,0.07,2.36,0.9862766982870702,1.0629663227521677,-0.4075777537330132,0.9527262189095921,-0.34319221331321553,-0.9810266107589782,-0.5347596446239379,-0.8036812552877156,1.8732527301423212,55,71
nacc,Northern Athletics Collegiate Conference (NACC),2025-26,mvball,Illinois Tech,"Johnson, Elijah",0,,2,93,34,0.143,126.0,15.0,33.0,635.0,10.0,1525.0,0.0,32.0,39.0,327.0,0.0,0.0,3.0,1.0,184.0,17.0,1.0,15.0,2.0,74.5,2.0,0.35,6.83,1.98,0.18,0.34,0.8,-0.36434423590233317,-0.6066208563641119,2.9903288640171546,-0.3052242643121104,1.784339021780286,1.4817998494020288,-0.40227959691732884,0.8438026284066033,1.8722054928660417,56,71
nacc,Northern Athletics Collegiate Conference (NACC),2025-26,mvball,Dominican,"Esparza, Kendall",0,,14,41,13,0.314,175.0,27.0,82.0,4.0,1.0,28.0,0.0,9.0,23.0,119.0,0.0,0.0,122.0,5.0,45.0,6.0,0.0,4.0,2.0,95.0,1.0,2.0,0.1,1.1,0.15,0.22,2.32,0.9516453922822137,1.0629663227521677,-0.35782802287283505,-0.40198968609839525,0.8387695839609518,0.30392632497719957,-0.08432748242146712,0.111587568986906,1.8035229481253323,57,71
nacc,Northern Athletics Collegiate Conference (NACC),2025-26,mvball,Edgewood,"Hartjes, Owen",0,,18,66,30,0.29,290.0,43.0,127.0,2.0,0.0,29.0,0.0,3.0,11.0,79.0,0.0,0.0,3.0,0.0,26.0,43.0,2.0,31.0,12.0,157.5,1.0,1.92,0.03,0.39,0.65,0.05,2.39,1.0122501777907127,0.9820166413404692,-0.39265283447495974,1.2107673436730184,-0.5007871196164378,-0.6464034504110153,0.3396086702396819,-0.43757372557786695,1.7815753900751423,58,70
nacc,Northern Athletics Collegiate Conference (NACC),2025-26,mvball,Dominican,"Cossyleon, Nathaniel",0,,4,49,15,0.227,211.0,40.0,88.0,3.0,1.0,28.0,0.0,15.0,48.0,142.0,0.0,0.0,1.0,0.0,51.0,11.0,0.0,11.0,0.0,108.5,1.0,1.8,0.06,1.04,0.22,0.31,2.21,0.8564093007688584,0.8605921192229217,-0.3777279152169063,-0.1762037019303973,1.547946662325452,0.22361676649368842,0.2601206416157164,1.255673599330183,1.7276357643492948,59,70
nacc,Northern Athletics Collegiate Conference (NACC),2025-26,mvball,Illinois Tech,"Dowling, Maximo",0,,20,84,36,0.117,522.0,117.0,178.0,13.0,7.0,78.0,0.0,14.0,53.0,226.0,0.0,0.0,316.0,16.0,114.0,30.0,1.0,24.0,6.0,210.0,1.0,2.12,0.15,1.36,0.36,0.17,2.5,1.1074862693040681,1.1843908448697154,-0.33295315744274595,0.27536826640559847,0.4447823182028961,0.6519344117390811,2.300313376297496,1.4844908053988384,1.7252959583535379,60,70
nacc,Northern Athletics Collegiate Conference (NACC),2025-26,mvball,Benedictine,"Thomas, Jacob",0,,15,83,31,0.363,267.0,26.0,123.0,1.0,1.0,23.0,0.0,0.0,6.0,38.0,0.0,0.0,8.0,1.0,20.0,89.0,10.0,86.0,3.0,169.0,1.0,1.48,0.01,0.24,1.07,0.0,2.04,0.7092262502482183,0.536793393576128,-0.4026027806469954,2.565483248681006,-0.8947743853744937,-0.847177346619793,-0.11082349196278894,-0.6663909316465224,1.6989406218138907,61,70
nacc,Northern Athletics Collegiate Conference (NACC),2025-26,mvball,Benedictine,"Lindsay, Jaron",0,,10,5,1,0.175,40.0,6.0,13.0,1.0,0.0,2.0,0.0,0.0,4.0,13.0,0.0,0.0,0.0,0.0,3.0,4.0,0.0,3.0,1.0,15.5,0.0,2.6,0.2,0.6,0.8,0.0,3.1,1.6269558593769156,1.6700889333399058,-0.3080782920126569,1.6945944526044425,-0.8947743853744937,-0.3653199957187265,-0.6407436827892252,-0.7579178140739845,1.6900890110146158,62,69
nacc,Northern Athletics Collegiate Conference (NACC),2025-26,mvball,Rockford,"Albers, Josh",0,,2,90,34,0.149,336.0,72.0,122.0,355.0,17.0,991.0,0.0,14.0,33.0,225.0,0.0,0.0,5.0,0.0,115.0,23.0,1.0,15.0,8.0,151.5,3.0,1.36,3.94,1.28,0.26,0.16,1.68,0.39754449620450977,0.41536887145858054,1.552561642158006,-0.047183139548684194,0.36598486505128486,0.5448550004277328,1.1079929469380143,0.5692219811242168,1.6418719175192582,63,69
nacc,Northern Athletics Collegiate Conference (NACC),2025-26,mvball,Aurora,"Meier, Lucas",0,,13,40,7,0.281,203.0,30.0,87.0,3.0,0.0,7.0,0.0,0.0,2.0,2.0,0.0,0.0,50.0,5.0,18.0,17.0,1.0,16.0,1.0,96.0,0.0,2.18,0.08,0.45,0.43,0.0,2.4,1.0209080042919267,1.2451031059284892,-0.3677779690448707,0.5011542505735964,-0.8947743853744937,-0.5660938919275041,-0.0048394537975016885,-0.8494446965014467,1.6333799661725656,64,69
nacc,Northern Athletics Collegiate Conference (NACC),2025-26,mvball,Marian,"Dreifuerst,Isaac",0,,11,87,26,0.161,528.0,98.0,183.0,7.0,1.0,18.0,0.0,12.0,16.0,47.0,0.0,0.0,133.0,6.0,56.0,33.0,5.0,30.0,3.0,213.0,0.0,2.1,0.08,0.64,0.38,0.14,2.45,1.0641971367979977,1.1641534245167908,-0.3677779690448707,0.3398785475964551,0.20838995874806263,-0.31178029006305236,1.7968891950123815,-0.20875651950921156,1.6117010927146425,65,69
nacc,Northern Athletics Collegiate Conference (NACC),2025-26,mvball,Dominican,"Morrow, Owen",0,,3,69,22,0.304,79.0,4.0,28.0,573.0,22.0,1365.0,0.0,10.0,13.0,253.0,0.0,0.0,6.0,0.0,122.0,9.0,1.0,8.0,1.0,43.0,2.0,0.41,8.3,1.77,0.13,0.14,0.62,-0.5201851129241875,-0.5459085953053382,3.721649907661774,-0.46649996728925175,0.20838995874806263,1.2007163947097401,-0.6937357018718688,-0.3460468431504048,1.599714878650055,66,68
nacc,Northern Athletics Collegiate Conference (NACC),2025-26,mvball,Aurora,"McKee, Martin",0,,14,27,5,0.25,80.0,14.0,34.0,1.0,0.0,6.0,0.0,5.0,7.0,44.0,0.0,0.0,2.0,0.0,5.0,21.0,1.0,17.0,4.0,51.5,0.0,1.26,0.04,0.19,0.78,0.19,1.91,0.5966745057324346,0.31418176969395745,-0.38767786138894195,1.630084171413586,0.6023772245061183,-0.9141019786893856,-0.4287756064586507,-0.6206274904327913,1.5906985558261386,67,68
nacc,Northern Athletics Collegiate Conference (NACC),2025-26,mvball,Wisconsin Lutheran,"Biedenbender, James",0,,17,87,41,0.13,131.0,17.0,34.0,627.0,14.0,1778.0,0.0,14.0,29.0,286.0,0.0,0.0,12.0,0.0,152.0,23.0,2.0,19.0,4.0,61.5,3.0,0.39,7.21,1.75,0.26,0.16,0.71,-0.4422646744132604,-0.5661460156582626,3.1793778412858313,-0.047183139548684194,0.36598486505128486,1.173946541881903,-0.3492875778346852,0.3861682162692925,1.4599749234882835,68,68
nacc,Northern Athletics Collegiate Conference (NACC),2025-26,mvball,Aurora,"Rodarte, Gunner",0,,27,12,4,0.125,48.0,10.0,16.0,0.0,0.0,0.0,0.0,0.0,3.0,12.0,0.0,0.0,2.0,2.0,5.0,12.0,0.0,12.0,0.0,22.0,0.0,1.33,0.0,0.42,1.0,0.0,1.83,0.5274118937227217,0.3850127409291936,-0.4075777537330132,2.339697264513008,-0.8947743853744937,-0.6062486711692597,-0.5347596446239379,-0.8036812552877156,1.4385721989942195,69,68
nacc,Northern Athletics Collegiate Conference (NACC),2025-26,mvball,Concordia Wisconsin,"Ammons, Chase",0,,24,83,33,0.339,221.0,29.0,104.0,2.0,0.0,28.0,0.0,10.0,25.0,234.0,0.0,0.0,2.0,1.0,27.0,74.0,2.0,64.0,10.0,156.0,0.0,1.25,0.02,0.33,0.89,0.12,1.88,0.5707010262287922,0.3040630595174951,-0.39762780756097754,1.984890717963297,0.05079505244484016,-0.7267130088945265,-0.0313354633388235,0.20311445141436815,1.3924155645684826,70,67
nacc,Northern Athletics Collegiate Conference (NACC),2025-26,mvball,Concordia Chicago,"Caminar, Tristan",0,,1,28,10,0.176,165.0,26.0,55.0,5.0,0.0,20.0,0.0,1.0,6.0,39.0,0.0,0.0,67.0,3.0,35.0,7.0,0.0,6.0,1.0,60.0,0.0,1.96,0.18,1.25,0.25,0.04,2.14,0.7958045152603597,1.0224914820463185,-0.31802823818469256,-0.0794382801441125,-0.579584572768049,0.5047002211859772,-0.11082349196278894,-0.6663909316465224,1.3664066356610276,71,67
nacc,Northern Athletics Collegiate Conference (NACC),2025-26,mvball,Illinois Tech,"Farrell, Colten",0,,25,71,32,0.343,239.0,21.0,103.0,2.0,0.0,15.0,0.0,3.0,14.0,85.0,0.0,0.0,2.0,1.0,14.0,59.0,5.0,48.0,11.0,141.0,0.0,1.45,0.03,0.2,0.83,0.04,1.99,0.6659371177421477,0.5064372630467411,-0.39265283447495974,1.791359874390727,-0.579584572768049,-0.9007170522754671,-0.243303539669398,-0.30028340193667374,1.352851120641389,72,67
nacc,Northern Athletics Collegiate Conference (NACC),2025-26,mvball,Concordia Chicago,"Gudzovski, Leon",0,,18,92,41,0.238,273.0,47.0,112.0,3.0,1.0,35.0,0.0,19.0,40.0,233.0,0.0,0.0,6.0,0.0,25.0,74.0,1.0,65.0,9.0,172.5,0.0,1.22,0.03,0.27,0.8,0.21,1.88,0.5707010262287922,0.2737069289881082,-0.39265283447495974,1.6945944526044425,0.7599721308093406,-0.8070225673780375,0.4455927084049691,0.8895660696203344,1.3255301568727238,73,67
nacc,Northern Athletics Collegiate Conference (NACC),2025-26,mvball,Edgewood,"Hill-Zastrow, Ryder",0,,12,65,25,0.167,412.0,64.0,133.0,7.0,1.0,29.0,0.0,1.0,11.0,41.0,0.0,0.0,56.0,4.0,38.0,26.0,2.0,18.0,8.0,151.0,0.0,2.05,0.11,0.58,0.4,0.02,2.32,0.9516453922822137,1.113559873634479,-0.35285304978681725,0.40438882878731164,-0.7371794790712713,-0.39208984854656354,0.89602487060744,-0.43757372557786695,1.3046340203825115,74,67
nacc,Northern Athletics Collegiate Conference (NACC),2025-26,mvball,Marian,"Goo Sun,Trent",0,,3,91,29,0.172,209.0,42.0,78.0,516.0,6.0,714.0,0.0,12.0,51.0,161.0,0.0,0.0,39.0,2.0,135.0,22.0,3.0,21.0,1.0,101.5,0.0,0.86,5.67,1.48,0.24,0.13,1.12,-0.08729378786348113,-0.09056663736453459,2.4132319860390883,-0.1116934207395408,0.12959250559645139,0.8125535287061031,0.3131126606983601,1.3929639229713762,1.2854018434768706,75,66
nacc,Northern Athletics Collegiate Conference (NACC),2025-26,mvball,Illinois Tech,"Russell, Kyler",0,,12,4,0,-0.105,19.0,6.0,4.0,1.0,0.0,2.0,0.0,1.0,2.0,10.0,0.0,0.0,0.0,0.0,9.0,5.0,0.0,5.0,0.0,7.5,0.0,1.0,0.25,2.25,1.25,0.25,1.88,0.5707010262287922,0.05109530510593763,-0.2832034265825678,3.1460757793987146,1.0751619434157853,1.8431928625778289,-0.6407436827892252,-0.8494446965014467,1.2474597213128482,76,66
nacc,Northern Athletics Collegiate Conference (NACC),2025-26,mvball,Illinois Tech,"Matos, Raul",0,,9,57,19,0.114,334.0,61.0,99.0,6.0,4.0,45.0,0.0,5.0,13.0,147.0,0.0,0.0,242.0,15.0,115.0,15.0,2.0,15.0,0.0,111.5,1.0,1.74,0.11,2.02,0.26,0.09,1.96,0.6399636382385052,0.7998798581641479,-0.35285304978681725,-0.047183139548684194,-0.1855973070099933,1.535339555057703,0.8165368419834744,-0.3460468431504048,1.2254574070021649,77,66
nacc,Northern Athletics Collegiate Conference (NACC),2025-26,mvball,Wisconsin Lutheran,"Warren, David",0,,18,14,1,0.333,3.0,0.0,1.0,81.0,1.0,146.0,0.0,6.0,4.0,72.0,0.0,0.0,0.0,0.0,23.0,0.0,0.0,0.0,0.0,7.0,0.0,0.07,5.79,1.64,0.0,0.43,0.5,-0.6240790309387569,-0.8899447413050562,2.4729316630713014,-0.8858167950298194,2.4935161001447863,1.0267123513287992,-0.7997197400371561,-0.7579178140739845,1.1946360336500133,78,66
nacc,Northern Athletics Collegiate Conference (NACC),2025-26,mvball,Concordia Wisconsin,"Gonzales, Kellen",0,,17,42,15,0.102,196.0,41.0,61.0,12.0,2.0,49.0,0.0,7.0,9.0,133.0,0.0,0.0,204.0,4.0,69.0,11.0,3.0,11.0,0.0,73.5,0.0,1.45,0.29,1.64,0.26,0.17,1.75,0.45814928171300867,0.5064372630467411,-0.26330353423849656,-0.047183139548684194,0.4447823182028961,1.0267123513287992,0.2866166511570382,-0.5291006080053291,1.1119031475154453,79,65
nacc,Northern Athletics Collegiate Conference (NACC),2025-26,mvball,Lakeland,"Donohue, Jakob",0,,13,83,42,0.33,273.0,33.0,123.0,9.0,1.0,33.0,0.0,8.0,27.0,254.0,0.0,0.0,16.0,0.0,42.0,47.0,6.0,35.0,12.0,160.5,0.0,1.48,0.11,0.51,0.57,0.1,1.93,0.6139901587348628,0.536793393576128,-0.35285304978681725,0.9527262189095921,-0.10679985385838207,-0.4857843334439931,0.07464857482646374,0.29464133384183033,1.099516279924644,80,65
nacc,Northern Athletics Collegiate Conference (NACC),2025-26,mvball,MSOE,"Llona Baez, Antonio",0,,9,49,13,0.092,271.0,50.0,75.0,5.0,0.0,39.0,0.0,10.0,31.0,159.0,0.0,0.0,189.0,2.0,93.0,8.0,1.0,6.0,2.0,90.0,0.0,1.53,0.1,1.9,0.16,0.2,1.84,0.5360697202239358,0.5873869444584395,-0.35782802287283505,-0.3697345455029669,0.6811746776577295,1.3747204380906806,0.5250807370289345,0.47769509869675464,1.0697795126258025,81,65
nacc,Northern Athletics Collegiate Conference (NACC),2025-26,mvball,Dominican,"Hirsch, Thomas",0,,15,67,28,0.338,204.0,27.0,96.0,4.0,0.0,44.0,0.0,4.0,18.0,215.0,0.0,0.0,7.0,0.0,44.0,41.0,1.0,32.0,9.0,125.0,0.0,1.43,0.06,0.66,0.61,0.06,1.87,0.5620431997275782,0.48619984269381644,-0.3777279152169063,1.0817467812913053,-0.4219896664648268,-0.2850104372352153,-0.08432748242146712,-0.1172296370817494,1.0537796996958744,82,65
nacc,Northern Athletics Collegiate Conference (NACC),2025-26,mvball,Dominican,"Greco, Michael",0,,12,51,26,0.352,145.0,12.0,63.0,7.0,1.0,22.0,0.0,0.0,3.0,7.0,0.0,0.0,2.0,0.0,7.0,44.0,2.0,31.0,13.0,91.5,0.0,1.24,0.14,0.14,0.86,0.0,1.79,0.4927805877178652,0.2939443493410328,-0.3379281305287638,1.888125296177012,-0.8947743853744937,-0.9810266107589782,-0.4817676255412943,-0.8036812552877156,1.0427970807594273,83,65
nacc,Northern Athletics Collegiate Conference (NACC),2025-26,mvball,Aurora,"Dail, Solomon",0,,17,59,21,0.203,251.0,45.0,96.0,4.0,0.0,14.0,0.0,2.0,4.0,29.0,0.0,0.0,1.0,0.0,24.0,32.0,2.0,26.0,6.0,117.0,0.0,1.63,0.07,0.41,0.54,0.03,1.98,0.6572792912409335,0.6885740462230624,-0.3727529421308885,0.8559607971233075,-0.6583820259196602,-0.6196335975831783,0.3926006893223255,-0.7579178140739845,0.9914775952817787,84,64
nacc,Northern Athletics Collegiate Conference (NACC),2025-26,mvball,Illinois Tech,"Dominguez, Sebastian",0,,18,26,8,0.122,82.0,16.0,26.0,3.0,1.0,15.0,0.0,4.0,2.0,71.0,0.0,0.0,1.0,0.0,21.0,17.0,1.0,15.0,2.0,39.5,0.0,1.0,0.12,0.81,0.65,0.15,1.52,0.2590192721850838,0.05109530510593763,-0.34787807670079945,1.2107673436730184,0.2871874118996736,-0.08423654102643748,-0.37578358737600703,-0.8494446965014467,0.9504693587144697,85,64
nacc,Northern Athletics Collegiate Conference (NACC),2025-26,mvball,Lakeland,"Davis-Troller,Jordan",0,,18,83,39,0.223,242.0,42.0,96.0,11.0,2.0,37.0,0.0,12.0,32.0,185.0,0.0,0.0,22.0,1.0,41.0,59.0,3.0,48.0,11.0,143.0,0.0,1.16,0.13,0.49,0.71,0.14,1.72,0.43217580220936624,0.21299466792933436,-0.3429031036147816,1.404298187245588,0.20838995874806263,-0.5125541862718301,0.3131126606983601,0.5234585399104857,0.9392278188073055,86,64
nacc,Northern Athletics Collegiate Conference (NACC),2025-26,mvball,Illinois Tech,"Henderson, Paul",0,,6,97,37,0.153,503.0,86.0,163.0,18.0,0.0,73.0,0.0,18.0,41.0,277.0,0.0,0.0,202.0,8.0,172.0,10.0,0.0,10.0,0.0,186.0,1.0,1.68,0.19,1.77,0.1,0.19,1.92,0.6053323322336487,0.7391675971053739,-0.31305326509867476,-0.5632653890755366,0.6023772245061183,1.2007163947097401,1.4789370805165198,0.9353295108340655,0.8790113776141465,87,64
nacc,Northern Athletics Collegiate Conference (NACC),2025-26,mvball,St. Norbert,"Applewhite, Barry",0,,3,84,31,0.307,277.0,47.0,132.0,7.0,1.0,42.0,0.0,3.0,18.0,82.0,0.0,0.0,8.0,4.0,32.0,44.0,5.0,37.0,7.0,160.5,0.0,1.57,0.08,0.38,0.52,0.04,1.91,0.5966745057324346,0.6278617851642888,-0.3677779690448707,0.791450515932451,-0.579584572768049,-0.6597883768249339,0.4455927084049691,-0.1172296370817494,0.7998459091168967,88,64
nacc,Northern Athletics Collegiate Conference (NACC),2025-26,mvball,Wisconsin Lutheran,"Kane, Sean",0,,12,24,3,0.179,78.0,21.0,35.0,1.0,0.0,4.0,0.0,5.0,12.0,33.0,0.0,0.0,0.0,0.0,15.0,4.0,0.0,3.0,1.0,42.5,0.0,1.46,0.04,0.63,0.17,0.21,1.77,0.47546493471543694,0.5165559732232033,-0.38767786138894195,-0.33747940490753864,0.7599721308093406,-0.3251652164769709,-0.243303539669398,-0.3918102843641359,0.7979025785816517,89,63
nacc,Northern Athletics Collegiate Conference (NACC),2025-26,mvball,Benedictine,"Urtel, Jackson",0,,16,4,1,0.0,21.0,6.0,6.0,0.0,0.0,0.0,0.0,0.0,0.0,0.0,0.0,0.0,0.0,0.0,3.0,4.0,1.0,4.0,0.0,8.0,0.0,1.5,0.0,0.75,1.0,0.0,2.0,0.6745949442433617,0.5570308139290526,-0.4075777537330132,2.339697264513008,-0.8947743853744937,-0.16454609950994867,-0.6407436827892252,-0.9409715789289088,0.7474884763307006,90,63
nacc,Northern Athletics Collegiate Conference (NACC),2025-26,mvball,Wisconsin Lutheran,"Geboy, Jacob",0,,14,28,11,0.254,67.0,10.0,27.0,2.0,0.0,3.0,0.0,7.0,7.0,69.0,0.0,0.0,0.0,0.0,10.0,12.0,2.0,9.0,3.0,41.5,0.0,0.96,0.07,0.36,0.43,0.25,1.48,0.22438796618022727,0.010620464400088389,-0.3727529421308885,0.5011542505735964,1.0751619434157853,-0.6865582296527709,-0.5347596446239379,-0.6206274904327913,0.6872495956297513,91,63
nacc,Northern Athletics Collegiate Conference (NACC),2025-26,mvball,Aurora,"Carroll, Connor",0,,12,85,24,0.178,304.0,50.0,104.0,22.0,0.0,52.0,0.0,20.0,48.0,248.0,0.0,0.0,287.0,9.0,141.0,16.0,1.0,15.0,1.0,132.5,0.0,1.22,0.26,1.66,0.19,0.24,1.56,0.29365057818994034,0.2737069289881082,-0.27822845349655,-0.27296912371668214,0.996364490264174,1.0534822041566363,0.5250807370289345,1.255673599330183,0.6405273272301792,92,63
nacc,Northern Athletics Collegiate Conference (NACC),2025-26,mvball,Concordia Chicago,"Beckman, Sean",0,,19,4,1,0.125,32.0,6.0,10.0,0.0,0.0,0.0,0.0,0.0,0.0,0.0,0.0,0.0,0.0,0.0,4.0,0.0,0.0,0.0,0.0,10.0,0.0,2.5,0.0,1.0,0.0,0.0,2.5,1.1074862693040681,1.5689018315752827,-0.4075777537330132,-0.8858167950298194,-0.8947743853744937,0.1700770608380143,-0.6407436827892252,-0.9409715789289088,0.6328032361280075,93,63
nacc,Northern Athletics Collegiate Conference (NACC),2025-26,mvball,Illinois Tech,"Kimoto, Jelani",0,,24,97,43,0.287,293.0,34.0,118.0,8.0,2.0,39.0,0.0,9.0,3.0,241.0,0.0,0.0,5.0,0.0,35.0,53.0,4.0,39.0,14.0,160.5,0.0,1.22,0.08,0.36,0.55,0.09,1.65,0.37157101670086734,0.2737069289881082,-0.3677779690448707,0.8882159377187359,-0.1855973070099933,-0.6865582296527709,0.10114458436778556,-0.8036812552877156,0.6282384757618239,94,62
nacc,Northern Athletics Collegiate Conference (NACC),2025-26,mvball,Concordia Wisconsin,"Kebisek, Logan",0,,13,82,25,0.32,75.0,8.0,32.0,474.0,13.0,1321.0,0.0,15.0,12.0,251.0,0.0,0.0,2.0,0.0,80.0,8.0,3.0,8.0,0.0,51.0,2.0,0.39,5.78,0.98,0.1,0.18,0.62,-0.5201851129241875,-0.5661460156582626,2.4679566899852836,-0.5632653890755366,0.5235797713545071,0.14330720801017724,-0.5877516637065815,-0.3918102843641359,0.6280294657246812,95,62
nacc,Northern Athletics Collegiate Conference (NACC),2025-26,mvball,Marian,"Ouranitsas-Hayes,Kea",0,,17,94,35,0.244,246.0,44.0,104.0,5.0,0.0,17.0,0.0,15.0,28.0,150.0,0.0,0.0,3.0,0.0,35.0,55.0,4.0,49.0,6.0,149.5,0.0,1.11,0.05,0.37,0.59,0.16,1.59,0.31962405769358276,0.16240111704702304,-0.3827028883029241,1.0172365001004486,0.36598486505128486,-0.6731733032388524,0.3661046797810037,0.3404047750555614,0.599380675148715,96,62
nacc,Northern Athletics Collegiate Conference (NACC),2025-26,mvball,Marian,"Velasco,Javean",0,,12,26,5,0.059,135.0,35.0,43.0,0.0,0.0,1.0,0.0,0.0,5.0,2.0,0.0,0.0,0.0,0.0,14.0,9.0,3.0,8.0,1.0,48.0,0.0,1.65,0.0,0.54,0.35,0.0,1.85,0.54472754672515,0.708811466575987,-0.4075777537330132,0.24311312581017017,-0.8947743853744937,-0.4456295542022375,0.12764059390910737,-0.7121543728602534,0.5651568064550637,97,62
nacc,Northern Athletics Collegiate Conference (NACC),2025-26,mvball,Lakeland,"Everts, Levi",0,,4,81,27,0.063,381.0,88.0,112.0,23.0,1.0,103.0,0.0,12.0,31.0,164.0,0.0,0.0,351.0,16.0,152.0,16.0,0.0,9.0,7.0,135.5,1.0,1.38,0.28,1.88,0.2,0.15,1.67,0.3888866697032956,0.4356062918115049,-0.26827850732451436,-0.24071398312125383,0.2871874118996736,1.3479505852628435,1.5319290995991635,0.47769509869675464,0.5537548884832362,98,62
nacc,Northern Athletics Collegiate Conference (NACC),2025-26,mvball,Illinois Tech,"Hanny, Aaron",0,,8,75,12,0.174,339.0,62.0,121.0,3.0,4.0,28.0,0.0,12.0,19.0,148.0,0.0,0.0,2.0,1.0,59.0,6.0,3.0,5.0,1.0,136.5,0.0,1.61,0.04,0.79,0.08,0.16,1.82,0.5187540672215076,0.668336625870138,-0.38767786138894195,-0.627775670266393,0.36598486505128486,-0.11100639385427453,0.8430328515247962,-0.07146619586801832,0.46411121278984424,99,61
nacc,Northern Athletics Collegiate Conference (NACC),2025-26,mvball,Rockford,"Dixon, Joseis",0,,4,61,24,0.073,327.0,80.0,104.0,6.0,1.0,49.0,0.0,6.0,38.0,143.0,0.0,0.0,345.0,33.0,74.0,7.0,0.0,6.0,1.0,114.0,0.0,1.7,0.1,1.21,0.11,0.1,1.87,0.5620431997275782,0.7594050174582986,-0.35782802287283505,-0.5310102484801084,-0.10679985385838207,0.4511605155303031,1.319961023268589,0.7980391871928723,0.41563933969668,100,61
nacc,Northern Athletics Collegiate Conference (NACC),2025-26,mvball,Lakeland,"Xiong, Sage",0,,11,82,30,0.121,388.0,79.0,126.0,10.0,0.0,62.0,0.0,11.0,42.0,232.0,0.0,0.0,48.0,3.0,123.0,11.0,3.0,8.0,3.0,144.0,0.0,1.54,0.12,1.5,0.13,0.13,1.76,0.4668071082142228,0.5975056546349019,-0.34787807670079945,-0.46649996728925175,0.12959250559645139,0.8393233815339401,1.2934650137272672,0.9810929520477966,0.4077003519288714,101,61
nacc,Northern Athletics Collegiate Conference (NACC),2025-26,mvball,Concordia Chicago,"Armstrong, Tyrise",0,,7,31,8,0.084,167.0,38.0,52.0,1.0,0.0,14.0,0.0,0.0,10.0,32.0,0.0,0.0,63.0,3.0,23.0,7.0,1.0,7.0,0.0,55.5,0.0,1.68,0.03,0.74,0.23,0.0,1.79,0.4927805877178652,0.7391675971053739,-0.39265283447495974,-0.143948561334969,-0.8947743853744937,-0.1779310259238672,0.2071286225330728,-0.48333716679159805,0.3810641655914849,102,61
nacc,Northern Athletics Collegiate Conference (NACC),2025-26,mvball,Dominican,"Johnson, Richie",0,,5,3,0,0.278,18.0,1.0,6.0,0.0,0.0,0.0,0.0,0.0,1.0,4.0,0.0,0.0,7.0,0.0,1.0,1.0,0.0,1.0,0.0,6.5,0.0,2.0,0.0,0.33,0.33,0.0,2.17,0.8217779947640018,1.0629663227521677,-0.4075777537330132,0.17860284461931372,-0.8947743853744937,-0.7267130088945265,-0.7732237304958343,-0.8952081377151778,0.36644501295985216,103,61
nacc,Northern Athletics Collegiate Conference (NACC),2025-26,mvball,Dominican,"Kougan, Jason",0,,17,50,19,0.278,90.0,12.0,37.0,4.0,2.0,21.0,0.0,6.0,21.0,192.0,0.0,0.0,6.0,0.0,40.0,34.0,1.0,31.0,3.0,61.5,0.0,0.74,0.08,0.8,0.68,0.12,1.23,0.007942303649874144,-0.2119911594820822,-0.3677779690448707,1.3075327654593034,0.05079505244484016,-0.097621467440356,-0.4817676255412943,0.020060686559443843,0.36170908793709916,104,60
nacc,Northern Athletics Collegiate Conference (NACC),2025-26,mvball,Wisconsin Lutheran,"Dryier, Ray",0,,2,41,9,0.135,141.0,30.0,49.0,10.0,3.0,39.0,0.0,7.0,30.0,92.0,0.0,0.0,146.0,8.0,41.0,9.0,0.0,7.0,2.0,61.5,0.0,1.2,0.24,1.0,0.22,0.17,1.5,0.24170361918265554,0.2534695086351836,-0.28817839966858566,-0.1762037019303973,0.4447823182028961,0.1700770608380143,-0.0048394537975016885,0.4319316574830236,0.3616772528263124,105,60
nacc,Northern Athletics Collegiate Conference (NACC),2025-26,mvball,St. Norbert,"Knezevich, Owen",0,,18,66,23,0.091,285.0,76.0,102.0,5.0,2.0,34.0,0.0,5.0,3.0,82.0,0.0,0.0,144.0,5.0,32.0,14.0,1.0,11.0,3.0,115.5,0.0,1.55,0.08,0.48,0.21,0.08,1.75,0.45814928171300867,0.6076243648113642,-0.3677779690448707,-0.2084588425258256,-0.2643947601616044,-0.5259391126857487,1.2139769851033018,-0.8036812552877156,0.21968261714429704,106,60
nacc,Northern Athletics Collegiate Conference (NACC),2025-26,mvball,Wisconsin Lutheran,"O'Connor, Goerge",0,,5,1,0,0.5,6.0,0.0,3.0,0.0,0.0,0.0,0.0,0.0,0.0,0.0,0.0,0.0,0.0,0.0,0.0,0.0,0.0,0.0,0.0,3.0,0.0,3.0,0.0,0.0,0.0,0.0,3.0,1.5403775943647744,2.0748373403983975,-0.4075777537330132,-0.8858167950298194,-0.8947743853744937,-1.1684155805538374,-0.7997197400371561,-0.9409715789289088,0.21168198735408406,107,60
nacc,Northern Athletics Collegiate Conference (NACC),2025-26,mvball,St. Norbert,"Zlatkovic, Nikola",0,,14,9,4,0.095,21.0,6.0,8.0,0.0,0.0,3.0,0.0,2.0,3.0,21.0,0.0,0.0,1.0,0.0,3.0,3.0,1.0,3.0,0.0,11.5,0.0,0.89,0.0,0.33,0.33,0.22,1.28,0.05123143615594481,-0.06021050683514766,-0.4075777537330132,0.17860284461931372,0.8387695839609518,-0.7267130088945265,-0.6407436827892252,-0.8036812552877156,0.18914781978453726,108,60
nacc,Northern Athletics Collegiate Conference (NACC),2025-26,mvball,Edgewood,"Wrobel, Bryce",0,,17,8,1,0.4,5.0,0.0,2.0,36.0,5.0,87.0,0.0,0.0,5.0,17.0,0.0,0.0,1.0,0.0,7.0,4.0,0.0,3.0,1.0,4.5,0.0,0.25,4.5,0.88,0.5,0.0,0.56,-0.5721320719314722,-0.7078079581287349,1.8311601349750035,0.7269402347415943,-0.8947743853744937,0.009457943870992082,-0.7997197400371561,-0.7121543728602534,0.15952150162619697,109,60
nacc,Northern Athletics Collegiate Conference (NACC),2025-26,mvball,Dominican,"Marrs, Aaron",0,,9,61,12,0.205,176.0,30.0,66.0,5.0,1.0,28.0,0.0,10.0,22.0,139.0,0.0,0.0,168.0,11.0,62.0,14.0,0.0,11.0,3.0,84.5,0.0,1.08,0.08,1.02,0.23,0.16,1.39,0.14646752766930007,0.1320449865176361,-0.3677779690448707,-0.143948561334969,0.36598486505128486,0.19684691366585136,-0.0048394537975016885,0.06582412777317492,0.14945360720816164,110,59
nacc,Northern Athletics Collegiate Conference (NACC),2025-26,mvball,Marian,"Bassett,Abel",0,,4,59,20,0.348,112.0,12.0,51.0,2.0,1.0,5.0,0.0,7.0,31.0,53.0,0.0,0.0,0.0,0.0,15.0,34.0,5.0,26.0,8.0,79.0,0.0,0.86,0.03,0.25,0.58,0.12,1.34,0.1031783951632296,-0.09056663736453459,-0.39265283447495974,0.9849813595050204,0.05079505244484016,-0.8337924202058745,-0.4817676255412943,0.47769509869675464,0.14807799550418713,111,59
nacc,Northern Athletics Collegiate Conference (NACC),2025-26,mvball,Wisconsin Lutheran,"Meloy, Michael",0,,10,1,0,0.2,5.0,1.0,2.0,0.0,0.0,0.0,0.0,0.0,2.0,2.0,0.0,0.0,7.0,2.0,1.0,0.0,0.0,0.0,0.0,2.0,0.0,2.0,0.0,1.0,0.0,0.0,2.0,0.6745949442433617,1.0629663227521677,-0.4075777537330132,-0.8858167950298194,-0.8947743853744937,0.1700770608380143,-0.7732237304958343,-0.8494446965014467,0.07617116794993961,112,59
nacc,Northern Athletics Collegiate Conference (NACC),2025-26,mvball,Lakeland,"Weinrich, Eli",0,,5,84,26,0.104,298.0,66.0,97.0,26.0,1.0,125.0,0.0,13.0,38.0,167.0,0.0,0.0,413.0,27.0,166.0,8.0,0.0,8.0,0.0,114.0,0.0,1.15,0.31,1.98,0.1,0.15,1.36,0.12049404816565787,0.20287595775287204,-0.2533535880664609,-0.5632653890755366,0.2871874118996736,1.4817998494020288,0.9490168896900836,0.7980391871928723,0.06486759744338337,113,59
nacc,Northern Athletics Collegiate Conference (NACC),2025-26,mvball,St. Norbert,"La Blanc, Wade",0,,10,20,2,0.132,53.0,13.0,20.0,2.0,0.0,10.0,0.0,0.0,3.0,10.0,0.0,0.0,0.0,0.0,9.0,11.0,1.0,9.0,2.0,26.5,0.0,1.0,0.1,0.45,0.55,0.0,1.33,0.09452056866201547,0.05109530510593763,-0.35782802287283505,0.8882159377187359,-0.8947743853744937,-0.5660938919275041,-0.4552716159999725,-0.8036812552877156,0.03679718947952498,114,59
nacc,Northern Athletics Collegiate Conference (NACC),2025-26,mvball,St. Norbert,"Doty, Cam",0,,24,44,4,0.239,109.0,19.0,45.0,5.0,1.0,14.0,0.0,12.0,32.0,121.0,0.0,0.0,95.0,12.0,28.0,3.0,0.0,3.0,0.0,58.5,0.0,1.02,0.11,0.64,0.07,0.27,1.33,0.09452056866201547,0.07133272545886224,-0.35285304978681725,-0.6600308108618214,1.2327568497190078,-0.31178029006305236,-0.2962955587520416,0.5234585399104857,0.031930438857304025,115,58
nacc,Northern Athletics Collegiate Conference (NACC),2025-26,mvball,Illinois Tech,"Jones, Erik",0,,7,28,11,0.253,75.0,17.0,36.0,0.0,1.0,3.0,0.0,2.0,10.0,35.0,0.0,0.0,0.0,0.0,4.0,7.0,1.0,6.0,1.0,42.0,0.0,1.29,0.0,0.14,0.25,0.07,1.5,0.24170361918265554,0.34453790022334435,-0.4075777537330132,-0.0794382801441125,-0.34319221331321553,-0.9810266107589782,-0.3492875778346852,-0.48333716679159805,-0.03127415871946705,116,58
nacc,Northern Athletics Collegiate Conference (NACC),2025-26,mvball,Concordia Wisconsin,"Butterfass, Parker",0,,20,28,2,0.278,54.0,7.0,22.0,2.0,0.0,6.0,0.0,2.0,6.0,24.0,0.0,0.0,0.0,0.0,6.0,17.0,1.0,17.0,0.0,32.5,0.0,0.79,0.07,0.21,0.61,0.07,1.16,-0.052662481858624786,-0.16139760859977065,-0.3727529421308885,1.0817467812913053,-0.34319221331321553,-0.8873321258615486,-0.6142476732479034,-0.6663909316465224,-0.03418023234776223,117,58
nacc,Northern Athletics Collegiate Conference (NACC),2025-26,mvball,Wisconsin Lutheran,"Ward, Josh",0,,20,67,30,0.157,159.0,24.0,49.0,4.0,1.0,21.0,0.0,0.0,9.0,33.0,0.0,0.0,3.0,0.0,11.0,53.0,7.0,37.0,16.0,83.5,0.0,0.73,0.06,0.16,0.79,0.0,1.25,0.02525795665230241,-0.22210986965854448,-0.3777279152169063,1.6623393120090144,-0.8947743853744937,-0.9542567579311412,-0.16381551104543257,-0.5291006080053291,-0.05869781282313312,118,58
nacc,Northern Athletics Collegiate Conference (NACC),2025-26,mvball,Rockford,"Namai, Tsubasa",0,,23,92,34,0.097,72.0,17.0,24.0,380.0,12.0,1037.0,0.0,21.0,56.0,327.0,0.0,0.0,7.0,0.0,134.0,5.0,0.0,4.0,1.0,48.0,4.0,0.26,4.13,1.46,0.05,0.23,0.52,-0.6067633779363287,-0.6976892479522726,1.6470861307923443,-0.724541092052678,0.917567037112563,0.785783675878266,-0.3492875778346852,1.6217811290400317,-0.06778150737155376,119,58
nacc,Northern Athletics Collegiate Conference (NACC),2025-26,mvball,Dominican,"Kassulke, Landon",0,,13,55,17,0.085,59.0,8.0,13.0,308.0,9.0,715.0,0.0,3.0,14.0,102.0,0.0,0.0,1.0,0.0,48.0,10.0,0.0,9.0,1.0,21.5,0.0,0.24,5.6,0.87,0.18,0.05,0.39,-0.7193151224521124,-0.7179266683051971,2.3784071744369633,-0.3052242643121104,-0.5007871196164378,-0.0039269825429264485,-0.5877516637065815,-0.30028340193667374,-0.07294220513747048,120,58
nacc,Northern Athletics Collegiate Conference (NACC),2025-26,mvball,Wisconsin Lutheran,"Davies, Logan",0,,4,3,0,0.0,3.0,1.0,1.0,1.0,0.0,3.0,0.0,1.0,0.0,7.0,0.0,0.0,0.0,0.0,0.0,1.0,0.0,1.0,0.0,2.5,0.0,0.33,0.33,0.0,0.33,0.33,0.83,-0.3383707563986909,-0.6268582767170364,-0.24340364189442532,0.17860284461931372,1.7055415686286746,-1.1684155805538374,-0.7732237304958343,-0.9409715789289088,-0.07732305128827506,121,57
nacc,Northern Athletics Collegiate Conference (NACC),2025-26,mvball,MSOE,"Topor, Filip",0,,14,1,0,0.0,1.0,0.0,0.0,0.0,0.0,1.0,0.0,0.0,1.0,2.0,0.0,0.0,0.0,0.0,0.0,1.0,0.0,1.0,0.0,0.5,0.0,0.0,0.0,0.0,1.0,0.0,0.5,-0.6240790309387569,-0.9607757125402924,-0.4075777537330132,2.339697264513008,-0.8947743853744937,-1.1684155805538374,-0.7997197400371561,-0.8952081377151778,-0.08679465084636027,122,57
nacc,Northern Athletics Collegiate Conference (NACC),2025-26,mvball,MSOE,"Nesemann, Brendan",0,,22,10,0,0.027,37.0,9.0,10.0,0.0,0.0,2.0,0.0,0.0,0.0,0.0,0.0,0.0,0.0,0.0,5.0,5.0,0.0,5.0,0.0,12.5,0.0,1.0,0.0,0.5,0.5,0.0,1.25,0.02525795665230241,0.05109530510593763,-0.4075777537330132,0.7269402347415943,-0.8947743853744937,-0.4991692598579116,-0.5612556541652597,-0.9409715789289088,-0.09129611452029082,123,57
nacc,Northern Athletics Collegiate Conference (NACC),2025-26,mvball,Illinois Tech,"Michler, Matthew",0,,13,12,2,0.556,9.0,0.0,5.0,60.0,1.0,170.0,0.0,0.0,3.0,20.0,0.0,0.0,1.0,0.0,10.0,2.0,0.0,2.0,0.0,6.0,0.0,0.42,5.0,0.83,0.17,0.0,0.5,-0.6240790309387569,-0.5357898851288758,2.0799087892758945,-0.33747940490753864,-0.8947743853744937,-0.05746668819860057,-0.7997197400371561,-0.8036812552877156,-0.10546972059333512,124,57
nacc,Northern Athletics Collegiate Conference (NACC),2025-26,mvball,Wisconsin Lutheran,"Smith, Will",0,,5,26,8,0.194,72.0,13.0,27.0,1.0,1.0,11.0,0.0,1.0,4.0,13.0,0.0,0.0,2.0,0.0,5.0,11.0,1.0,9.0,2.0,34.5,0.0,1.04,0.04,0.19,0.42,0.04,1.33,0.09452056866201547,0.09157014581178687,-0.38767786138894195,0.4688991099781681,-0.579584572768049,-0.9141019786893856,-0.4552716159999725,-0.7579178140739845,-0.12389369570500919,125,57
nacc,Northern Athletics Collegiate Conference (NACC),2025-26,mvball,St. Norbert,"Van Ooyen, Jacob",0,,11,60,8,0.068,207.0,49.0,63.0,12.0,1.0,38.0,0.0,10.0,18.0,191.0,0.0,0.0,215.0,12.0,64.0,7.0,0.0,5.0,2.0,77.5,0.0,1.05,0.2,1.07,0.12,0.17,1.29,0.059889262657158944,0.10168885598824917,-0.3080782920126569,-0.4987551078846801,0.4447823182028961,0.263771545735444,0.49858472748761273,-0.1172296370817494,-0.13712234977650406,126,57
nacc,Northern Athletics Collegiate Conference (NACC),2025-26,mvball,Wisconsin Lutheran,"Malaythong, Martin",0,,16,1,0,0.0,0.0,0.0,0.0,3.0,1.0,10.0,0.0,0.0,0.0,2.0,0.0,0.0,0.0,0.0,1.0,0.0,0.0,0.0,0.0,0.0,0.0,0.0,3.0,1.0,0.0,0.0,0.0,-1.0569703559994632,-0.9607757125402924,1.0849141720723314,-0.8858167950298194,-0.8947743853744937,0.1700770608380143,-0.7997197400371561,-0.9409715789289088,-0.167890020334318,127,56
nacc,Northern Athletics Collegiate Conference (NACC),2025-26,mvball,Concordia Wisconsin,"Rauter, Logan",0,,2,2,0,0.0,0.0,0.0,0.0,0.0,0.0,4.0,0.0,1.0,0.0,3.0,0.0,0.0,0.0,0.0,0.0,0.0,0.0,0.0,0.0,1.0,0.0,0.0,0.0,0.0,0.0,0.5,0.5,-0.6240790309387569,-0.9607757125402924,-0.4075777537330132,-0.8858167950298194,3.0450982722060638,-1.1684155805538374,-0.7997197400371561,-0.9409715789289088,-0.18003562621628402,128,56
nacc,Northern Athletics Collegiate Conference (NACC),2025-26,mvball,Concordia Chicago,"Johnson, Tate",0,,12,20,7,0.067,75.0,18.0,23.0,1.0,1.0,13.0,0.0,1.0,15.0,49.0,0.0,0.0,49.0,5.0,20.0,4.0,1.0,4.0,0.0,26.0,0.0,1.15,0.05,1.0,0.2,0.05,1.3,0.06854708915837307,0.20287595775287204,-0.3827028883029241,-0.24071398312125383,-0.5007871196164378,0.1700770608380143,-0.3227915682933634,-0.25451996072294264,-0.18691614208781532,129,56
nacc,Northern Athletics Collegiate Conference (NACC),2025-26,mvball,St. Norbert,"Grassl, Ethan",0,,21,23,3,0.0,22.0,6.0,6.0,87.0,1.0,224.0,0.0,5.0,11.0,52.0,0.0,0.0,0.0,0.0,17.0,1.0,0.0,0.0,1.0,12.0,0.0,0.26,3.78,0.74,0.04,0.22,0.52,-0.6067633779363287,-0.6976892479522726,1.4729620727817208,-0.7567962326481062,0.8387695839609518,-0.1779310259238672,-0.6407436827892252,-0.43757372557786695,-0.1966044627341219,130,56
nacc,Northern Athletics Collegiate Conference (NACC),2025-26,mvball,MSOE,"Wolf, John",0,,17,6,0,0.176,17.0,2.0,5.0,1.0,0.0,4.0,0.0,0.0,2.0,13.0,0.0,0.0,0.0,0.0,2.0,3.0,0.0,3.0,0.0,6.5,0.0,0.83,0.17,0.33,0.5,0.0,1.08,-0.12192509386833766,-0.12092276789392152,-0.32300321127071036,0.7269402347415943,-0.8947743853744937,-0.7267130088945265,-0.7467277209545125,-0.8494446965014467,-0.21257586606449158,131,56
nacc,Northern Athletics Collegiate Conference (NACC),2025-26,mvball,Lakeland,"Toledo, Caden",0,,9,1,0,0.0,0.0,0.0,0.0,0.0,0.0,0.0,0.0,0.0,0.0,3.0,0.0,0.0,0.0,0.0,1.0,0.0,0.0,0.0,0.0,0.0,0.0,0.0,0.0,1.0,0.0,0.0,0.0,-1.0569703559994632,-0.9607757125402924,-0.4075777537330132,-0.8858167950298194,-0.8947743853744937,0.1700770608380143,-0.7997197400371561,-0.9409715789289088,-0.2574395358826386,132,56
nacc,Northern Athletics Collegiate Conference (NACC),2025-26,mvball,Aurora,"Dwyer, Luke",0,,22,17,0,0.5,6.0,0.0,3.0,68.0,0.0,158.0,0.0,4.0,12.0,42.0,0.0,0.0,0.0,0.0,13.0,0.0,0.0,0.0,0.0,7.0,0.0,0.18,4.0,0.76,0.0,0.24,0.41,-0.7019994694496842,-0.778638929363971,1.5824114806741127,-0.8858167950298194,0.996364490264174,-0.15116117309603014,-0.7997197400371561,-0.3918102843641359,-0.2584916427757965,133,55
nacc,Northern Athletics Collegiate Conference (NACC),2025-26,mvball,Edgewood,"Nettesheim, Kevin",0,,16,8,1,0.211,19.0,3.0,7.0,0.0,0.0,0.0,0.0,0.0,1.0,4.0,0.0,0.0,0.0,0.0,2.0,4.0,0.0,4.0,0.0,9.0,1.0,0.88,0.0,0.25,0.5,0.0,1.13,-0.07863596136226718,-0.07032921701160998,-0.4075777537330132,0.7269402347415943,-0.8947743853744937,-0.8337924202058745,-0.7202317114131906,-0.8952081377151778,-0.2790132583901409,134,55
nacc,Northern Athletics Collegiate Conference (NACC),2025-26,mvball,Marian,"Velasco,Aaron",0,,1,89,7,0.186,215.0,45.0,85.0,32.0,0.0,71.0,0.0,6.0,28.0,40.0,0.0,0.0,416.0,19.0,222.0,7.0,1.0,5.0,2.0,95.5,0.0,0.96,0.36,2.49,0.08,0.07,1.07,-0.1305829203695518,0.010620464400088389,-0.22847872263637187,-0.627775670266393,-0.34319221331321553,2.1644310965118736,0.3926006893223255,0.3404047750555614,-0.2817913441318398,135,55
nacc,Northern Athletics Collegiate Conference (NACC),2025-26,mvball,Lakeland,"Caho, Morgan",0,,7,1,0,0.0,0.0,0.0,0.0,0.0,0.0,0.0,0.0,0.0,0.0,0.0,0.0,0.0,0.0,0.0,0.0,0.0,0.0,0.0,0.0,0.0,0.0,0.0,0.0,0.0,0.0,0.0,0.0,-1.0569703559994632,-0.9607757125402924,-0.4075777537330132,-0.8858167950298194,-0.8947743853744937,-1.1684155805538374,-0.7997197400371561,-0.9409715789289088,-0.29090185191743495,136,55
nacc,Northern Athletics Collegiate Conference (NACC),2025-26,mvball,Benedictine,"Vlahos, Tommy",0,,22,1,0,0.0,1.0,0.0,0.0,0.0,0.0,0.0,0.0,0.0,0.0,1.0,0.0,0.0,0.0,0.0,0.0,0.0,0.0,0.0,0.0,0.0,0.0,0.0,0.0,0.0,0.0,0.0,0.0,-1.0569703559994632,-0.9607757125402924,-0.4075777537330132,-0.8858167950298194,-0.8947743853744937,-1.1684155805538374,-0.7997197400371561,-0.9409715789289088,-0.29090185191743495,137,55
nacc,Northern Athletics Collegiate Conference (NACC),2025-26,mvball,MSOE,"Shavitz, Carter",0,,10,1,0,0.0,0.0,0.0,0.0,0.0,0.0,0.0,0.0,0.0,0.0,1.0,0.0,0.0,0.0,0.0,0.0,0.0,0.0,0.0,0.0,0.0,0.0,0.0,0.0,0.0,0.0,0.0,0.0,-1.0569703559994632,-0.9607757125402924,-0.4075777537330132,-0.8858167950298194,-0.8947743853744937,-1.1684155805538374,-0.7997197400371561,-0.9409715789289088,-0.29090185191743495,138,55
nacc,Northern Athletics Collegiate Conference (NACC),2025-26,mvball,Lakeland,"Hesselink, Wade",0,,8,1,0,0.0,0.0,0.0,0.0,0.0,0.0,0.0,0.0,0.0,1.0,1.0,0.0,0.0,0.0,0.0,0.0,0.0,0.0,0.0,0.0,0.0,0.0,0.0,0.0,0.0,0.0,0.0,0.0,-1.0569703559994632,-0.9607757125402924,-0.4075777537330132,-0.8858167950298194,-0.8947743853744937,-1.1684155805538374,-0.7997197400371561,-0.8952081377151778,-0.29135948632957226,139,54
nacc,Northern Athletics Collegiate Conference (NACC),2025-26,mvball,Concordia Wisconsin,"Wagner, Elliot",0,,12,1,0,-1.0,1.0,1.0,0.0,0.0,0.0,0.0,0.0,0.0,0.0,0.0,0.0,0.0,0.0,0.0,0.0,0.0,0.0,0.0,0.0,0.0,0.0,0.0,0.0,0.0,0.0,0.0,0.0,-1.0569703559994632,-0.9607757125402924,-0.4075777537330132,-0.8858167950298194,-0.8947743853744937,-1.1684155805538374,-0.7732237304958343,-0.9409715789289088,-0.29143177210826143,140,54
nacc,Northern Athletics Collegiate Conference (NACC),2025-26,mvball,Marian,"Shogren,Carter",0,,10,51,24,0.233,86.0,16.0,36.0,3.0,0.0,7.0,0.0,4.0,20.0,93.0,0.0,0.0,3.0,0.0,33.0,26.0,4.0,25.0,1.0,53.5,0.0,0.71,0.06,0.65,0.51,0.08,1.05,-0.14789857337198006,-0.24234729001146912,-0.3777279152169063,0.7591953753370226,-0.2643947601616044,-0.2983953636491338,-0.37578358737600703,-0.02570275465428724,-0.2914452188790829,141,54
nacc,Northern Athletics Collegiate Conference (NACC),2025-26,mvball,Marian,"Bou,Giancarlo",0,,25,89,14,-0.04,25.0,6.0,5.0,475.0,5.0,655.0,0.0,16.0,55.0,104.0,0.0,0.0,1.0,0.0,109.0,3.0,1.0,3.0,0.0,22.5,2.0,0.06,5.34,1.22,0.03,0.18,0.25,-0.8405246934691101,-0.9000634514815186,2.2490578742005,-0.7890513732435345,0.5235797713545071,0.46454544194422165,-0.6407436827892252,1.5760176878263006,-0.3095511799527189,142,54
nacc,Northern Athletics Collegiate Conference (NACC),2025-26,mvball,Wisconsin Lutheran,"Haeuser, Connor",0,,11,96,36,0.035,286.0,66.0,76.0,44.0,0.0,156.0,0.0,22.0,44.0,284.0,0.0,0.0,474.0,18.0,125.0,14.0,1.0,11.0,3.0,106.5,0.0,0.79,0.46,1.3,0.15,0.23,1.11,-0.09595161436469526,-0.16139760859977065,-0.1787289917761937,-0.40198968609839525,0.917567037112563,0.5716248532555699,0.9490168896900836,1.0726198344752587,-0.32043427258605045,143,54
nacc,Northern Athletics Collegiate Conference (NACC),2025-26,mvball,Aurora,"Zukley, Xavier",0,,19,2,0,-0.222,9.0,3.0,1.0,1.0,0.0,1.0,0.0,0.0,0.0,2.0,0.0,0.0,4.0,1.0,1.0,0.0,1.0,0.0,0.0,1.0,0.0,0.5,0.5,0.5,0.0,0.0,0.5,-0.6240790309387569,-0.45484020371717737,-0.15882909943212245,-0.8858167950298194,-0.8947743853744937,-0.4991692598579116,-0.7202317114131906,-0.9409715789289088,-0.3541431240050857,144,54
nacc,Northern Athletics Collegiate Conference (NACC),2025-26,mvball,Illinois Tech,"Sherman, Eli",0,,11,76,11,0.23,87.0,13.0,33.0,271.0,5.0,692.0,0.0,3.0,6.0,106.0,0.0,0.0,1.0,0.0,40.0,18.0,2.0,16.0,2.0,46.0,0.0,0.43,3.57,0.53,0.24,0.04,0.61,-0.5288429394254016,-0.5256711749524136,1.3684876379753468,-0.1116934207395408,-0.579584572768049,-0.459014480616156,-0.4552716159999725,-0.6663909316465224,-0.37302803986850674,145,53
nacc,Northern Athletics Collegiate Conference (NACC),2025-26,mvball,Concordia Wisconsin,"Burris, Ryan",0,,1,2,0,0.0,3.0,0.0,0.0,0.0,0.0,0.0,0.0,0.0,0.0,1.0,0.0,0.0,7.0,0.0,0.0,1.0,0.0,1.0,0.0,0.5,0.0,0.0,0.0,0.0,0.5,0.0,0.25,-0.8405246934691101,-0.9607757125402924,-0.4075777537330132,0.7269402347415943,-0.8947743853744937,-1.1684155805538374,-0.7997197400371561,-0.9409715789289088,-0.37723886835165793,146,53
nacc,Northern Athletics Collegiate Conference (NACC),2025-26,mvball,Edgewood,"LaBarbera, Josh",0,,15,29,7,-0.011,91.0,22.0,21.0,1.0,1.0,8.0,0.0,6.0,14.0,83.0,0.0,0.0,40.0,1.0,23.0,5.0,0.0,4.0,1.0,30.0,0.0,0.72,0.03,0.79,0.17,0.21,1.03,-0.16521422637440833,-0.2322285798350068,-0.39265283447495974,-0.33747940490753864,0.7599721308093406,-0.11100639385427453,-0.2168075301280762,-0.30028340193667374,-0.40570139330170873,147,53
nacc,Northern Athletics Collegiate Conference (NACC),2025-26,mvball,MSOE,"Zippay, James",0,,15,85,15,0.16,231.0,31.0,68.0,37.0,1.0,136.0,0.0,5.0,16.0,124.0,0.0,0.0,525.0,21.0,212.0,7.0,1.0,6.0,1.0,77.0,0.0,0.8,0.44,2.49,0.08,0.06,0.91,-0.26910814438897784,-0.15127889842330833,-0.18867893794822935,-0.627775670266393,-0.4219896664648268,2.1644310965118736,0.021656555743820124,-0.20875651950921156,-0.42837021268556374,148,53
nacc,Northern Athletics Collegiate Conference (NACC),2025-26,mvball,Dominican,"Valdez, David",0,,16,2,0,0.0,0.0,0.0,0.0,4.0,0.0,18.0,0.0,0.0,0.0,2.0,0.0,0.0,0.0,0.0,1.0,0.0,0.0,0.0,0.0,0.0,0.0,0.0,2.0,0.5,0.0,0.0,0.0,-1.0569703559994632,-0.9607757125402924,0.5874168634705498,-0.8858167950298194,-0.8947743853744937,-0.4991692598579116,-0.7997197400371561,-0.9409715789289088,-0.4289420337356461,149,53
nacc,Northern Athletics Collegiate Conference (NACC),2025-26,mvball,Rockford,"Simons, Nathan",0,,22,65,15,0.022,269.0,80.0,86.0,5.0,1.0,35.0,0.0,4.0,17.0,66.0,0.0,0.0,162.0,8.0,51.0,6.0,1.0,3.0,3.0,94.5,1.0,1.32,0.08,0.78,0.09,0.06,1.45,0.19841448667658487,0.3748940307527313,-0.3677779690448707,-0.5955205296709649,-0.4219896664648268,-0.12439132026819306,1.319961023268589,-0.1629930782954805,-0.46768392846078377,150,53
nacc,Northern Athletics Collegiate Conference (NACC),2025-26,mvball,Rockford,"Bowling, Josh",0,,19,88,43,0.118,237.0,51.0,79.0,7.0,0.0,33.0,0.0,7.0,57.0,230.0,0.0,0.0,10.0,2.0,38.0,39.0,5.0,25.0,14.0,112.5,0.0,0.9,0.08,0.43,0.44,0.08,1.28,0.05123143615594481,-0.05009179665868535,-0.3677779690448707,0.5334093911690246,-0.2643947601616044,-0.5928637447553412,0.5515767465702563,1.6675445702537628,-0.4738477336063182,151,52
nacc,Northern Athletics Collegiate Conference (NACC),2025-26,mvball,Aurora,"Gobetz, Conor",0,,1,3,0,0.0,0.0,0.0,0.0,0.0,0.0,1.0,0.0,1.0,0.0,6.0,0.0,0.0,0.0,0.0,0.0,0.0,0.0,0.0,0.0,1.0,0.0,0.0,0.0,0.0,0.0,0.33,0.33,-0.771262081459397,-0.9607757125402924,-0.4075777537330132,-0.8858167950298194,1.7055415686286746,-1.1684155805538374,-0.7997197400371561,-0.9409715789289088,-0.47495515890990475,152,52
nacc,Northern Athletics Collegiate Conference (NACC),2025-26,mvball,Concordia Wisconsin,"Groll, Benjamin",0,,19,3,0,0.2,5.0,0.0,1.0,6.0,0.0,13.0,0.0,0.0,0.0,1.0,0.0,0.0,0.0,0.0,1.0,0.0,0.0,0.0,0.0,1.0,2.0,0.33,2.0,0.33,0.0,0.0,0.33,-0.771262081459397,-0.6268582767170364,0.5874168634705498,-0.8858167950298194,-0.8947743853744937,-0.7267130088945265,-0.7997197400371561,-0.9409715789289088,-0.4946261648216139,153,52
nacc,Northern Athletics Collegiate Conference (NACC),2025-26,mvball,Benedictine,"Samaras, Trace",0,,7,85,9,0.142,310.0,51.0,95.0,6.0,1.0,43.0,0.0,0.0,3.0,104.0,0.0,0.0,42.0,0.0,43.0,25.0,3.0,21.0,4.0,109.5,0.0,1.12,0.07,0.51,0.29,0.0,1.29,0.059889262657158944,0.17251982722348533,-0.3727529421308885,0.04958228223760053,-0.8947743853744937,-0.4857843334439931,0.5515767465702563,-0.8036812552877156,-0.5102585610198611,154,52
nacc,Northern Athletics Collegiate Conference (NACC),2025-26,mvball,Wisconsin Lutheran,"Bedalov, Adam",0,,6,13,5,0.214,14.0,1.0,4.0,56.0,1.0,148.0,0.0,0.0,0.0,0.0,0.0,0.0,0.0,0.0,4.0,3.0,0.0,3.0,0.0,5.5,0.0,0.31,4.31,0.31,0.23,0.0,0.42,-0.69334164294847,-0.6470956970699611,1.736635646340665,-0.143948561334969,-0.8947743853744937,-0.7534828617223636,-0.7732237304958343,-0.9409715789289088,-0.5385496590558554,155,52
nacc,Northern Athletics Collegiate Conference (NACC),2025-26,mvball,Lakeland,"Sauvage, Roger",0,,2,2,0,0.0,0.0,0.0,0.0,0.0,0.0,0.0,0.0,0.0,1.0,1.0,0.0,0.0,1.0,0.0,1.0,0.0,0.0,0.0,0.0,0.0,0.0,0.0,0.0,0.5,0.0,0.0,0.0,-1.0569703559994632,-0.9607757125402924,-0.4075777537330132,-0.8858167950298194,-0.8947743853744937,-0.4991692598579116,-0.7997197400371561,-0.8952081377151778,-0.5492566566243482,156,52
nacc,Northern Athletics Collegiate Conference (NACC),2025-26,mvball,Concordia Wisconsin,"Hurley, Hayden",0,,7,62,8,0.2,20.0,2.0,6.0,289.0,13.0,814.0,0.0,5.0,15.0,190.0,0.0,0.0,2.0,0.0,62.0,7.0,4.0,7.0,0.0,14.5,2.0,0.1,4.66,1.0,0.11,0.08,0.23,-0.8578403464715384,-0.8595886107756694,1.9107597043512887,-0.5310102484801084,-0.2643947601616044,0.1700770608380143,-0.7467277209545125,-0.25451996072294264,-0.5530016353132964,157,52
nacc,Northern Athletics Collegiate Conference (NACC),2025-26,mvball,Benedictine,"Sioco, Tyler",0,,24,2,0,0.0,0.0,0.0,0.0,0.0,0.0,0.0,0.0,0.0,0.0,2.0,0.0,0.0,0.0,0.0,0.0,0.0,0.0,0.0,0.0,0.0,0.0,0.0,0.0,0.0,0.0,0.0,0.0,-1.0569703559994632,-0.9607757125402924,-0.4075777537330132,-0.8858167950298194,-0.8947743853744937,-1.1684155805538374,-0.7997197400371561,-0.9409715789289088,-0.5818037038348699,158,51
nacc,Northern Athletics Collegiate Conference (NACC),2025-26,mvball,Wisconsin Lutheran,"Thammavongsa, Jay",0,,16,50,4,0.0,11.0,2.0,2.0,143.0,4.0,392.0,0.0,14.0,15.0,152.0,0.0,0.0,0.0,0.0,52.0,0.0,0.0,0.0,0.0,16.0,0.0,0.04,2.86,1.04,0.0,0.28,0.32,-0.7799199079606112,-0.9203008718344431,1.0152645488680818,-0.8858167950298194,1.311554302870619,0.22361676649368842,-0.7467277209545125,-0.25451996072294264,-0.5945868205873597,159,51
nacc,Northern Athletics Collegiate Conference (NACC),2025-26,mvball,Edgewood,"Hicks, Dazerien",0,,5,43,8,0.212,52.0,9.0,20.0,4.0,0.0,9.0,0.0,6.0,9.0,120.0,0.0,0.0,0.0,0.0,15.0,17.0,0.0,14.0,3.0,36.0,0.0,0.47,0.09,0.35,0.4,0.14,0.84,-0.32971292989747675,-0.48519633424656433,-0.3628029959588529,0.40438882878731164,0.20838995874806263,-0.6999431560666894,-0.5612556541652597,-0.5291006080053291,-0.6598259943602466,160,51
nacc,Northern Athletics Collegiate Conference (NACC),2025-26,mvball,Concordia Wisconsin,"Hildebrandt, Tate",0,,6,3,0,-0.25,8.0,3.0,1.0,0.0,0.0,0.0,0.0,0.0,0.0,2.0,0.0,0.0,0.0,0.0,0.0,0.0,1.0,0.0,0.0,1.0,0.0,0.33,0.0,0.0,0.0,0.0,0.33,-0.771262081459397,-0.6268582767170364,-0.4075777537330132,-0.8858167950298194,-0.8947743853744937,-1.1684155805538374,-0.7202317114131906,-0.9409715789289088,-0.7116221705101414,161,51
nacc,Northern Athletics Collegiate Conference (NACC),2025-26,mvball,Lakeland,"Brunner, Jonah",0,,23,8,0,1.0,1.0,0.0,1.0,17.0,1.0,43.0,0.0,2.0,5.0,13.0,0.0,0.0,0.0,0.0,4.0,0.0,0.0,0.0,0.0,3.0,0.0,0.13,2.13,0.5,0.0,0.25,0.38,-0.7279729489533264,-0.8292324802462825,0.6520915135887814,-0.8858167950298194,1.0751619434157853,-0.4991692598579116,-0.7997197400371561,-0.7121543728602534,-0.7252644598533604,162,51
nacc,Northern Athletics Collegiate Conference (NACC),2025-26,mvball,Wisconsin Lutheran,"Rau, Carson",0,,9,22,2,-0.037,54.0,14.0,12.0,4.0,0.0,22.0,0.0,5.0,11.0,53.0,0.0,0.0,71.0,7.0,15.0,2.0,0.0,2.0,0.0,18.0,0.0,0.55,0.18,0.68,0.09,0.23,0.82,-0.347028582899905,-0.4042466528348658,-0.31802823818469256,-0.5955205296709649,0.917567037112563,-0.25824058440737824,-0.4287756064586507,-0.43757372557786695,-0.7270239503213981,163,51
nacc,Northern Athletics Collegiate Conference (NACC),2025-26,mvball,Concordia Wisconsin,"Wood, Will",0,,21,33,0,0.171,82.0,18.0,32.0,0.0,1.0,11.0,0.0,0.0,0.0,6.0,0.0,0.0,0.0,0.0,3.0,9.0,0.0,9.0,0.0,36.5,0.0,0.97,0.0,0.09,0.27,0.0,1.11,-0.09595161436469526,0.0207391745765507,-0.4075777537330132,-0.014927998953255896,-0.8947743853744937,-1.0479512428285709,-0.3227915682933634,-0.9409715789289088,-0.7926130197252672,164,50
nacc,Northern Athletics Collegiate Conference (NACC),2025-26,mvball,Lakeland,"Kenney, Colin",0,,20,34,2,-0.01,99.0,28.0,27.0,2.0,1.0,12.0,0.0,5.0,9.0,40.0,0.0,0.0,51.0,6.0,27.0,1.0,0.0,0.0,1.0,33.0,0.0,0.79,0.06,0.79,0.03,0.15,0.97,-0.21716118538169313,-0.16139760859977065,-0.3777279152169063,-0.7890513732435345,0.2871874118996736,-0.11100639385427453,-0.05783147288014531,-0.5291006080053291,-0.8158419863405578,165,50
nacc,Northern Athletics Collegiate Conference (NACC),2025-26,mvball,Lakeland,"Butterfield, Joe",0,,15,8,3,0.3,10.0,1.0,4.0,1.0,0.0,2.0,0.0,1.0,2.0,9.0,0.0,0.0,2.0,1.0,3.0,1.0,0.0,1.0,0.0,5.5,0.0,0.5,0.13,0.38,0.13,0.13,0.69,-0.45958032741568866,-0.45484020371717737,-0.3429031036147816,-0.46649996728925175,0.12959250559645139,-0.6597883768249339,-0.7732237304958343,-0.8494446965014467,-0.9087721699370134,166,50
nacc,Northern Athletics Collegiate Conference (NACC),2025-26,mvball,Rockford,"Hurst, Jordan",0,,11,78,26,0.102,236.0,52.0,76.0,3.0,0.0,33.0,0.0,0.0,24.0,37.0,0.0,0.0,4.0,3.0,20.0,23.0,1.0,17.0,6.0,90.5,0.0,0.97,0.04,0.26,0.29,0.0,1.16,-0.052662481858624786,0.0207391745765507,-0.38767786138894195,0.04958228223760053,-0.8947743853744937,-0.820407493791956,0.5780727561115782,0.15735101020063708,-0.938247997752115,167,50
nacc,Northern Athletics Collegiate Conference (NACC),2025-26,mvball,Marian,"Ross,JJ",0,,8,19,4,0.0,60.0,17.0,17.0,2.0,0.0,8.0,0.0,0.0,1.0,14.0,0.0,0.0,2.0,0.0,10.0,3.0,3.0,2.0,1.0,19.0,0.0,0.89,0.11,0.53,0.16,0.0,1.0,-0.19118770587805073,-0.06021050683514766,-0.35285304978681725,-0.3697345455029669,-0.8947743853744937,-0.459014480616156,-0.3492875778346852,-0.8952081377151778,-0.9492202589351246,168,50
nacc,Northern Athletics Collegiate Conference (NACC),2025-26,mvball,Wisconsin Lutheran,"Vogt, Ryder",0,,7,4,0,0.0,0.0,0.0,0.0,0.0,0.0,1.0,0.0,0.0,0.0,0.0,0.0,0.0,0.0,0.0,6.0,0.0,0.0,0.0,0.0,0.0,0.0,0.0,0.0,1.5,0.0,0.0,0.0,-1.0569703559994632,-0.9607757125402924,-0.4075777537330132,-0.8858167950298194,-0.8947743853744937,0.8393233815339401,-0.7997197400371561,-0.9409715789289088,-0.962833511460962,169,50
nacc,Northern Athletics Collegiate Conference (NACC),2025-26,mvball,Aurora,"Kirwan, Nathan",0,,6,84,9,0.036,83.0,14.0,17.0,16.0,0.0,42.0,0.0,23.0,48.0,280.0,0.0,0.0,275.0,14.0,134.0,8.0,0.0,8.0,0.0,44.0,1.0,0.2,0.19,1.6,0.1,0.27,0.52,-0.6067633779363287,-0.7584015090110464,-0.31305326509867476,-0.5632653890755366,1.2327568497190078,0.9731726456731254,-0.4287756064586507,1.255673599330183,-0.9863655760775427,170,50
nacc,Northern Athletics Collegiate Conference (NACC),2025-26,mvball,Aurora,"Vescova, AJ",0,,11,7,0,0.5,4.0,0.0,2.0,20.0,0.0,47.0,0.0,0.0,4.0,18.0,0.0,0.0,0.0,0.0,3.0,0.0,0.0,0.0,0.0,2.0,0.0,0.29,2.86,0.43,0.0,0.0,0.29,-0.8058933874642535,-0.6673331174228856,1.0152645488680818,-0.8858167950298194,-0.8947743853744937,-0.5928637447553412,-0.7997197400371561,-0.7579178140739845,-1.0107296573642979,171,49
nacc,Northern Athletics Collegiate Conference (NACC),2025-26,mvball,Benedictine,"Radi, Will",0,,8,4,0,0.0,0.0,0.0,0.0,0.0,0.0,0.0,0.0,0.0,1.0,18.0,0.0,0.0,0.0,0.0,0.0,0.0,0.0,0.0,0.0,0.0,0.0,0.0,0.0,0.0,0.0,0.0,0.0,-1.0569703559994632,-0.9607757125402924,-0.4075777537330132,-0.8858167950298194,-0.8947743853744937,-1.1684155805538374,-0.7997197400371561,-0.8952081377151778,-1.165437945318289,172,49
nacc,Northern Athletics Collegiate Conference (NACC),2025-26,mvball,MSOE,"Carroll, Hunter",0,,5,8,1,0.125,8.0,1.0,2.0,0.0,0.0,2.0,0.0,0.0,4.0,12.0,0.0,0.0,1.0,0.0,4.0,3.0,0.0,3.0,0.0,3.5,1.0,0.25,0.0,0.5,0.38,0.0,0.44,-0.6760259899460418,-0.7078079581287349,-0.4075777537330132,0.3398785475964551,-0.8947743853744937,-0.4991692598579116,-0.7732237304958343,-0.7579178140739845,-1.2553162211986562,173,49
nacc,Northern Athletics Collegiate Conference (NACC),2025-26,mvball,MSOE,"Chavez, Matthew",0,,7,13,2,0.0,6.0,1.0,1.0,47.0,1.0,125.0,0.0,0.0,0.0,11.0,0.0,0.0,2.0,0.0,14.0,0.0,0.0,0.0,0.0,1.0,0.0,0.08,3.62,1.08,0.0,0.0,0.08,-0.9877077439897501,-0.879826031128594,1.393362503405436,-0.8858167950298194,-0.8947743853744937,0.2771564721493625,-0.7732237304958343,-0.9409715789289088,-1.3383381964846726,174,49
nacc,Northern Athletics Collegiate Conference (NACC),2025-26,mvball,Aurora,"Chlebek, Nathan",0,,9,5,0,0.0,1.0,0.0,0.0,0.0,0.0,0.0,0.0,0.0,0.0,7.0,0.0,0.0,0.0,0.0,1.0,0.0,0.0,0.0,0.0,0.0,0.0,0.0,0.0,0.2,0.0,0.0,0.0,-1.0569703559994632,-0.9607757125402924,-0.4075777537330132,-0.8858167950298194,-0.8947743853744937,-0.9007170522754671,-0.7997197400371561,-0.9409715789289088,-1.4210469435523785,175,49
nacc,Northern Athletics Collegiate Conference (NACC),2025-26,mvball,Lakeland,"Bieganski, Joe",0,,22,45,1,0.19,58.0,12.0,23.0,1.0,0.0,13.0,0.0,5.0,24.0,104.0,0.0,0.0,4.0,3.0,22.0,4.0,0.0,4.0,0.0,30.0,0.0,0.51,0.02,0.49,0.09,0.11,0.67,-0.4768959804181168,-0.44472149354071505,-0.39762780756097754,-0.5955205296709649,-0.028002400706770958,-0.5125541862718301,-0.4817676255412943,0.15735101020063708,-1.4277312073852286,176,49
nacc,Northern Athletics Collegiate Conference (NACC),2025-26,mvball,St. Norbert,"Stube, John",0,,17,15,3,0.111,18.0,3.0,5.0,1.0,0.0,5.0,0.0,2.0,1.0,21.0,0.0,0.0,0.0,0.0,3.0,2.0,0.0,1.0,1.0,8.5,0.0,0.33,0.07,0.2,0.13,0.13,0.57,-0.5634742454302581,-0.6268582767170364,-0.3727529421308885,-0.46649996728925175,0.12959250559645139,-0.9007170522754671,-0.7202317114131906,-0.8952081377151778,-1.4616377205031765,177,49
nacc,Northern Athletics Collegiate Conference (NACC),2025-26,mvball,St. Norbert,"Perhach, Jack",0,,15,14,1,0.0,0.0,0.0,0.0,1.0,0.0,4.0,0.0,4.0,5.0,26.0,0.0,0.0,10.0,2.0,8.0,0.0,0.0,0.0,0.0,4.0,0.0,0.0,0.07,0.57,0.0,0.29,0.29,-0.8058933874642535,-0.9607757125402924,-0.3727529421308885,-0.8858167950298194,1.3903517560222296,-0.40547477496048207,-0.7997197400371561,-0.7121543728602534,-1.5551427263277022,178,48
nacc,Northern Athletics Collegiate Conference (NACC),2025-26,mvball,Illinois Tech,"Donald, Alec",0,,4,101,4,0.122,74.0,10.0,19.0,42.0,1.0,142.0,0.0,1.0,6.0,36.0,0.0,0.0,572.0,17.0,271.0,0.0,0.0,0.0,0.0,20.0,1.0,0.19,0.42,2.68,0.0,0.01,0.2,-0.8838138259751808,-0.7685202191875087,-0.19862888412026497,-0.8858167950298194,-0.8159769322228826,2.4187446983763254,-0.5347596446239379,-0.6663909316465224,-1.6088293055178882,179,48
nacc,Northern Athletics Collegiate Conference (NACC),2025-26,mvball,Illinois Tech,"Franks, Andrew",0,,15,39,2,0.0,49.0,12.0,12.0,2.0,1.0,12.0,0.0,5.0,21.0,85.0,0.0,0.0,50.0,6.0,23.0,3.0,0.0,2.0,1.0,19.0,0.0,0.31,0.05,0.59,0.08,0.13,0.49,-0.6327368574399711,-0.6470956970699611,-0.3827028883029241,-0.627775670266393,0.12959250559645139,-0.378704922132645,-0.4817676255412943,0.020060686559443843,-1.6424147550531574,180,48
nacc,Northern Athletics Collegiate Conference (NACC),2025-26,mvball,Benedictine,"Cardenas, Jordan",0,,1,102,3,0.106,47.0,12.0,17.0,62.0,1.0,174.0,0.0,0.0,3.0,26.0,0.0,0.0,516.0,21.0,237.0,3.0,0.0,2.0,1.0,19.0,0.0,0.17,0.61,2.32,0.03,0.0,0.19,-0.8924716524763949,-0.7887576395404332,-0.1041043954859265,-0.7890513732435345,-0.8947743853744937,1.9368873474752584,-0.4817676255412943,-0.8036812552877156,-1.6774323546660173,181,48
nacc,Northern Athletics Collegiate Conference (NACC),2025-26,mvball,Aurora,"Nonhof, Alex",0,,4,99,0,0.143,21.0,0.0,3.0,60.0,2.0,216.0,0.0,0.0,0.0,0.0,0.0,0.0,446.0,19.0,295.0,0.0,0.0,0.0,0.0,3.0,0.0,0.03,0.61,2.98,0.0,0.0,0.03,-1.0309968764958208,-0.9304195820109055,-0.1041043954859265,-0.8858167950298194,-0.8947743853744937,2.820292490793881,-0.7997197400371561,-0.9409715789289088,-1.6794991024620163,182,48
nacc,Northern Athletics Collegiate Conference (NACC),2025-26,mvball,Edgewood,"Mullane, Jack",0,,11,80,0,0.063,16.0,2.0,3.0,43.0,2.0,158.0,0.0,2.0,4.0,16.0,0.0,0.0,490.0,20.0,212.0,0.0,0.0,0.0,0.0,5.0,0.0,0.04,0.54,2.65,0.0,0.03,0.06,-1.0050233969921785,-0.9203008718344431,-0.13892920708805118,-0.8858167950298194,-0.6583820259196602,2.3785899191345696,-0.7467277209545125,-0.7579178140739845,-1.7110980212133944,183,48
nacc,Northern Athletics Collegiate Conference (NACC),2025-26,mvball,Concordia Chicago,"Arif, Ayaaz",0,,5,50,2,0.286,21.0,1.0,7.0,1.0,0.0,7.0,0.0,9.0,17.0,151.0,0.0,0.0,2.0,1.0,17.0,4.0,0.0,3.0,1.0,18.5,0.0,0.14,0.02,0.34,0.08,0.18,0.37,-0.7366307754545406,-0.8191137700698201,-0.39762780756097754,-0.627775670266393,0.5235797713545071,-0.713328082480608,-0.7732237304958343,-0.1629930782954805,-1.7423423693298137,184,48
nacc,Northern Athletics Collegiate Conference (NACC),2025-26,mvball,St. Norbert,"Budziszewski, Buddy",0,,1,8,0,0.0,1.0,0.0,0.0,19.0,1.0,41.0,0.0,0.0,2.0,9.0,0.0,0.0,0.0,0.0,0.0,0.0,0.0,0.0,0.0,0.0,0.0,0.0,2.38,0.0,0.0,0.0,0.0,-1.0569703559994632,-0.9607757125402924,0.7764658407392268,-0.8858167950298194,-0.8947743853744937,-1.1684155805538374,-0.7997197400371561,-0.8494446965014467,-1.7661960405870016,185,47
nacc,Northern Athletics Collegiate Conference (NACC),2025-26,mvball,Edgewood,"Dermody, Max",0,,13,72,8,-0.041,147.0,47.0,41.0,7.0,2.0,30.0,0.0,4.0,32.0,153.0,0.0,0.0,167.0,13.0,59.0,0.0,1.0,0.0,0.0,45.0,1.0,0.57,0.1,0.82,0.0,0.06,0.63,-0.5115272864229734,-0.38400923248194135,-0.35782802287283505,-0.8858167950298194,-0.4219896664648268,-0.0708516146125191,0.4455927084049691,0.5234585399104857,-1.8043130495582402,186,47
nacc,Northern Athletics Collegiate Conference (NACC),2025-26,mvball,Concordia Chicago,"Gaetto, Van",0,,15,104,0,-0.063,16.0,2.0,1.0,56.0,3.0,219.0,0.0,0.0,0.0,0.0,0.0,0.0,447.0,30.0,289.0,0.0,0.0,0.0,0.0,1.0,0.0,0.01,0.54,2.78,0.0,0.0,0.01,-1.0483125294982492,-0.9506570023638301,-0.13892920708805118,-0.8858167950298194,-0.8947743853744937,2.5525939625155103,-0.7467277209545125,-0.9409715789289088,-1.8114226145941803,187,47
nacc,Northern Athletics Collegiate Conference (NACC),2025-26,mvball,Concordia Wisconsin,"Hinderberger, Matthew",0,,9,7,0,0.0,0.0,0.0,0.0,1.0,0.0,6.0,0.0,0.0,0.0,0.0,0.0,0.0,8.0,1.0,4.0,0.0,0.0,0.0,0.0,0.0,0.0,0.0,0.14,0.57,0.0,0.0,0.0,-1.0569703559994632,-0.9607757125402924,-0.3379281305287638,-0.8858167950298194,-0.8947743853744937,-0.40547477496048207,-0.7997197400371561,-0.9409715789289088,-1.8735454806974223,188,47
nacc,Northern Athletics Collegiate Conference (NACC),2025-26,mvball,Wisconsin Lutheran,"Salutric, Trevor",0,,3,83,0,0.154,13.0,2.0,4.0,8.0,0.0,79.0,0.0,0.0,1.0,5.0,0.0,0.0,494.0,24.0,227.0,1.0,0.0,1.0,0.0,4.5,0.0,0.05,0.1,2.73,0.01,0.0,0.05,-1.0136812234933925,-0.9101821616579808,-0.35782802287283505,-0.853561654434391,-0.8947743853744937,2.485669330445918,-0.7467277209545125,-0.8952081377151778,-1.8809306573365718,189,47
nacc,Northern Athletics Collegiate Conference (NACC),2025-26,mvball,Marian,"Gomez,Juan",0,,21,8,0,0.25,4.0,1.0,2.0,0.0,0.0,0.0,0.0,0.0,4.0,2.0,0.0,0.0,2.0,1.0,3.0,0.0,0.0,0.0,0.0,2.0,0.0,0.25,0.0,0.38,0.0,0.0,0.25,-0.8405246934691101,-0.7078079581287349,-0.4075777537330132,-0.8858167950298194,-0.8947743853744937,-0.6597883768249339,-0.7732237304958343,-0.7579178140739845,-1.9093171444610253,190,47
nacc,Northern Athletics Collegiate Conference (NACC),2025-26,mvball,Rockford,"Bates, Da'Quan",0,,5,92,0,-0.065,31.0,2.0,0.0,52.0,3.0,259.0,0.0,0.0,3.0,23.0,0.0,0.0,607.0,53.0,223.0,0.0,0.0,0.0,0.0,0.0,1.0,0.0,0.57,2.42,0.0,0.0,0.0,-1.0569703559994632,-0.9607757125402924,-0.12400428782999777,-0.8858167950298194,-0.8947743853744937,2.0707366116144437,-0.7467277209545125,-0.8036812552877156,-1.9534138277711184,191,47
nacc,Northern Athletics Collegiate Conference (NACC),2025-26,mvball,Benedictine,"Feudner, Zander",0,,4,98,22,-0.091,11.0,1.0,0.0,49.0,1.0,127.0,0.0,8.0,19.0,261.0,0.0,0.0,392.0,13.0,169.0,0.0,0.0,0.0,0.0,8.0,0.0,0.0,0.5,1.72,0.0,0.08,0.08,-0.9877077439897501,-0.9607757125402924,-0.15882909943212245,-0.8858167950298194,-0.2643947601616044,1.1337917626401475,-0.7732237304958343,-0.07146619586801832,-1.9550527689148036,192,46
nacc,Northern Athletics Collegiate Conference (NACC),2025-26,mvball,MSOE,"Phillips, Jackson",0,,21,56,0,0.0,11.0,0.0,0.0,26.0,2.0,128.0,0.0,0.0,2.0,8.0,0.0,0.0,342.0,14.0,138.0,0.0,0.0,0.0,0.0,0.0,0.0,0.0,0.46,2.46,0.0,0.0,0.0,-1.0569703559994632,-0.9607757125402924,-0.1787289917761937,-0.8858167950298194,-0.8947743853744937,2.124276317270118,-0.7997197400371561,-0.8494446965014467,-1.9576889757870148,193,46
nacc,Northern Athletics Collegiate Conference (NACC),2025-26,mvball,Concordia Wisconsin,"Pearson, Parker",0,,8,88,0,0.0,10.0,1.0,1.0,23.0,1.0,99.0,0.0,0.0,0.0,0.0,0.0,0.0,524.0,23.0,219.0,0.0,0.0,0.0,0.0,1.0,0.0,0.01,0.26,2.49,0.0,0.0,0.01,-1.0483125294982492,-0.9506570023638301,-0.27822845349655,-0.8858167950298194,-0.8947743853744937,2.1644310965118736,-0.7732237304958343,-0.9409715789289088,-1.986743677031925,194,46
nacc,Northern Athletics Collegiate Conference (NACC),2025-26,mvball,Lakeland,"Lewis, Connor",0,,1,34,0,0.16,25.0,5.0,9.0,3.0,0.0,12.0,0.0,2.0,3.0,44.0,0.0,0.0,53.0,4.0,15.0,1.0,1.0,1.0,0.0,11.5,0.0,0.26,0.09,0.44,0.03,0.06,0.34,-0.762604254958183,-0.6976892479522726,-0.3628029959588529,-0.7890513732435345,-0.4219896664648268,-0.5794788183414227,-0.667239692330547,-0.8036812552877156,-2.0328126446934855,195,46
nacc,Northern Athletics Collegiate Conference (NACC),2025-26,mvball,Marian,"Pulphus,Dante",0,,23,69,10,-0.125,8.0,1.0,0.0,13.0,1.0,28.0,0.0,5.0,7.0,63.0,0.0,0.0,189.0,19.0,118.0,0.0,0.0,0.0,0.0,5.0,0.0,0.0,0.19,1.71,0.0,0.07,0.07,-0.9963655704909643,-0.9607757125402924,-0.31305326509867476,-0.8858167950298194,-0.34319221331321553,1.120406836226229,-0.7732237304958343,-0.6206274904327913,-2.0361941782235964,196,46
nacc,Northern Athletics Collegiate Conference (NACC),2025-26,mvball,Aurora,"Maglaya, Ayden",0,,10,8,2,-0.2,5.0,2.0,1.0,0.0,0.0,0.0,0.0,0.0,5.0,7.0,0.0,0.0,10.0,2.0,3.0,0.0,0.0,0.0,0.0,1.0,0.0,0.13,0.0,0.38,0.0,0.0,0.13,-0.9444186114836796,-0.8292324802462825,-0.4075777537330132,-0.8858167950298194,-0.8947743853744937,-0.6597883768249339,-0.7467277209545125,-0.7121543728602534,-2.0780444098516213,197,46
nacc,Northern Athletics Collegiate Conference (NACC),2025-26,mvball,Dominican,"Henderson, Grant",0,,11,64,0,0.111,9.0,1.0,2.0,27.0,1.0,97.0,0.0,0.0,0.0,0.0,0.0,0.0,289.0,7.0,126.0,0.0,0.0,0.0,0.0,2.0,0.0,0.03,0.42,1.97,0.0,0.0,0.03,-1.0309968764958208,-0.9304195820109055,-0.19862888412026497,-0.8858167950298194,-0.8947743853744937,1.4684149229881107,-0.7732237304958343,-0.9409715789289088,-2.0794823895023264,198,46
nacc,Northern Athletics Collegiate Conference (NACC),2025-26,mvball,Concordia Chicago,"Cardines, Michael",0,,4,92,2,0.0,8.0,1.0,1.0,26.0,1.0,68.0,0.0,10.0,27.0,195.0,0.0,0.0,309.0,15.0,110.0,0.0,0.0,0.0,0.0,11.0,0.0,0.01,0.28,1.2,0.0,0.11,0.12,-0.9530764379848938,-0.9506570023638301,-0.26827850732451436,-0.8858167950298194,-0.028002400706770958,0.4377755891163846,-0.7732237304958343,0.29464133384183033,-2.094053992074205,199,46
nacc,Northern Athletics Collegiate Conference (NACC),2025-26,mvball,St. Norbert,"Conway, Ryan",0,,5,87,0,-0.107,28.0,4.0,1.0,33.0,3.0,119.0,0.0,0.0,0.0,0.0,0.0,0.0,402.0,20.0,160.0,0.0,0.0,0.0,0.0,1.0,0.0,0.01,0.38,1.84,0.0,0.0,0.01,-1.0483125294982492,-0.9506570023638301,-0.21852877646433624,-0.8858167950298194,-0.8947743853744937,1.2944108796071698,-0.6937357018718688,-0.9409715789289088,-2.184326530763565,200,45
nacc,Northern Athletics Collegiate Conference (NACC),2025-26,mvball,Illinois Tech,"Baus, Zachary",0,,5,56,0,0.0,6.0,1.0,1.0,19.0,0.0,58.0,0.0,0.0,4.0,16.0,0.0,0.0,98.0,10.0,95.0,0.0,0.0,0.0,0.0,1.0,1.0,0.02,0.34,1.7,0.0,0.0,0.02,-1.0396547029970349,-0.9405382921873677,-0.2384286688084075,-0.8858167950298194,-0.8947743853744937,1.1070219098123104,-0.7732237304958343,-0.7579178140739845,-2.228768684737038,201,45
nacc,Northern Athletics Collegiate Conference (NACC),2025-26,mvball,Marian,"Kendrick,CJ",0,,2,73,4,-0.167,6.0,1.0,0.0,16.0,1.0,44.0,0.0,2.0,5.0,66.0,0.0,0.0,294.0,22.0,113.0,0.0,0.0,0.0,0.0,2.0,1.0,0.0,0.22,1.55,0.0,0.03,0.03,-1.0309968764958208,-0.9607757125402924,-0.2981283458406213,-0.8858167950298194,-0.6583820259196602,0.9062480136035328,-0.7732237304958343,-0.7121543728602534,-2.2323334751291264,202,45
nacc,Northern Athletics Collegiate Conference (NACC),2025-26,mvball,Rockford,"Peden, PJ",0,,21,11,0,-0.111,9.0,3.0,2.0,0.0,0.0,0.0,0.0,1.0,3.0,11.0,0.0,0.0,0.0,0.0,1.0,0.0,0.0,0.0,0.0,3.0,0.0,0.18,0.0,0.09,0.0,0.09,0.27,-0.8232090404666819,-0.778638929363971,-0.4075777537330132,-0.8858167950298194,-0.1855973070099933,-1.0479512428285709,-0.7202317114131906,-0.8036812552877156,-2.245387499412307,203,45
nacc,Northern Athletics Collegiate Conference (NACC),2025-26,mvball,Edgewood,"Bruns, Jacob",0,,3,61,3,-0.3,10.0,3.0,0.0,11.0,0.0,36.0,0.0,5.0,14.0,66.0,0.0,0.0,147.0,11.0,67.0,0.0,0.0,0.0,0.0,5.0,0.0,0.0,0.18,1.1,0.0,0.08,0.08,-0.9877077439897501,-0.9607757125402924,-0.31802823818469256,-0.8858167950298194,-0.2643947601616044,0.30392632497719957,-0.7202317114131906,-0.30028340193667374,-2.245755294791746,204,45
nacc,Northern Athletics Collegiate Conference (NACC),2025-26,mvball,Dominican,"Vrska, Tyler",0,,8,69,0,-0.1,10.0,2.0,1.0,26.0,2.0,82.0,0.0,0.0,0.0,0.0,0.0,0.0,248.0,20.0,112.0,0.0,0.0,0.0,0.0,1.0,0.0,0.01,0.38,1.62,0.0,0.0,0.01,-1.0483125294982492,-0.9506570023638301,-0.21852877646433624,-0.8858167950298194,-0.8947743853744937,0.9999424985009625,-0.7467277209545125,-0.9409715789289088,-2.2473452222235886,205,45
nacc,Northern Athletics Collegiate Conference (NACC),2025-26,mvball,Dominican,"Van Assen, Kade",0,,19,26,2,0.0,2.0,0.0,0.0,13.0,0.0,25.0,0.0,1.0,0.0,1.0,0.0,0.0,0.0,0.0,3.0,4.0,1.0,4.0,0.0,3.0,0.0,0.0,0.5,0.12,0.15,0.04,0.12,-0.9530764379848938,-0.9607757125402924,-0.15882909943212245,-0.40198968609839525,-0.579584572768049,-1.0077964635868153,-0.7997197400371561,-0.9409715789289088,-2.2477311498292,206,45
nacc,Northern Athletics Collegiate Conference (NACC),2025-26,mvball,St. Norbert,"Hanse, Zach",0,,25,59,4,0.143,7.0,0.0,1.0,12.0,1.0,39.0,0.0,2.0,11.0,45.0,0.0,0.0,94.0,8.0,86.0,0.0,0.0,0.0,0.0,3.0,0.0,0.02,0.2,1.46,0.0,0.03,0.05,-1.0136812234933925,-0.9405382921873677,-0.3080782920126569,-0.8858167950298194,-0.6583820259196602,0.785783675878266,-0.7997197400371561,-0.43757372557786695,-2.2570728007988703,207,44
nacc,Northern Athletics Collegiate Conference (NACC),2025-26,mvball,Edgewood,"Sheridan, Landon",0,,1,36,3,-0.094,32.0,10.0,7.0,1.0,0.0,8.0,0.0,1.0,16.0,48.0,0.0,0.0,59.0,4.0,22.0,1.0,0.0,1.0,0.0,8.5,0.0,0.19,0.03,0.61,0.03,0.03,0.24,-0.8491825199703242,-0.7685202191875087,-0.39265283447495974,-0.7890513732435345,-0.6583820259196602,-0.35193506930480795,-0.5347596446239379,-0.20875651950921156,-2.317625079445432,208,44
nacc,Northern Athletics Collegiate Conference (NACC),2025-26,mvball,Aurora,"Anderson, Nathan",0,,2,64,0,0.25,4.0,0.0,1.0,8.0,1.0,24.0,0.0,3.0,5.0,93.0,0.0,0.0,55.0,2.0,52.0,0.0,0.0,0.0,0.0,4.0,0.0,0.02,0.13,0.81,0.0,0.05,0.06,-1.0050233969921785,-0.9405382921873677,-0.3429031036147816,-0.8858167950298194,-0.5007871196164378,-0.08423654102643748,-0.7997197400371561,-0.7121543728602534,-2.3963188882355793,209,44
nacc,Northern Athletics Collegiate Conference (NACC),2025-26,mvball,St. Norbert,"Peck, Boston",0,,16,59,4,0.0,3.0,0.0,0.0,9.0,2.0,40.0,0.0,6.0,29.0,130.0,0.0,0.0,30.0,4.0,25.0,0.0,0.0,0.0,0.0,6.0,0.0,0.0,0.15,0.42,0.0,0.1,0.1,-0.9703920909873219,-0.9607757125402924,-0.33295315744274595,-0.8858167950298194,-0.10679985385838207,-0.6062486711692597,-0.7997197400371561,0.3861682162692925,-2.4546479359552786,210,44
nacc,Northern Athletics Collegiate Conference (NACC),2025-26,mvball,Aurora,"Wiatrowski, Reece",0,,21,71,0,-0.5,2.0,1.0,0.0,3.0,0.0,12.0,0.0,8.0,21.0,166.0,0.0,0.0,0.0,0.0,13.0,0.0,0.0,0.0,0.0,8.0,0.0,0.0,0.04,0.18,0.0,0.11,0.11,-0.9617342644861078,-0.9607757125402924,-0.38767786138894195,-0.8858167950298194,-0.028002400706770958,-0.9274869051033041,-0.7732237304958343,0.020060686559443843,-2.4963039579819286,211,44
nacc,Northern Athletics Collegiate Conference (NACC),2025-26,mvball,Rockford,"Brewster, Jacob",0,,8,91,10,0.0,12.0,1.0,1.0,7.0,0.0,43.0,0.0,4.0,28.0,158.0,0.0,0.0,259.0,25.0,94.0,0.0,0.0,0.0,0.0,5.0,0.0,0.01,0.08,1.03,0.0,0.04,0.05,-1.0136812234933925,-0.9506570023638301,-0.3677779690448707,-0.8858167950298194,-0.579584572768049,0.2102318400797699,-0.7732237304958343,0.3404047750555614,-2.4964536048199553,212,44
nacc,Northern Athletics Collegiate Conference (NACC),2025-26,mvball,Benedictine,"Herre, Connor",0,,12,82,0,1.0,1.0,0.0,1.0,7.0,2.0,21.0,0.0,5.0,18.0,281.0,0.0,0.0,46.0,2.0,42.0,0.0,0.0,0.0,0.0,6.0,0.0,0.01,0.09,0.51,0.0,0.06,0.07,-0.9963655704909643,-0.9506570023638301,-0.3628029959588529,-0.8858167950298194,-0.4219896664648268,-0.4857843334439931,-0.7997197400371561,-0.1172296370817494,-2.536056405703573,213,44
nacc,Northern Athletics Collegiate Conference (NACC),2025-26,mvball,Aurora,"Schober, Derek",0,,5,9,0,0.0,0.0,0.0,0.0,0.0,0.0,0.0,0.0,0.0,7.0,14.0,0.0,0.0,1.0,0.0,0.0,0.0,0.0,0.0,0.0,0.0,0.0,0.0,0.0,0.0,0.0,0.0,0.0,-1.0569703559994632,-0.9607757125402924,-0.4075777537330132,-0.8858167950298194,-0.8947743853744937,-1.1684155805538374,-0.7997197400371561,-0.6206274904327913,-2.646947635221565,214,44
nacc,Northern Athletics Collegiate Conference (NACC),2025-26,mvball,Dominican,"Barnett, Ryan",0,,2,47,1,0.25,4.0,0.0,1.0,3.0,0.0,14.0,0.0,2.0,13.0,119.0,0.0,0.0,13.0,0.0,13.0,0.0,0.0,0.0,0.0,3.0,0.0,0.02,0.06,0.28,0.0,0.04,0.06,-1.0050233969921785,-0.9405382921873677,-0.3777279152169063,-0.8858167950298194,-0.579584572768049,-0.7936376409641189,-0.7997197400371561,-0.3460468431504048,-2.662693784412904,215,43
nacc,Northern Athletics Collegiate Conference (NACC),2025-26,mvball,Lakeland,"Schleihs, Drake",0,,3,14,0,0.0,2.0,0.0,0.0,1.0,0.0,4.0,0.0,0.0,3.0,26.0,0.0,0.0,16.0,2.0,10.0,0.0,0.0,0.0,0.0,0.0,0.0,0.0,0.07,0.71,0.0,0.0,0.0,-1.0569703559994632,-0.9607757125402924,-0.3727529421308885,-0.8858167950298194,-0.8947743853744937,-0.2180858051656228,-0.7997197400371561,-0.8036812552877156,-2.6642702207301405,216,43
nacc,Northern Athletics Collegiate Conference (NACC),2025-26,mvball,Wisconsin Lutheran,"Dudor, Samuel",0,,7,71,2,0.0,2.0,0.0,0.0,1.0,1.0,14.0,0.0,4.0,29.0,126.0,0.0,0.0,80.0,7.0,28.0,0.0,0.0,0.0,0.0,4.0,0.0,0.0,0.01,0.39,0.0,0.06,0.06,-1.0050233969921785,-0.9607757125402924,-0.4026027806469954,-0.8858167950298194,-0.4219896664648268,-0.6464034504110153,-0.7997197400371561,0.3861682162692925,-2.6671836357357015,217,43
nacc,Northern Athletics Collegiate Conference (NACC),2025-26,mvball,Concordia Wisconsin,"Evans, Antonio",0,,22,29,0,-0.333,6.0,2.0,0.0,0.0,0.0,1.0,0.0,1.0,8.0,61.0,0.0,0.0,8.0,0.0,4.0,0.0,0.0,0.0,0.0,1.0,0.0,0.0,0.0,0.14,0.0,0.03,0.03,-1.0309968764958208,-0.9607757125402924,-0.4075777537330132,-0.8858167950298194,-0.6583820259196602,-0.9810266107589782,-0.7467277209545125,-0.5748640492190602,-2.788850010227572,218,43
nacc,Northern Athletics Collegiate Conference (NACC),2025-26,mvball,Wisconsin Lutheran,"Lor, Tshabmoo",0,,6,12,0,-1.0,1.0,1.0,0.0,0.0,0.0,2.0,0.0,0.0,11.0,30.0,0.0,0.0,4.0,0.0,1.0,0.0,0.0,0.0,0.0,0.0,0.0,0.0,0.0,0.08,0.0,0.0,0.0,-1.0569703559994632,-0.9607757125402924,-0.4075777537330132,-0.8858167950298194,-0.8947743853744937,-1.0613361692424894,-0.7732237304958343,-0.43757372557786695,-2.9378876535898812,219,43
nacc,Northern Athletics Collegiate Conference (NACC),2025-26,mvball,Aurora,"Pfeil, Stuart",0,,18,0,0,,,,,,,,,,,,,,,,,,,,,,,0.0,0.0,0.0,0.0,0.0,0.0,-1.0569703559994632,-0.9607757125402924,-0.4075777537330132,-0.8858167950298194,-0.8947743853744937,-1.1684155805538374,,,,220,43
nacc,Northern Athletics Collegiate Conference (NACC),2025-26,mvball,Benedictine,"Dmochowski, Connor",0,,2,0,0,,,,,,,,,,,,,,,,,,,,,,,0.0,0.0,0.0,0.0,0.0,0.0,-1.0569703559994632,-0.9607757125402924,-0.4075777537330132,-0.8858167950298194,-0.8947743853744937,-1.1684155805538374,,,,221,43
nacc,Northern Athletics Collegiate Conference (NACC),2025-26,mvball,Benedictine,"Iglesias Grahn, Fausto",0,,5,0,0,,,,,,,,,,,,,,,,,,,,,,,0.0,0.0,0.0,0.0,0.0,0.0,-1.0569703559994632,-0.9607757125402924,-0.4075777537330132,-0.8858167950298194,-0.8947743853744937,-1.1684155805538374,,,,222,43
nacc,Northern Athletics Collegiate Conference (NACC),2025-26,mvball,Benedictine,"Pontarelli, Christian",0,,13,0,0,,,,,,,,,,,,,,,,,,,,,,,0.0,0.0,0.0,0.0,0.0,0.0,-1.0569703559994632,-0.9607757125402924,-0.4075777537330132,-0.8858167950298194,-0.8947743853744937,-1.1684155805538374,,,,223,42
nacc,Northern Athletics Collegiate Conference (NACC),2025-26,mvball,Benedictine,"Steuck, Matthew",0,,8,0,0,,,,,,,,,,,,,,,,,,,,,,,0.0,0.0,0.0,0.0,0.0,0.0,-1.0569703559994632,-0.9607757125402924,-0.4075777537330132,-0.8858167950298194,-0.8947743853744937,-1.1684155805538374,,,,224,42
nacc,Northern Athletics Collegiate Conference (NACC),2025-26,mvball,Benedictine,"Vedder, Hunter",0,,13,0,0,,,,,,,,,,,,,,,,,,,,,,,0.0,0.0,0.0,0.0,0.0,0.0,-1.0569703559994632,-0.9607757125402924,-0.4075777537330132,-0.8858167950298194,-0.8947743853744937,-1.1684155805538374,,,,225,42
nacc,Northern Athletics Collegiate Conference (NACC),2025-26,mvball,Benedictine,"Cartagena Jr., Andre",0,,14,0,0,,,,,,,,,,,,,,,,,,,,,,,0.0,0.0,0.0,0.0,0.0,0.0,-1.0569703559994632,-0.9607757125402924,-0.4075777537330132,-0.8858167950298194,-0.8947743853744937,-1.1684155805538374,,,,226,42
nacc,Northern Athletics Collegiate Conference (NACC),2025-26,mvball,Benedictine,"Supanich, Zach",0,,16,0,0,,,,,,,,,,,,,,,,,,,,,,,0.0,0.0,0.0,0.0,0.0,0.0,-1.0569703559994632,-0.9607757125402924,-0.4075777537330132,-0.8858167950298194,-0.8947743853744937,-1.1684155805538374,,,,227,42
nacc,Northern Athletics Collegiate Conference (NACC),2025-26,mvball,MSOE,"Glashagel, Ian",0,,23,0,0,,,,,,,,,,,,,,,,,,,,,,,0.0,0.0,0.0,0.0,0.0,0.0,-1.0569703559994632,-0.9607757125402924,-0.4075777537330132,-0.8858167950298194,-0.8947743853744937,-1.1684155805538374,,,,228,42
nacc,Northern Athletics Collegiate Conference (NACC),2025-26,mvball,MSOE,"O'Reggio, Sol",0,,20,0,0,,,,,,,,,,,,,,,,,,,,,,,0.0,0.0,0.0,0.0,0.0,0.0,-1.0569703559994632,-0.9607757125402924,-0.4075777537330132,-0.8858167950298194,-0.8947743853744937,-1.1684155805538374,,,,229,42
nacc,Northern Athletics Collegiate Conference (NACC),2025-26,mvball,Concordia Chicago,"Damasceno, Ildeu",0,,21,0,0,,,,,,,,,,,,,,,,,,,,,,,0.0,0.0,0.0,0.0,0.0,0.0,-1.0569703559994632,-0.9607757125402924,-0.4075777537330132,-0.8858167950298194,-0.8947743853744937,-1.1684155805538374,,,,230,41
nacc,Northern Athletics Collegiate Conference (NACC),2025-26,mvball,Concordia Chicago,"Ekstrom, Avery",0,,23,0,0,,,,,,,,,,,,,,,,,,,,,,,0.0,0.0,0.0,0.0,0.0,0.0,-1.0569703559994632,-0.9607757125402924,-0.4075777537330132,-0.8858167950298194,-0.8947743853744937,-1.1684155805538374,,,,231,41
nacc,Northern Athletics Collegiate Conference (NACC),2025-26,mvball,St. Norbert,"Fleming, Tommy",0,,2,0,0,,,,,,,,,,,,,,,,,,,,,,,0.0,0.0,0.0,0.0,0.0,0.0,-1.0569703559994632,-0.9607757125402924,-0.4075777537330132,-0.8858167950298194,-0.8947743853744937,-1.1684155805538374,,,,232,41
nacc,Northern Athletics Collegiate Conference (NACC),2025-26,mvball,St. Norbert,"Werner, Mason",0,,13,0,0,,,,,,,,,,,,,,,,,,,,,,,0.0,0.0,0.0,0.0,0.0,0.0,-1.0569703559994632,-0.9607757125402924,-0.4075777537330132,-0.8858167950298194,-0.8947743853744937,-1.1684155805538374,,,,233,41
nacc,Northern Athletics Collegiate Conference (NACC),2025-26,mvball,Concordia Wisconsin,"Koeferl, Zach",0,,18,0,0,,,,,,,,,,,,,,,,,,,,,,,0.0,0.0,0.0,0.0,0.0,0.0,-1.0569703559994632,-0.9607757125402924,-0.4075777537330132,-0.8858167950298194,-0.8947743853744937,-1.1684155805538374,,,,234,41
nacc,Northern Athletics Collegiate Conference (NACC),2025-26,mvball,Edgewood,"Roman, Ian",0,,9,0,0,,,,,,,,,,,,,,,,,,,,,,,0.0,0.0,0.0,0.0,0.0,0.0,-1.0569703559994632,-0.9607757125402924,-0.4075777537330132,-0.8858167950298194,-0.8947743853744937,-1.1684155805538374,,,,235,41
nacc,Northern Athletics Collegiate Conference (NACC),2025-26,mvball,Marian,"Sapita,Robbie",0,,19,0,0,,,,,,,,,,,,,,,,,,,,,,,0.0,0.0,0.0,0.0,0.0,0.0,-1.0569703559994632,-0.9607757125402924,-0.4075777537330132,-0.8858167950298194,-0.8947743853744937,-1.1684155805538374,,,,236,41
nacc,Northern Athletics Collegiate Conference (NACC),2025-26,mvball,Marian,"Gutierrez,Fer",0,,13,0,0,,,,,,,,,,,,,,,,,,,,,,,0.0,0.0,0.0,0.0,0.0,0.0,-1.0569703559994632,-0.9607757125402924,-0.4075777537330132,-0.8858167950298194,-0.8947743853744937,-1.1684155805538374,,,,237,41
nacc,Northern Athletics Collegiate Conference (NACC),2025-26,mvball,Marian,"Badua,Rudy",0,,16,0,0,,,,,,,,,,,,,,,,,,,,,,,0.0,0.0,0.0,0.0,0.0,0.0,-1.0569703559994632,-0.9607757125402924,-0.4075777537330132,-0.8858167950298194,-0.8947743853744937,-1.1684155805538374,,,,238,40
nacc,Northern Athletics Collegiate Conference (NACC),2025-26,mvball,Marian,"Briones,Andrew",0,,24,0,0,,,,,,,,,,,,,,,,,,,,,,,0.0,0.0,0.0,0.0,0.0,0.0,-1.0569703559994632,-0.9607757125402924,-0.4075777537330132,-0.8858167950298194,-0.8947743853744937,-1.1684155805538374,,,,239,40
nacc,Northern Athletics Collegiate Conference (NACC),2025-26,mvball,Marian,"Scully,Ghreysen",0,,26,0,0,,,,,,,,,,,,,,,,,,,,,,,0.0,0.0,0.0,0.0,0.0,0.0,-1.0569703559994632,-0.9607757125402924,-0.4075777537330132,-0.8858167950298194,-0.8947743853744937,-1.1684155805538374,,,,240,40
nacc,Northern Athletics Collegiate Conference (NACC),2025-26,mvball,Lakeland,"Kenney, Nolan",0,,10,0,0,,,,,,,,,,,,,,,,,,,,,,,0.0,0.0,0.0,0.0,0.0,0.0,-1.0569703559994632,-0.9607757125402924,-0.4075777537330132,-0.8858167950298194,-0.8947743853744937,-1.1684155805538374,,,,241,40
nacc,Northern Athletics Collegiate Conference (NACC),2025-26,mvball,Lakeland,"Green, Drew",0,,12,0,0,,,,,,,,,,,,,,,,,,,,,,,0.0,0.0,0.0,0.0,0.0,0.0,-1.0569703559994632,-0.9607757125402924,-0.4075777537330132,-0.8858167950298194,-0.8947743853744937,-1.1684155805538374,,,,242,40
