conference_code,conference,season,sport,team,player_name,class_year,position,uniform,games_played,games_started,field_goals_made,field_goals_attempted,three_points_made,three_points_attempted,free_throws_attempted,free_throws_made,points_scored,blocked_shots,steals,assists,minutes_played,offensive_rebounds,defensive_rebounds,total_rebounds,personal_fouls,technical_fouls,turnovers,disqualifications,deadballs,field_goals_pct,three_points_pct,free_throws_pct,points_per_game,rebounds_per_game,assists_per_game,steals_per_game,blocked_shots_per_game,turnovers_per_game,z_points_per_game,z_rebounds_per_game,z_assists_per_game,z_turnovers_per_game,z_field_goals_pct,z_steals_per_game,z_blocked_shots_per_game,composite_score,rank,rating
nacc,Northern Athletics Collegiate Conference (NACC),2025-26,wbball,Aurora,"Manzanarez,Krystyna",0,G,11,27,27,171,407,53,166,102,76,471,11,108,79,834,37,72,109,62,1,68,0,0,0.42,0.32,0.75,17.44,4.04,2.93,4.0,0.41,2.5185185185185186,3.4481361087588054,0.9285351079642388,2.790370688049211,1.3519917483466144,0.4952078032938762,5.225747047434929,1.0363802878358521,12.469052651501666,1,99
nacc,Northern Athletics Collegiate Conference (NACC),2025-26,wbball,St. Norbert,"Thiry,Taylor",0,F,15,26,26,165,330,2,10,106,89,421,10,37,75,657,61,126,187,51,0,59,0,0,0.5,0.2,0.84,16.19,7.19,2.88,1.42,0.38,2.269230769230769,3.1279091564977586,2.5535113162655403,2.7254796760642943,1.0969462279629827,0.9665376621941272,1.2501280510452006,0.9127769645405429,11.73335877158908,2,95
nacc,Northern Athletics Collegiate Conference (NACC),2025-26,wbball,Concordia Chicago,"Yonemura,Ai",0,G,12,24,24,152,396,43,142,74,55,402,9,55,93,745,15,59,74,68,0,81,1,0,0.38,0.3,0.74,16.75,3.08,3.88,2.29,0.38,3.375,3.271370831110707,0.4333042635295563,4.023299915762633,2.228255286236091,0.25954287384375085,2.5907437591301092,0.9127769645405429,10.82349283371593,3,93
nacc,Northern Athletics Collegiate Conference (NACC),2025-26,wbball,Aurora,"Fischbach,Kylie",0,F,15,27,27,141,282,23,75,74,65,370,7,57,81,695,65,81,146,93,0,58,7,0,0.5,0.31,0.88,13.7,5.41,3.0,2.11,0.26,2.1481481481481484,2.4900170675937536,1.6352707922095668,2.8812181048280947,0.9730669752052191,0.9665376621941272,2.313374991940128,0.41836367135930635,9.912163897420742,4,92
nacc,Northern Athletics Collegiate Conference (NACC),2025-26,wbball,Wisconsin Lutheran,"Stevens,Margie",0,F,44,28,28,162,375,37,121,75,54,415,21,39,38,722,39,105,144,69,0,66,3,0,0.43,0.31,0.72,14.82,5.14,1.36,1.39,0.75,2.357142857142857,2.7769404168196514,1.495987117212312,0.7527929117228204,1.1868888114778635,0.5541240356564077,1.2038999231802037,2.4372179518493557,9.036815963148335,5,91
nacc,Northern Athletics Collegiate Conference (NACC),2025-26,wbball,Rockford,"Simpson,Te",0,C,24,24,23,132,323,1,19,154,78,343,15,20,49,778,65,170,235,60,1,120,0,0,0.41,0.05,0.51,14.29,9.79,2.04,0.83,0.63,5.0,2.6411641890609676,3.894761519942805,1.6353106747176902,3.890787728393964,0.4362915709313448,0.34097486970026286,1.9428046586681191,8.799145458934412,6,90
nacc,Northern Athletics Collegiate Conference (NACC),2025-26,wbball,MSOE,"Kerley,Lana",0,G,32,25,25,131,305,55,133,57,43,360,12,18,27,712,26,144,170,41,0,53,0,0,0.43,0.41,0.75,14.4,6.8,1.08,0.72,0.48,2.12,2.66934416085994,2.3523237857139505,0.3894032446072856,0.9442686924464729,0.5541240356564077,0.17147173419527448,1.3247880421915732,8.655341918790544,7,89
nacc,Northern Athletics Collegiate Conference (NACC),2025-26,wbball,Benedictine,"Jarvis,Allison",0,G,11,26,26,125,267,26,73,99,75,351,3,47,30,724,60,76,136,41,0,50,0,0,0.47,0.36,0.76,13.5,5.23,1.15,1.81,0.12,1.9230769230769231,2.4387807552319867,1.542415008878064,0.48025066138616906,0.7427973053731401,0.789788965106533,1.85109371329016,-0.15845183735213644,8.022278730769218,8,89
nacc,Northern Athletics Collegiate Conference (NACC),2025-26,wbball,Wisconsin Lutheran,"Cole,Abby",0,F,22,28,28,109,207,21,56,103,70,309,11,27,42,655,102,96,198,79,0,57,5,0,0.53,0.38,0.68,11.04,7.07,1.5,0.96,0.39,2.0357142857142856,1.8085741131822468,2.4916074607112053,0.9344877452805875,0.8580362405015809,1.1432863592817215,0.5412967571152492,0.953978072305646,7.311022971028473,9,88
nacc,Northern Athletics Collegiate Conference (NACC),2025-26,wbball,Aurora,"Anderson,Alina",0,F,23,25,24,82,176,32,77,25,18,214,17,49,61,663,50,96,146,42,1,32,0,0,0.47,0.42,0.72,8.56,5.84,2.44,1.96,0.68,1.28,1.1732438398963312,1.857092941279268,2.154438770597025,0.08486730696178799,0.789788965106533,2.082234352615144,2.1488101974936344,7.135696592159434,10,87
nacc,Northern Athletics Collegiate Conference (NACC),2025-26,wbball,Concordia Chicago,"King,Grace",0,F,11,24,24,106,218,10,34,54,45,267,6,32,29,692,59,89,148,79,0,34,3,0,0.49,0.29,0.83,11.13,6.17,1.21,1.33,0.25,1.4166666666666667,1.8316304537450427,2.0273285440536903,0.5581198757680694,0.22469054825096296,0.9076214298315958,1.1114436674502104,0.37716256359420325,7.135370351132377,11,87
nacc,Northern Athletics Collegiate Conference (NACC),2025-26,wbball,Wisconsin Lutheran,"Frey,Kenly",0,G,10,27,27,114,287,32,110,95,75,335,3,39,67,767,20,63,83,49,1,57,0,0,0.4,0.29,0.79,12.41,3.07,2.48,1.44,0.11,2.111111111111111,2.159542852860354,0.4281456089000283,2.206351580184959,0.9351744978910794,0.3773753385688137,1.2809468029551985,-0.19965294511723947,7.04837112179665,12,86
nacc,Northern Athletics Collegiate Conference (NACC),2025-26,wbball,MSOE,"Hill,Halena",0,G,24,25,25,115,313,39,129,72,56,325,5,21,37,722,33,75,108,46,0,48,0,0,0.37,0.3,0.78,13.0,4.32,1.48,0.84,0.2,1.92,2.310689974327568,1.0729774375910213,0.9085313404866208,0.7396493149501192,0.20062664148121945,0.35638424565526183,0.17115702476868805,6.896975420366659,13,85
nacc,Northern Athletics Collegiate Conference (NACC),2025-26,wbball,Wisconsin Lutheran,"Hill,Jayden",0,G,24,28,28,94,205,0,2,45,27,215,4,60,68,673,81,148,229,60,0,41,2,0,0.46,0.0,0.6,7.68,8.18,2.43,2.14,0.14,1.4642857142857142,0.9478040655045541,3.0642181245888067,2.141460568200042,0.2734094476548565,0.7308727327440019,2.3596031198051253,-0.07604962182193026,6.807578576148972,14,85
nacc,Northern Athletics Collegiate Conference (NACC),2025-26,wbball,Dominican,"Saunders,Lia",0,G,21,25,25,107,280,27,90,71,53,294,6,51,58,699,20,47,67,61,0,60,2,0,0.38,0.3,0.75,11.76,2.68,2.32,2.04,0.24,2.4,1.9930248376846098,0.2269580783484387,1.9987003418332245,1.2307358209413677,0.25954287384375085,2.2055093602551357,0.33596145582910014,6.587901538558993,15,84
nacc,Northern Athletics Collegiate Conference (NACC),2025-26,wbball,Benedictine,"Drendel,Abby",0,G,31,24,15,87,191,22,64,96,66,262,2,30,38,625,51,77,128,38,1,39,0,0,0.46,0.34,0.69,10.92,5.33,1.58,1.25,0.08,1.625,1.7778323257651867,1.5940015551733433,1.0383133644564548,0.43783573314299784,0.7308727327440019,0.9881686598102186,-0.3232562684125486,6.55114981202482,16,84
nacc,Northern Athletics Collegiate Conference (NACC),2025-26,wbball,Concordia Chicago,"Jackson,Naveya",0,G,23,23,7,93,248,26,86,119,87,299,5,36,21,455,15,77,92,59,2,55,2,0,0.38,0.3,0.73,13.0,4.0,0.91,1.57,0.22,2.391304347826087,2.310689974327568,0.9079004894461269,0.16877380385856805,1.2218393262676133,0.25954287384375085,1.481268690370185,0.2535592402988941,6.492021253611945,17,83
nacc,Northern Athletics Collegiate Conference (NACC),2025-26,wbball,Illinois Tech,"Churilla,Chloe",0,F,25,22,20,93,218,0,5,115,70,256,4,20,25,562,36,124,160,46,0,62,0,0,0.43,0.0,0.61,11.64,7.27,1.14,0.91,0.18,2.8181818181818183,1.9622830502675497,2.594780553301764,0.4672724589891857,1.6585763375246527,0.5541240356564077,0.4642498773402545,0.08875480923848186,6.469009863065742,18,83
nacc,Northern Athletics Collegiate Conference (NACC),2025-26,wbball,Lakeland,"Bartlett,A.T.",0,G,14,25,21,84,257,47,171,76,61,276,5,58,50,632,23,93,116,50,0,72,0,0,0.33,0.27,0.8,11.04,4.64,2.0,2.32,0.2,2.88,1.8085741131822468,1.238054385735915,1.5833978651297567,1.721822326932616,-0.03503828796890587,2.6369718869951058,0.17115702476868805,6.253228948545048,19,82
nacc,Northern Athletics Collegiate Conference (NACC),2025-26,wbball,St. Norbert,"Kahl,Marnie",0,F,21,22,19,88,183,11,33,25,13,200,16,18,37,572,25,88,113,48,0,25,1,0,0.48,0.33,0.52,9.09,5.14,1.68,0.82,0.73,1.1363636363636365,1.3090200676550148,1.495987117212312,1.1680953884262884,-0.062086609603774934,0.8487051974690644,0.3255654937452639,2.3548157363191495,6.184854805629355,20,82
nacc,Northern Athletics Collegiate Conference (NACC),2025-26,wbball,St. Norbert,"Witteck,Oakley",0,G,12,24,23,79,143,5,10,47,32,195,5,42,81,623,40,67,107,45,0,53,2,0,0.55,0.5,0.68,8.13,4.46,3.38,1.75,0.21,2.2083333333333335,1.0630857683185313,1.1451986024044123,3.3743897959134634,1.0346422508406958,1.2611188240067843,1.7586374575601662,0.21235813253379102,6.162374024805976,21,81
nacc,Northern Athletics Collegiate Conference (NACC),2025-26,wbball,Concordia Wisconsin,"Butterbrodt,Andrea",0,F,24,25,25,98,245,4,33,97,79,279,10,19,42,705,29,116,145,57,0,72,1,0,0.4,0.12,0.81,11.16,5.8,1.68,0.76,0.4,2.88,1.8393159005993076,1.8364583227611564,1.1680953884262884,1.721822326932616,0.3773753385688137,0.2331092380152703,0.9951791800707491,6.070645111934722,22,81
nacc,Northern Athletics Collegiate Conference (NACC),2025-26,wbball,Lakeland,"Johnson,Alexis",0,F,25,26,25,106,269,20,78,126,79,311,1,71,33,670,46,27,73,49,1,67,1,0,0.39,0.26,0.63,11.96,2.81,1.27,2.73,0.04,2.576923076923077,2.0442611500463777,0.2940205885323019,0.6359890901499698,1.4117452702650652,0.3184591062062823,3.268756301150063,-0.48806069947296077,6.032292662656921,23,81
nacc,Northern Athletics Collegiate Conference (NACC),2025-26,wbball,Edgewood,"Wollin,Taylor",0,G,20,26,26,81,185,16,68,41,32,210,2,46,67,691,50,116,166,40,0,50,0,0,0.44,0.24,0.78,8.08,6.38,2.58,1.77,0.08,1.9230769230769231,1.0502766902280891,2.1356602912737768,2.3361336041547927,0.7427973053731401,0.6130402680189391,1.789456209470164,-0.3232562684125486,5.928671448951747,24,80
nacc,Northern Athletics Collegiate Conference (NACC),2025-26,wbball,Marian,"King,Chelsea",0,G,2,24,21,111,360,44,184,57,35,301,5,49,33,660,15,86,101,36,0,88,0,0,0.31,0.24,0.61,12.54,4.21,1.38,2.04,0.21,3.6666666666666665,2.1928464558955025,1.0162322366662138,0.7787493165167868,2.52665854508494,-0.1528707526939687,2.2055093602551357,0.21235813253379102,5.893315601139974,25,80
nacc,Northern Athletics Collegiate Conference (NACC),2025-26,wbball,Rockford,"Paredes,Katie",0,F,32,18,18,64,162,12,35,74,57,197,8,23,36,581,36,96,132,31,0,87,0,0,0.4,0.34,0.77,10.94,7.33,2.0,1.28,0.44,4.833333333333333,1.7829559570013633,2.625732481078932,1.5833978651297567,3.7202715804803357,0.3773753385688137,1.0343967876752156,1.1599836111311614,5.854000847801836,26,79
nacc,Northern Athletics Collegiate Conference (NACC),2025-26,wbball,Dominican,"Yost,Kennedy",0,F,35,25,25,88,229,15,69,61,49,240,2,32,54,628,37,103,140,69,0,67,3,0,0.38,0.22,0.8,9.6,5.6,2.16,1.28,0.08,2.68,1.4396726641775215,1.7332852301705974,1.7910491034814908,1.5172029494362629,0.25954287384375085,1.0343967876752156,-0.3232562684125486,5.3877852594954225,27,79
nacc,Northern Athletics Collegiate Conference (NACC),2025-26,wbball,Aurora,"Doggett,Riley",0,G,21,25,24,73,182,30,98,37,26,202,8,56,44,621,49,78,127,59,0,42,4,0,0.4,0.31,0.7,8.08,5.08,1.76,2.24,0.32,1.68,1.0502766902280891,1.4650351894351448,1.2719210076021554,0.49410606195449497,0.3773753385688137,2.513696879355115,0.6655703179499246,5.352779482109598,28,79
nacc,Northern Athletics Collegiate Conference (NACC),2025-26,wbball,Concordia Wisconsin,"Wentling,Kristin",0,G,13,22,22,72,172,14,38,66,48,206,9,15,36,593,20,75,95,31,0,34,0,0,0.42,0.37,0.73,9.36,4.32,1.64,0.68,0.41,1.5454545454545454,1.3781890893434006,1.0729774375910213,1.1161825788383548,0.3564530261842208,0.4952078032938762,0.10983423037527881,1.0363802878358521,5.197535615501946,29,78
nacc,Northern Athletics Collegiate Conference (NACC),2025-26,wbball,Illinois Tech,"Goodnough,Grace",0,F,22,24,22,100,200,0,2,32,22,222,14,16,27,561,29,86,115,50,1,49,0,0,0.5,0.0,0.69,9.25,4.79,1.13,0.67,0.58,2.0416666666666665,1.3500091175444286,1.3154342051788344,0.4542942565922023,0.8641261029270675,0.9665376621941272,0.09442485442027986,1.7367991198426036,5.000444939790149,30,78
nacc,Northern Athletics Collegiate Conference (NACC),2025-26,wbball,St. Norbert,"Conway,Olivia",0,G,3,26,22,87,215,36,114,20,13,223,0,43,71,724,12,53,65,33,0,45,1,0,0.4,0.32,0.65,8.58,2.5,2.73,1.65,0.0,1.7307692307692308,1.1783674711325078,0.13410229501693569,2.5308066401095433,0.5460479039343387,0.3773753385688137,1.6045436980101766,-0.652865130533373,4.817707207002873,31,78
nacc,Northern Athletics Collegiate Conference (NACC),2025-26,wbball,Edgewood,"Lindsey,Laci",0,G,5,26,26,95,235,26,81,51,35,251,19,18,26,686,39,94,133,62,0,67,2,0,0.4,0.32,0.69,9.65,5.12,1.0,0.69,0.73,2.576923076923077,1.4524817422679637,1.4856698079532564,0.28557762543141846,1.4117452702650652,0.3773753385688137,0.12524360633027762,2.3548157363191495,4.816699499916792,32,77
nacc,Northern Athletics Collegiate Conference (NACC),2025-26,wbball,St. Norbert,"Hahn,Rose",0,G,5,26,26,87,229,24,84,52,35,233,9,31,54,721,29,70,99,54,0,63,1,0,0.38,0.29,0.67,8.96,3.81,2.08,1.19,0.35,2.423076923076923,1.275716464619866,0.8098860514850961,1.6872234843056237,1.2543457491140237,0.25954287384375085,0.8957124040802249,0.7891736412452337,4.656502227365455,33,77
nacc,Northern Athletics Collegiate Conference (NACC),2025-26,wbball,MSOE,"Chokshi,Mahima",0,G,4,23,23,67,180,18,59,46,35,187,8,40,69,601,7,48,55,47,0,60,0,0,0.37,0.31,0.76,8.13,2.39,3.0,1.74,0.35,2.608695652173913,1.0630857683185313,0.07735709409212839,2.8812181048280947,1.444251693111476,0.20062664148121945,1.7432280816051668,0.7891736412452337,4.481780793304516,34,76
nacc,Northern Athletics Collegiate Conference (NACC),2025-26,wbball,Edgewood,"Gunderson,Kate",0,G,12,20,5,60,158,9,46,85,67,196,1,12,32,429,31,63,94,47,0,52,1,0,0.38,0.2,0.79,9.8,4.7,1.6,0.6,0.05,2.6,1.4909089765392893,1.269006313513083,1.0642697692504215,1.4353551984377213,0.25954287384375085,-0.013440777264712862,-0.4468595917078578,4.406277870247263,35,76
nacc,Northern Athletics Collegiate Conference (NACC),2025-26,wbball,MSOE,"Glodowski,Shelby",0,G,5,25,3,56,132,11,34,44,33,156,12,36,50,462,33,74,107,52,0,32,1,0,0.42,0.32,0.75,6.24,4.28,2.0,1.44,0.48,1.28,0.5789026164998288,1.0523428190729094,1.5833978651297567,0.08486730696178799,0.4952078032938762,1.2809468029551985,1.3247880421915732,4.11014714273054,36,76
nacc,Northern Athletics Collegiate Conference (NACC),2025-26,wbball,Wisconsin Lutheran,"Leffel,Madeline",0,G,25,20,0,56,145,19,68,39,30,161,9,21,24,397,15,63,78,32,1,30,0,0,0.39,0.28,0.77,8.05,3.9,1.2,1.05,0.45,1.5,1.0425912433738243,0.8563139431508475,0.545141673371086,0.30994862220777686,0.3184591062062823,0.6799811407102399,1.2011847188962643,4.04453283141393,37,75
nacc,Northern Athletics Collegiate Conference (NACC),2025-26,wbball,Dominican,"Jackson,Allannah",0,G,24,25,25,53,108,3,14,71,28,137,4,71,56,613,63,62,125,76,0,67,1,0,0.49,0.21,0.39,5.48,5.0,2.24,2.84,0.16,2.68,0.3842046295251126,1.423765952398921,1.8948747226573581,1.5172029494362629,0.9076214298315958,3.438259436655051,0.0063525937082758045,3.842540470596818,38,75
nacc,Northern Athletics Collegiate Conference (NACC),2025-26,wbball,Benedictine,"Carroll,Makenzie",0,G,2,25,6,77,179,15,48,79,53,222,3,25,36,497,34,37,71,46,0,51,1,0,0.43,0.31,0.67,8.88,2.84,1.44,1.0,0.12,2.04,1.2552219396751592,0.30949655242088564,0.8566185308986872,0.8624209414479315,0.5541240356564077,0.602934260935245,-0.15845183735213644,3.7996970393704768,39,75
nacc,Northern Athletics Collegiate Conference (NACC),2025-26,wbball,Concordia Wisconsin,"Gunderson,Isabela",0,F,14,25,8,89,229,26,81,47,33,237,12,20,14,526,16,67,83,52,0,52,2,0,0.39,0.32,0.7,9.48,3.32,0.56,0.8,0.48,2.08,1.4089308767604614,0.5571119746382268,-0.2854632800358503,0.9033448169472021,0.3184591062062823,0.29474674183526617,1.3247880421915732,3.792608639251459,40,74
nacc,Northern Athletics Collegiate Conference (NACC),2025-26,wbball,Benedictine,"Bachmann,Hailey",0,F,21,26,25,70,157,28,79,25,17,185,10,33,30,630,36,91,127,57,0,50,1,0,0.45,0.35,0.68,7.12,4.88,1.15,1.27,0.38,1.9230769230769231,0.8043423908916054,1.3618620968445858,0.48025066138616906,0.7427973053731401,0.6719565003814705,1.0189874117202167,0.9127769645405429,3.727449544055988,41,74
nacc,Northern Athletics Collegiate Conference (NACC),2025-26,wbball,Benedictine,"Carney,Catey",0,G,33,26,5,87,238,31,122,33,24,229,5,29,22,398,23,45,68,40,0,35,0,0,0.37,0.25,0.73,8.81,2.62,0.85,1.12,0.19,1.3461538461538463,1.2372892303485403,0.19600615057127102,0.09090458947666767,0.15254910105673578,0.20062664148121945,0.7878467723952325,0.12995591700358494,3.6019893446530373,42,74
nacc,Northern Athletics Collegiate Conference (NACC),2025-26,wbball,MSOE,"Mendez,Dani",0,F,21,25,25,58,120,0,0,89,65,181,6,23,22,560,71,63,134,64,0,46,3,0,0.48,0.0,0.73,7.24,5.36,0.88,0.92,0.24,1.84,0.8350841783086659,1.6094775190619273,0.12983919666761787,0.657801563951578,0.8487051974690644,0.4796592532952535,0.33596145582910014,3.5737909900897837,43,74
nacc,Northern Athletics Collegiate Conference (NACC),2025-26,wbball,Benedictine,"Duzansky,Megan",0,F,30,26,26,61,169,13,52,61,37,172,9,34,40,556,34,77,111,50,0,38,2,0,0.36,0.25,0.61,6.62,4.27,1.54,1.31,0.35,1.4615384615384615,0.6762516099871868,1.0471841644433812,0.9864005548685212,0.2705987419200165,0.14171040911868804,1.0806249155402123,0.7891736412452337,3.4995063631571632,44,73
nacc,Northern Athletics Collegiate Conference (NACC),2025-26,wbball,Marian,"Eastham,Emily",0,F,30,25,24,50,131,15,49,28,23,138,2,32,51,668,47,106,153,29,0,45,0,0,0.38,0.31,0.82,5.52,6.12,2.04,1.28,0.08,1.8,0.3944518919974659,2.0015352709060505,1.6353106747176902,0.6168776884523072,0.25954287384375085,1.0343967876752156,-0.3232562684125486,3.4092604568921936,45,73
nacc,Northern Athletics Collegiate Conference (NACC),2025-26,wbball,Lakeland,"Johnson,Lauryn",0,G,31,22,19,66,138,0,0,38,21,153,0,15,44,506,42,58,100,33,0,47,0,0,0.48,0.0,0.55,6.95,4.55,2.0,0.68,0.0,2.1363636363636362,0.7607915253841031,1.1916264940701637,1.5833978651297567,0.9610102778779925,0.8487051974690644,0.10983423037527881,-0.652865130533373,3.4091282083929673,46,73
nacc,Northern Athletics Collegiate Conference (NACC),2025-26,wbball,Edgewood,"Vesperman,Grace",0,G,21,26,26,60,190,23,89,56,39,182,10,37,52,687,24,33,57,46,0,35,0,0,0.32,0.26,0.7,7.0,2.19,2.0,1.42,0.38,1.3461538461538463,0.773600603474545,-0.025815998498430543,1.5833978651297567,0.15254910105673578,-0.09395452033143728,1.2501280510452006,0.9127769645405429,3.393201367016511,47,72
nacc,Northern Athletics Collegiate Conference (NACC),2025-26,wbball,Concordia Wisconsin,"Pluess,Amya",0,G,11,25,16,58,144,13,45,25,10,139,8,46,45,706,21,90,111,40,0,45,0,0,0.4,0.29,0.4,5.56,4.44,1.8,1.84,0.32,1.8,0.40469915446981936,1.1348812931453567,1.3238338171900892,0.6168776884523072,0.3773753385688137,1.8973218411551565,0.6655703179499246,3.2494813617951603,48,72
nacc,Northern Athletics Collegiate Conference (NACC),2025-26,wbball,St. Norbert,"Bierowski,Avery",0,F,22,26,8,60,143,6,40,31,21,147,9,20,19,507,32,144,176,30,0,32,0,0,0.42,0.15,0.68,5.65,6.77,0.73,0.77,0.35,1.2307692307692308,0.4277554950326149,2.336847821825367,-0.0648338392871329,0.03449946019345485,0.4952078032938762,0.24851861397026928,0.7891736412452337,3.177461060018782,49,72
nacc,Northern Athletics Collegiate Conference (NACC),2025-26,wbball,Dominican,"Dahl,Teagan",0,F,20,25,20,66,176,15,49,52,33,180,8,29,13,589,50,73,123,57,0,43,0,0,0.38,0.31,0.63,7.2,4.92,0.52,1.16,0.32,1.72,0.8248369158363125,1.3824967153626975,-0.3373760896237839,0.5350299374537657,0.25954287384375085,0.849484276215228,0.6655703179499246,3.099879887182826,50,72
nacc,Northern Athletics Collegiate Conference (NACC),2025-26,wbball,Concordia Chicago,"Pedraza,Sophia",0,G,55,25,17,45,100,14,38,44,33,137,6,58,43,618,9,40,49,53,0,32,0,0,0.45,0.37,0.75,5.48,1.96,1.72,2.32,0.24,1.28,0.3842046295251126,-0.1444650549775732,1.220008198014222,0.08486730696178799,0.6719565003814705,2.6369718869951058,0.33596145582910014,2.8833793445562375,51,71
nacc,Northern Athletics Collegiate Conference (NACC),2025-26,wbball,Rockford,"Wilkerson,Nia",0,F,25,25,23,80,242,19,76,59,37,216,10,44,46,868,31,80,111,51,0,136,1,0,0.33,0.25,0.63,8.64,4.44,1.84,1.76,0.4,5.44,1.1937383648410382,1.1348812931453567,1.3757466267780227,4.340950358885943,-0.03503828796890587,1.7740468335151647,0.9951791800707491,2.851832620803136,52,71
nacc,Northern Athletics Collegiate Conference (NACC),2025-26,wbball,Illinois Tech,"Rusing,Berit",0,G,10,25,25,57,187,0,10,73,47,161,4,62,51,735,24,100,124,45,0,98,0,0,0.3,0.0,0.64,6.44,4.96,2.04,2.48,0.16,3.92,0.6301389288615963,1.4031313338808094,1.6353106747176902,2.7858430899136546,-0.21178698505650012,2.8835219022750893,0.0063525937082758045,2.7721471284480783,53,71
nacc,Northern Athletics Collegiate Conference (NACC),2025-26,wbball,Wisconsin Lutheran,"Ratzow,Maddie",0,F,13,28,0,71,140,5,15,64,45,192,2,13,18,465,46,53,99,45,0,28,0,0,0.51,0.33,0.7,6.86,3.54,0.64,0.46,0.07,1.0,0.7377351848213078,0.6706023764878416,-0.1816376608599833,-0.201599821533107,1.0254538945566587,-0.22917204063469804,-0.3644573761776516,2.667139311010405,54,70
nacc,Northern Athletics Collegiate Conference (NACC),2025-26,wbball,Aurora,"Antione,Dani",0,G,1,26,26,59,175,18,71,46,32,168,1,43,41,573,22,53,75,69,0,46,3,0,0.34,0.25,0.7,6.46,2.88,1.58,1.65,0.04,1.7692307692307692,0.6352625600977729,0.3301311709389974,1.0383133644564548,0.5853977842220989,0.023877944393625544,1.6045436980101766,-0.48806069947296077,2.542511659674479,55,70
nacc,Northern Athletics Collegiate Conference (NACC),2025-26,wbball,Edgewood,"Berg,Ava",0,G,1,26,26,50,131,25,68,47,34,159,1,21,38,680,50,70,120,31,0,48,0,0,0.38,0.37,0.72,6.12,4.62,1.46,0.81,0.04,1.8461538461538463,0.5481608290827683,1.2277370764768594,0.882574935692654,0.6640975447976196,0.25954287384375085,0.31015611779026514,-0.48806069947296077,2.4772153640579715,56,70
nacc,Northern Athletics Collegiate Conference (NACC),2025-26,wbball,Aurora,"Heinberg,Jennifer",0,G,2,27,5,63,176,50,138,13,9,185,6,24,23,476,16,40,56,30,0,19,0,0,0.36,0.36,0.69,6.85,2.07,0.85,0.89,0.22,0.7037037037037037,0.7351733692032193,-0.0877198540527659,0.09090458947666767,-0.5047396400462233,0.14171040911868804,0.43343112543025664,0.2535592402988941,2.419861971419504,57,70
nacc,Northern Athletics Collegiate Conference (NACC),2025-26,wbball,Edgewood,"Hamacher,Ella",0,G,22,26,0,78,222,8,43,58,41,205,4,11,25,581,24,83,107,27,0,72,0,0,0.35,0.19,0.71,7.88,4.12,0.96,0.42,0.15,2.769230769230769,0.9990403778663216,0.9698043450004623,0.23366481584348486,1.6084946717038666,0.08279417675615663,-0.29080954445469387,-0.03484851405682728,2.282467691954627,58,69
nacc,Northern Athletics Collegiate Conference (NACC),2025-26,wbball,Concordia Wisconsin,"McNabb,Gracie",0,G,19,25,21,57,183,40,132,33,25,179,8,22,24,672,9,48,57,49,0,40,1,0,0.31,0.3,0.76,7.16,2.28,0.96,0.88,0.32,1.6,0.8145896533639589,0.020611893167320858,0.23366481584348486,0.4122583109559537,-0.1528707526939687,0.41802174947525766,0.6655703179499246,2.1800111770163775,59,69
nacc,Northern Athletics Collegiate Conference (NACC),2025-26,wbball,Concordia Chicago,"Kulig,Abby",0,F,7,7,3,13,42,0,6,10,6,32,15,7,6,118,7,15,22,18,0,7,0,0,0.31,0.0,0.6,4.57,3.14,0.86,1.0,2.14,1.0,0.15107940827907076,0.464256191306724,0.10388279187365107,-0.201599821533107,-0.1528707526939687,0.602934260935245,8.16417193119868,2.143121414305522,60,69
nacc,Northern Athletics Collegiate Conference (NACC),2025-26,wbball,Marian,"Awak,Nyedeng",0,F,24,25,21,40,94,1,7,49,16,97,26,9,16,505,49,108,157,37,0,43,1,0,0.43,0.14,0.33,3.88,6.28,0.64,0.36,1.04,1.72,-0.025685869369026976,2.0840737449784976,-0.1816376608599833,0.5350299374537657,0.5541240356564077,-0.38326580018468753,3.6320500770373445,2.0155678960970307,61,69
nacc,Northern Athletics Collegiate Conference (NACC),2025-26,wbball,Lakeland,"Cisse,Jiaryatou",0,,12,26,13,55,109,0,0,18,5,115,6,23,14,426,51,96,147,67,0,35,1,0,0.5,0.0,0.28,4.42,5.65,0.54,0.88,0.23,1.3461538461538463,0.11265217400774509,1.7590785033182375,-0.31141968482981713,0.15254910105673578,0.9665376621941272,0.41802174947525766,0.2947603480639972,1.9378706462396003,62,68
nacc,Northern Athletics Collegiate Conference (NACC),2025-26,wbball,Edgewood,"Guerrero,Sophia",0,G,16,25,21,36,113,10,47,23,14,96,30,11,24,426,22,87,109,40,0,26,0,0,0.32,0.21,0.61,3.84,4.36,0.96,0.44,1.2,1.04,-0.03593313184138047,1.093612056109133,0.23366481584348486,-0.16067594603383625,-0.09395452033143728,-0.259990792544696,4.291267801278993,1.8471429795627206,63,68
nacc,Northern Athletics Collegiate Conference (NACC),2025-26,wbball,Lakeland,"Grabow,Sadie",0,G,4,25,18,53,175,24,100,31,20,150,0,38,22,489,49,46,95,44,0,56,0,0,0.3,0.24,0.65,6.0,3.8,0.88,1.52,0.0,2.24,0.5174190416657078,0.804727396855568,0.12983919666761787,1.0670403189442852,-0.21178698505650012,1.4042218105951902,-0.652865130533373,1.51690396714389,64,68
nacc,Northern Athletics Collegiate Conference (NACC),2025-26,wbball,Aurora,"Eklund,Aurora",0,F,5,26,1,48,110,12,28,40,27,135,0,15,25,435,29,52,81,22,0,32,0,0,0.44,0.43,0.68,5.19,3.12,0.96,0.58,0.0,1.2307692307692308,0.3099119766005498,0.45393888204766814,0.23366481584348486,0.03449946019345485,0.6130402680189391,-0.04425952917471078,-0.652865130533373,1.3398493884897376,65,68
nacc,Northern Athletics Collegiate Conference (NACC),2025-26,wbball,Rockford,"Wilkerson,Kyla",0,G,34,14,12,37,87,5,31,23,11,90,1,8,16,366,10,35,45,27,0,42,0,0,0.43,0.16,0.48,6.43,3.21,1.14,0.57,0.07,3.0,0.6275771132435077,0.5003667737134195,0.4672724589891857,1.8445939534304283,0.5541240356564077,-0.059668905129709744,-0.3644573761776516,1.2578701850318097,66,67
nacc,Northern Athletics Collegiate Conference (NACC),2025-26,wbball,Marian,"Goodwin,Holly",0,G,4,25,8,44,125,7,37,35,27,122,15,37,25,482,14,42,56,57,0,49,1,0,0.35,0.19,0.77,4.88,2.24,1.0,1.48,0.6,1.96,0.23049569243981016,-2.2725350790696912e-05,0.28557762543141846,0.78057319044939,0.08279417675615663,1.3425843067751944,1.8192013353728098,1.245327913935788,67,67
nacc,Northern Athletics Collegiate Conference (NACC),2025-26,wbball,St. Norbert,"Sellers,Reese",0,G,6,24,5,47,124,25,81,7,3,122,2,15,37,522,8,21,29,18,0,20,0,0,0.38,0.31,0.43,5.08,1.21,1.54,0.63,0.08,0.8333333333333334,0.2817320048015777,-0.5313641521921688,0.9864005548685212,-0.3721159694467349,0.25954287384375085,0.03278735060028402,-0.3232562684125486,1.2079179625874175,68,67
nacc,Northern Athletics Collegiate Conference (NACC),2025-26,wbball,Concordia Wisconsin,"Ross,Jayden",0,G,2,24,23,38,113,1,6,46,30,107,2,21,39,660,35,65,100,54,0,55,3,0,0.34,0.17,0.65,4.46,4.17,1.63,0.88,0.08,2.2916666666666665,0.12289943648009859,0.9955976181481019,1.1032043764413715,1.1199003247975094,0.023877944393625544,0.41802174947525766,-0.3232562684125486,1.0715818723002508,69,67
nacc,Northern Athletics Collegiate Conference (NACC),2025-26,wbball,Marian,"Kreger,Ava",0,G,13,23,8,47,164,18,94,58,37,149,2,9,36,450,16,33,49,21,0,57,0,0,0.29,0.19,0.64,6.48,2.13,1.57,0.39,0.09,2.4782608695652173,0.6403861913339497,-0.05676792627559822,1.0253351620594713,1.3108042730051581,-0.2707032174190315,-0.3370376723196907,-0.28205516064744557,1.066117879191275,70,66
nacc,Northern Athletics Collegiate Conference (NACC),2025-26,wbball,Rockford,"McCarver,Theresa",0,F,10,25,20,36,97,0,7,47,15,87,3,24,10,535,41,96,137,51,0,26,2,0,0.37,0.0,0.32,3.48,5.48,0.4,0.96,0.12,1.04,-0.1281584940925618,1.6713813746162625,-0.49311451838758447,-0.16067594603383625,0.20062664148121945,0.5412967571152492,-0.15845183735213644,0.9002618099806432,71,66
nacc,Northern Athletics Collegiate Conference (NACC),2025-26,wbball,Benedictine,"Schueler,Alexis",0,G,3,26,25,42,140,14,77,25,17,115,0,16,60,655,9,56,65,39,0,50,0,0,0.3,0.18,0.68,4.42,2.5,2.31,0.62,0.0,1.9230769230769231,0.11265217400774509,0.13410229501693569,1.9857221394362414,0.7427973053731401,-0.21178698505650012,0.01737797464528506,-0.652865130533373,0.8582294579333347,72,66
nacc,Northern Athletics Collegiate Conference (NACC),2025-26,wbball,Dominican,"Milison,Kaitlyn",0,F,12,23,9,37,114,6,25,42,24,104,10,18,18,312,27,54,81,41,0,42,0,0,0.32,0.24,0.57,4.52,3.52,0.78,0.78,0.43,1.826086956521739,0.13827033018862872,0.6602850672287858,5.7172697784059565e-05,0.6435671724735705,-0.09395452033143728,0.2639279899252682,1.1187825033660583,0.7468625348158897,73,66
nacc,Northern Athletics Collegiate Conference (NACC),2025-26,wbball,Lakeland,"Shea,Jenna",0,F,13,16,8,29,96,20,72,15,9,87,6,7,8,258,19,27,46,26,1,26,0,0,0.3,0.28,0.6,5.44,2.88,0.5,0.44,0.38,1.625,0.3739573670527591,0.3301311709389974,-0.3633324944177507,0.43783573314299784,-0.21178698505650012,-0.259990792544696,0.9127769645405429,0.7165882719689888,74,65
nacc,Northern Athletics Collegiate Conference (NACC),2025-26,wbball,Aurora,"Griswold,Elizabeth",0,G,30,26,1,28,53,0,3,40,25,81,13,10,17,242,40,44,84,24,0,25,0,0,0.53,0.0,0.63,3.12,3.23,0.65,0.38,0.5,0.9615384615384616,-0.22038385634374316,0.5106840829724754,-0.16865945846299993,-0.24094970182086725,1.1432863592817215,-0.35244704827468964,1.4071902577217794,0.6499776404112594,75,65
nacc,Northern Athletics Collegiate Conference (NACC),2025-26,wbball,Concordia Chicago,"Dykstra,Abbi",0,G,5,25,17,45,151,32,122,8,5,127,2,20,20,539,14,49,63,46,0,34,0,0,0.3,0.26,0.63,5.08,2.52,0.8,0.8,0.08,1.36,0.2817320048015777,0.14441960427599157,0.026013577491750848,0.16671505796032948,-0.21178698505650012,0.29474674183526617,-0.3232562684125486,0.6374566467269469,76,65
nacc,Northern Athletics Collegiate Conference (NACC),2025-26,wbball,Concordia Wisconsin,"Schwartz,Alexa",0,G,20,25,6,39,118,6,28,13,9,93,7,25,23,522,20,79,99,39,0,41,1,0,0.33,0.21,0.69,3.72,3.96,0.92,1.0,0.28,1.64,-0.06667491925844084,0.8872658709280151,0.18175200625555143,0.45318218645522423,-0.03503828796890587,0.602934260935245,0.5007658868895125,0.6102400224489658,77,65
nacc,Northern Athletics Collegiate Conference (NACC),2025-26,wbball,Lakeland,"Nimsakont,Sydney",0,G,22,20,5,35,100,14,50,31,24,108,4,14,7,309,18,38,56,28,0,35,0,0,0.35,0.28,0.77,5.4,2.8,0.35,0.7,0.2,1.75,0.3637101045804056,0.2888619339027738,-0.5580055303725014,0.5657228440782188,0.08279417675615663,0.14065298228527656,0.17115702476868805,0.5706564788826206,78,65
nacc,Northern Athletics Collegiate Conference (NACC),2025-26,wbball,Dominican,"Genthner,Olivia",0,F,25,14,0,21,52,2,8,11,7,51,1,12,9,217,22,24,46,24,0,13,0,0,0.4,0.25,0.64,3.64,3.29,0.64,0.86,0.07,0.9285714285714286,-0.08716944420314783,0.5416360107496431,-0.1816376608599833,-0.2746781706389475,0.3773753385688137,0.3872029975652597,-0.3644573761776516,0.45014027727209394,79,64
nacc,Northern Athletics Collegiate Conference (NACC),2025-26,wbball,Concordia Chicago,"Lopez,Hannah",0,G,10,25,22,30,101,18,55,10,6,84,7,18,22,649,23,84,107,44,0,34,1,0,0.3,0.33,0.6,3.36,4.28,0.88,0.72,0.28,1.36,-0.1589002815096223,1.0523428190729094,0.12983919666761787,0.16671505796032948,-0.21178698505650012,0.17147173419527448,0.5007658868895125,0.3965768389638279,80,64
nacc,Northern Athletics Collegiate Conference (NACC),2025-26,wbball,Concordia Wisconsin,"Pertell,Addison",0,G,5,3,0,6,7,2,3,0,0,14,0,0,0,13,1,2,3,3,0,1,0,0,0.86,0.67,0.0,4.67,1.0,0.0,0.0,0.0,0.3333333333333333,0.17669756445995438,-0.6396958994122556,-1.0122426142669199,-0.8836644131876189,3.0875220272452566,-0.9380033345646496,-0.652865130533373,0.2907160274416153,81,64
nacc,Northern Athletics Collegiate Conference (NACC),2025-26,wbball,MSOE,"Kohl,Elly",0,G,14,25,0,30,89,22,67,17,15,97,4,17,37,597,11,38,49,34,0,37,2,0,0.34,0.33,0.88,3.88,1.96,1.48,0.68,0.16,1.48,-0.025685869369026976,-0.1444650549775732,0.9085313404866208,0.28948668445814146,0.023877944393625544,0.10983423037527881,0.0063525937082758045,0.25805568296544823,82,64
nacc,Northern Athletics Collegiate Conference (NACC),2025-26,wbball,MSOE,"Butterbrodt,Aleah",0,G,1,25,22,30,89,14,42,21,14,88,6,19,25,536,25,44,69,39,0,32,1,0,0.34,0.33,0.67,3.52,2.76,1.0,0.76,0.24,1.28,-0.11791123162020832,0.26822731538466205,0.28557762543141846,0.08486730696178799,0.023877944393625544,0.2331092380152703,0.33596145582910014,0.19092480225995334,83,63
nacc,Northern Athletics Collegiate Conference (NACC),2025-26,wbball,Dominican,"Jenkins,Jasmina",0,G,2,1,0,2,3,2,3,0,0,6,0,0,0,13,2,0,2,0,0,0,0,0,0.67,0.67,0.0,6.0,2.0,0.0,0.0,0.0,0.0,0.5174190416657078,-0.12383043645946142,-1.0122426142669199,-1.2246967090148746,1.9681136123571605,-0.9380033345646496,-0.652865130533373,0.1826878111939029,84,63
nacc,Northern Athletics Collegiate Conference (NACC),2025-26,wbball,Illinois Tech,"Nazeer,Zainab",0,G,1,1,0,1,1,1,1,0,0,3,0,0,0,1,0,0,0,0,0,0,0,0,1.0,1.0,0.0,3.0,0.0,0.0,0.0,0.0,0.0,-0.25112564376080365,-1.1555613623650498,-1.0122426142669199,-1.2246967090148746,3.912349280320695,-0.9380033345646496,-0.652865130533373,0.015542258422060591,85,63
nacc,Northern Athletics Collegiate Conference (NACC),2025-26,wbball,Benedictine,"Bryant,Addison",0,F,24,24,0,26,41,1,5,20,11,64,1,5,8,179,24,31,55,16,0,6,0,0,0.63,0.2,0.55,2.67,2.29,0.33,0.21,0.04,0.25,-0.3356655591577199,0.02577054779684892,-0.5839619351664682,-0.9689224871444327,1.732448682907035,-0.6144064395096718,-0.48806069947296077,-0.06098127049283468,86,63
nacc,Northern Athletics Collegiate Conference (NACC),2025-26,wbball,Marian,"Schwanke,Taycee",0,G,14,25,14,47,108,12,47,37,25,131,0,12,5,469,9,32,41,14,0,42,0,0,0.44,0.26,0.68,5.24,1.64,0.2,0.48,0.0,1.68,0.3227210546909916,-0.3095420031224674,-0.752678566327252,0.49410606195449497,0.6130402680189391,-0.1983532887247002,-0.652865130533373,-0.08406734210481509,87,63
nacc,Northern Athletics Collegiate Conference (NACC),2025-26,wbball,Wisconsin Lutheran,"Meskan,Violet",0,G,32,1,0,1,4,0,2,0,0,2,1,0,0,7,0,1,1,0,0,0,0,0,0.25,0.0,0.0,2.0,1.0,0.0,0.0,1.0,0.0,-0.5073072055696408,-0.6396958994122556,-1.0122426142669199,-1.2246967090148746,-0.5063681468691569,-0.9380033345646496,3.467245645976932,-0.1303256515701881,88,62
nacc,Northern Athletics Collegiate Conference (NACC),2025-26,wbball,Edgewood,"Reilly,McKenna",0,G,23,25,0,36,96,17,52,9,4,93,7,11,16,280,7,42,49,23,0,28,0,0,0.38,0.33,0.44,3.72,1.96,0.64,0.44,0.28,1.12,-0.06667491925844084,-0.1444650549775732,-0.1816376608599833,-0.07882819503529476,0.25954287384375085,-0.259990792544696,0.5007658868895125,-0.1655323848716065,89,62
nacc,Northern Athletics Collegiate Conference (NACC),2025-26,wbball,Marian,"Akins,Jon'Niyah",0,G,5,25,20,42,169,7,42,29,15,106,2,27,39,487,14,38,52,45,0,63,1,0,0.25,0.17,0.52,4.24,2.08,1.56,1.08,0.08,2.52,0.06653949288215448,-0.08256119942323784,1.012356959662488,1.35350744743918,-0.5063681468691569,0.7262092685752367,-0.3232562684125486,-0.1759592965932782,90,62
nacc,Northern Athletics Collegiate Conference (NACC),2025-26,wbball,Dominican,"Washington,Danielle",0,G,10,7,0,8,20,3,12,9,6,25,0,1,6,95,2,10,12,3,0,5,0,0,0.4,0.25,0.67,3.57,1.71,0.86,0.14,0.0,0.7142857142857143,-0.1051021535297665,-0.27343142071577176,0.10388279187365107,-0.4939132179564692,0.3773753385688137,-0.7222720711946643,-0.652865130533373,-0.22596252748611728,91,62
nacc,Northern Athletics Collegiate Conference (NACC),2025-26,wbball,Dominican,"Herbig,Eva",0,F,13,24,3,39,140,28,107,0,0,106,4,11,9,352,14,38,52,38,0,27,0,0,0.28,0.26,0.0,4.42,2.17,0.38,0.46,0.17,1.125,0.11265217400774509,-0.03613330775748644,-0.5190709231815512,-0.07371271059788603,-0.3296194497815626,-0.22917204063469804,0.04755370147337889,-0.24400932170565776,92,62
nacc,Northern Athletics Collegiate Conference (NACC),2025-26,wbball,Lakeland,"MacPhee,Meghan",0,F,32,26,7,44,122,2,17,17,11,101,3,6,14,356,27,47,74,42,0,33,0,0,0.36,0.12,0.65,3.88,2.85,0.54,0.23,0.12,1.2692307692307692,-0.025685869369026976,0.31465520705041367,-0.31141968482981713,0.07384934048121501,0.14171040911868804,-0.5835876875996738,-0.15845183735213644,-0.2481308891124731,93,61
nacc,Northern Athletics Collegiate Conference (NACC),2025-26,wbball,MSOE,"Metzger,Aubrey",0,F,13,14,0,13,19,0,0,6,5,31,5,1,3,118,14,15,29,13,0,7,0,0,0.68,0.0,0.83,2.21,2.07,0.21,0.07,0.36,0.5,-0.453509077589785,-0.0877198540527659,-0.7397003639302688,-0.7131482652739909,2.027029844719692,-0.830137702879657,0.8303747490103367,-0.28054743740061483,94,61
nacc,Northern Athletics Collegiate Conference (NACC),2025-26,wbball,Wisconsin Lutheran,"Oiler,Lily",0,G,12,28,28,24,64,10,35,13,11,69,5,18,48,747,3,50,53,65,0,38,0,0,0.38,0.29,0.85,2.46,1.89,1.71,0.64,0.18,1.3571428571428572,-0.38946368713757573,-0.18057563738426882,1.2070299956172386,0.16379192399609582,0.25954287384375085,0.048196726555282975,0.08875480923848186,-0.30529032751439705,95,61
nacc,Northern Athletics Collegiate Conference (NACC),2025-26,wbball,Illinois Tech,"Williams,Halle",0,F,24,25,3,28,65,0,0,33,23,79,5,13,9,326,23,38,61,36,0,25,0,0,0.43,0.0,0.7,3.16,2.44,0.36,0.52,0.2,1.0,-0.21013659387138967,0.103150367239768,-0.5450273279755181,-0.201599821533107,0.5541240356564077,-0.13671578490470437,0.17115702476868805,-0.38719198217235395,96,61
nacc,Northern Athletics Collegiate Conference (NACC),2025-26,wbball,Marian,"Guelig,Brianna",0,G,20,19,3,18,49,9,21,11,6,51,1,16,13,267,28,36,64,25,0,23,0,0,0.37,0.43,0.55,2.68,3.37,0.68,0.84,0.05,1.2105263157894737,-0.33310374353963146,0.5829052477858667,-0.12972485127204975,0.013788996884107247,0.20062664148121945,0.35638424565526183,-0.4468595917078578,-0.3975010854996794,97,61
nacc,Northern Athletics Collegiate Conference (NACC),2025-26,wbball,Concordia Wisconsin,"Carothers,Kaitlyn",0,F,33,2,0,1,2,0,0,0,0,2,0,0,0,11,1,1,2,0,0,0,0,0,0.5,0.0,0.0,1.0,1.0,0.0,0.0,0.0,0.0,-0.7634887673784779,-0.6396958994122556,-1.0122426142669199,-1.2246967090148746,0.9665376621941272,-0.9380033345646496,-0.652865130533373,-0.44745704196398145,98,60
nacc,Northern Athletics Collegiate Conference (NACC),2025-26,wbball,Dominican,"Deiri,Aya",0,G,5,24,11,31,117,10,49,20,10,82,0,26,32,490,25,36,61,37,0,48,1,0,0.26,0.2,0.5,3.42,2.54,1.33,1.08,0.0,2.0,-0.14352938780109206,0.15473691353504745,0.7138583045318702,0.8214970659486607,-0.44745191450662547,0.7262092685752367,-0.652865130533373,-0.44785988276359434,99,60
nacc,Northern Athletics Collegiate Conference (NACC),2025-26,wbball,Lakeland,"Caldwell,Jaylyn",0,,0,1,0,0,0,0,0,0,0,0,0,0,1,5,0,0,0,0,0,1,0,0,0.0,0.0,0.0,0.0,0.0,1.0,0.0,0.0,1.0,-1.019670329187315,-1.1555613623650498,0.28557762543141846,-0.201599821533107,-1.9792739559324408,-0.9380033345646496,-0.652865130533373,-0.4546916736142299,100,60
nacc,Northern Athletics Collegiate Conference (NACC),2025-26,wbball,Dominican,"Bouaphanh,Emily",0,G,1,25,7,33,112,0,3,65,33,99,1,22,19,434,14,30,44,38,0,36,0,0,0.29,0.0,0.51,3.96,1.76,0.76,0.88,0.04,1.44,-0.005191344424319986,-0.24763814756813202,-0.02589923209618273,0.24856280895887073,-0.2707032174190315,0.41802174947525766,-0.48806069947296077,-0.46206146025294026,101,60
nacc,Northern Athletics Collegiate Conference (NACC),2025-26,wbball,Concordia Chicago,"Carter,Lucie",0,G,30,1,0,0,0,0,0,0,0,0,0,0,0,2,0,0,0,0,0,0,0,0,0.0,0.0,0.0,0.0,0.0,0.0,0.0,0.0,0.0,-1.019670329187315,-1.1555613623650498,-1.0122426142669199,-1.2246967090148746,-1.9792739559324408,-0.9380033345646496,-0.652865130533373,-0.4711750747472241,102,60
nacc,Northern Athletics Collegiate Conference (NACC),2025-26,wbball,Illinois Tech,"Guzik,Chloe",0,F,5,1,0,0,0,0,0,0,0,0,0,0,0,1,0,0,0,0,0,0,0,0,0.0,0.0,0.0,0.0,0.0,0.0,0.0,0.0,0.0,-1.019670329187315,-1.1555613623650498,-1.0122426142669199,-1.2246967090148746,-1.9792739559324408,-0.9380033345646496,-0.652865130533373,-0.4711750747472241,103,59
nacc,Northern Athletics Collegiate Conference (NACC),2025-26,wbball,Marian,"Wiete,Emma",0,G,25,3,0,3,5,0,1,0,0,6,0,0,1,25,0,2,2,1,0,3,0,0,0.6,0.0,0.0,2.0,0.67,0.33,0.0,0.0,1.0,-0.5073072055696408,-0.8099315021866776,-0.5839619351664682,-0.201599821533107,1.5556999858194407,-0.9380033345646496,-0.652865130533373,-0.5334914371368129,104,59
nacc,Northern Athletics Collegiate Conference (NACC),2025-26,wbball,Wisconsin Lutheran,"Murphy,Mollie",0,F,11,9,0,3,3,0,0,4,1,7,0,2,4,41,2,4,6,1,0,1,0,0,1.0,0.0,0.25,0.78,0.67,0.44,0.22,0.0,0.1111111111111111,-0.8198487109764222,-0.8099315021866776,-0.441201708799651,-1.111019277072456,3.912349280320695,-0.5989970635546729,-0.652865130533373,-0.5682365124526605,105,59
nacc,Northern Athletics Collegiate Conference (NACC),2025-26,wbball,Concordia Wisconsin,"Gacke,Blayne",0,F,31,8,0,3,3,1,1,0,0,7,0,0,2,23,1,4,5,1,0,0,0,0,1.0,1.0,0.0,0.88,0.63,0.25,0.0,0.0,0.0,-0.7942305547955384,-0.8305661207047895,-0.6877875543423353,-1.2246967090148746,3.912349280320695,-0.9380033345646496,-0.652865130533373,-0.6241359905994388,106,59
nacc,Northern Athletics Collegiate Conference (NACC),2025-26,wbball,Illinois Tech,"Marino,Abigail",0,G,3,25,23,35,136,12,65,42,27,109,1,28,37,729,7,47,54,40,0,87,0,0,0.26,0.18,0.64,4.36,2.16,1.48,1.12,0.04,3.48,0.09728128029921497,-0.04129196238701427,0.9085313404866208,2.3356804594216767,-0.44745191450662547,0.7878467723952325,-0.48806069947296077,-0.7119854060671277,107,59
nacc,Northern Athletics Collegiate Conference (NACC),2025-26,wbball,Wisconsin Lutheran,"Beger,Alexis",0,G,0,27,1,26,61,3,13,15,12,67,7,11,24,402,5,38,43,27,0,27,0,0,0.43,0.23,0.8,2.48,1.59,0.89,0.41,0.26,1.0,-0.38434005590139897,-0.33533527627010695,0.14281739906460125,-0.201599821533107,0.5541240356564077,-0.30621892040969284,0.41836367135930635,-0.7144581872593094,108,58
nacc,Northern Athletics Collegiate Conference (NACC),2025-26,wbball,Concordia Chicago,"Holliday,Kira",0,G,0,20,10,18,63,4,25,15,8,48,1,9,33,401,8,32,40,21,0,23,0,0,0.29,0.16,0.53,2.4,2.0,1.65,0.45,0.05,1.15,-0.40483458084610596,-0.12383043645946142,1.1291607812353381,-0.04813528841084193,-0.2707032174190315,-0.244581416589697,-0.4468595917078578,-0.7250601182920539,109,58
nacc,Northern Athletics Collegiate Conference (NACC),2025-26,wbball,Lakeland,"Banks,Amari",0,G,3,9,1,9,25,6,16,8,6,30,1,3,2,58,1,10,11,5,0,3,0,0,0.36,0.38,0.75,3.33,1.22,0.22,0.33,0.11,0.3333333333333333,-0.16658572836388735,-0.5262054975626409,-0.7267221615332854,-0.8836644131876189,0.14171040911868804,-0.42949392804968434,-0.19965294511723947,-0.7380213522734901,110,58
nacc,Northern Athletics Collegiate Conference (NACC),2025-26,wbball,Illinois Tech,"Joko,Camden",0,G,2,25,25,32,159,24,135,14,7,95,1,17,35,787,4,38,42,23,0,48,0,0,0.2,0.18,0.5,3.8,1.68,1.4,0.68,0.04,1.92,-0.04618039431373397,-0.28890738460435555,0.8047057213107537,0.7396493149501192,-0.8009493086818136,0.10983423037527881,-0.48806069947296077,-0.7627001597688025,111,58
nacc,Northern Athletics Collegiate Conference (NACC),2025-26,wbball,Aurora,"Beck,Peyton",0,G,35,10,0,11,29,10,27,0,0,32,2,1,4,52,3,5,8,5,0,2,0,0,0.38,0.37,0.0,3.2,0.8,0.4,0.1,0.2,0.2,-0.19988933139903617,-0.7428689920028144,-0.49311451838758447,-1.0200773315185212,0.25954287384375085,-0.7839095750146602,0.17115702476868805,-0.8053615931620821,112,58
nacc,Northern Athletics Collegiate Conference (NACC),2025-26,wbball,Marian,"Arndt,Cassandra",0,F,10,24,4,25,77,13,40,13,11,74,3,8,5,327,18,49,67,34,0,22,1,0,0.32,0.33,0.85,3.08,2.79,0.21,0.33,0.13,0.9166666666666666,-0.23063111881609666,0.283703279273246,-0.7397003639302688,-0.286857895489921,-0.09395452033143728,-0.42949392804968434,-0.11725072958703335,-0.8763037999930445,113,57
nacc,Northern Athletics Collegiate Conference (NACC),2025-26,wbball,Aurora,"Schuk,Courtney",0,G,3,26,0,27,66,24,60,6,5,83,1,9,13,226,10,14,24,26,0,16,0,0,0.41,0.4,0.83,3.19,0.92,0.5,0.35,0.04,0.6153846153846154,-0.2024511470171246,-0.6809651364484791,-0.3633324944177507,-0.5950986244107099,0.4362915709313448,-0.3986751761396865,-0.48806069947296077,-0.8871494861124293,114,57
nacc,Northern Athletics Collegiate Conference (NACC),2025-26,wbball,Aurora,"Anderson,Ambriel",0,G,24,5,0,3,10,1,7,7,7,14,0,2,2,27,0,3,3,5,0,4,0,0,0.3,0.14,1.0,2.8,0.6,0.4,0.4,0.0,0.8,-0.3023619561225711,-0.8460420845933732,-0.49311451838758447,-0.40621919902946046,-0.21178698505650012,-0.3216282963646917,-0.652865130533373,-0.8909756100129493,115,57
nacc,Northern Athletics Collegiate Conference (NACC),2025-26,wbball,MSOE,"Nelson,Callie",0,G,12,2,0,0,0,0,0,0,0,0,0,0,0,2,0,0,0,0,0,0,0,0,0.0,0.0,0.0,0.0,0.0,0.0,0.0,0.0,0.0,-1.019670329187315,-1.1555613623650498,-1.0122426142669199,-1.2246967090148746,-1.9792739559324408,-0.9380033345646496,-0.652865130533373,-0.9423501494944482,116,57
nacc,Northern Athletics Collegiate Conference (NACC),2025-26,wbball,Aurora,"Rutherford,Katheryn",0,G,32,6,0,2,3,0,0,0,0,4,0,2,3,27,5,6,11,0,0,5,0,0,0.67,0.0,0.0,0.67,1.83,0.5,0.33,0.0,0.8333333333333334,-0.8480286827753942,-0.2115275651614364,-0.3633324944177507,-0.3721159694467349,1.9681136123571605,-0.42949392804968434,-0.652865130533373,-0.9554119612837518,117,57
nacc,Northern Athletics Collegiate Conference (NACC),2025-26,wbball,Benedictine,"Rich,Emily",0,G,14,25,1,20,88,19,83,8,8,67,0,14,28,278,10,31,41,9,0,19,0,0,0.23,0.23,1.0,2.68,1.64,1.12,0.56,0.0,0.76,-0.33310374353963146,-0.3095420031224674,0.4413160541952192,-0.44714307452873125,-0.6242006115942195,-0.07507828108470853,-0.652865130533373,-1.0179572706105366,118,57
nacc,Northern Athletics Collegiate Conference (NACC),2025-26,wbball,Benedictine,"Johnson,Shiane",0,G,20,18,0,19,52,6,19,8,6,50,1,12,8,147,9,10,19,15,0,10,0,0,0.37,0.32,0.75,2.78,1.06,0.44,0.67,0.06,0.5555555555555556,-0.30748558735874787,-0.6087439716350879,-0.441201708799651,-0.6563095493027815,0.20062664148121945,0.09442485442027986,-0.4056584839427547,-1.0338226454375339,119,56
nacc,Northern Athletics Collegiate Conference (NACC),2025-26,wbball,Marian,"Tyciak,Cheyenne",0,G,15,6,0,3,8,0,1,12,9,15,0,0,2,29,1,1,2,3,0,2,0,0,0.38,0.0,0.75,2.5,0.33,0.33,0.0,0.0,0.3333333333333333,-0.3792164246652222,-0.9853257595906276,-0.5839619351664682,-0.8836644131876189,0.25954287384375085,-0.9380033345646496,-0.652865130533373,-1.0918161716237398,120,56
nacc,Northern Athletics Collegiate Conference (NACC),2025-26,wbball,Benedictine,"Pennington,Morgan",0,F,12,5,0,2,3,0,0,1,0,4,0,0,0,8,0,2,2,3,0,1,0,0,0.67,0.0,0.0,0.8,0.4,0.0,0.0,0.0,0.2,-0.8147250797402453,-0.9492151771839321,-1.0122426142669199,-1.0200773315185212,1.9681136123571605,-0.9380033345646496,-0.652865130533373,-1.1020115682903977,121,56
nacc,Northern Athletics Collegiate Conference (NACC),2025-26,wbball,Dominican,"Lohmeier,Sophia",0,G,32,6,0,4,9,4,7,4,1,13,0,0,0,23,1,2,3,3,0,2,0,0,0.44,0.57,0.25,2.17,0.5,0.0,0.0,0.0,0.3333333333333333,-0.4637563400621385,-0.8976286308886526,-1.0122426142669199,-0.8836644131876189,0.6130402680189391,-0.9380033345646496,-0.652865130533373,-1.229925076887891,122,56
nacc,Northern Athletics Collegiate Conference (NACC),2025-26,wbball,St. Norbert,"Wiese,Ella",0,G,23,7,0,4,8,4,6,2,1,13,0,3,0,22,0,2,2,2,0,1,0,0,0.5,0.67,0.5,1.86,0.29,0.0,0.43,0.0,0.14285714285714285,-0.543172624222878,-1.0059603781087394,-1.0122426142669199,-1.0785400108031937,0.9665376621941272,-0.2754001684996949,-0.652865130533373,-1.2590640284759045,123,56
nacc,Northern Athletics Collegiate Conference (NACC),2025-26,wbball,Edgewood,"Grenzer,Payton",0,C,6,17,0,13,35,0,0,15,10,36,7,4,2,107,8,31,39,10,0,13,0,0,0.37,0.0,0.67,2.12,2.29,0.12,0.24,0.41,0.7647058823529411,-0.4765654181525803,0.02577054779684892,-0.8565041855031192,-0.4423285009405818,0.20062664148121945,-0.5681783116446749,1.0363802878358521,-1.2613335890372424,124,55
nacc,Northern Athletics Collegiate Conference (NACC),2025-26,wbball,Benedictine,"Crane,Hallie",0,,1,7,0,5,12,5,9,2,2,17,0,1,1,42,3,1,4,5,0,4,0,0,0.42,0.56,1.0,2.43,0.57,0.14,0.14,0.0,0.5714285714285714,-0.39714913399184076,-0.8615180484819571,-0.8305477807091525,-0.6400699161681503,0.4952078032938762,-0.7222720711946643,-0.652865130533373,-1.3150408554822772,125,55
nacc,Northern Athletics Collegiate Conference (NACC),2025-26,wbball,Wisconsin Lutheran,"Cropsey,Abbie",0,F,31,21,0,12,24,0,1,17,11,35,3,4,2,116,13,33,46,9,0,9,0,0,0.5,0.0,0.65,1.67,2.19,0.1,0.19,0.14,0.42857142857142855,-0.5918471209665571,-0.025815998498430543,-0.882460590297086,-0.7862266143798313,0.9665376621941272,-0.6452251914196696,-0.07604962182193026,-1.3170017782709502,126,55
nacc,Northern Athletics Collegiate Conference (NACC),2025-26,wbball,Lakeland,"Levra,Lydia",0,G,15,24,5,14,44,8,24,9,5,41,2,16,32,393,18,28,46,20,0,32,0,0,0.32,0.33,0.56,1.71,1.92,1.33,0.67,0.08,1.3333333333333333,-0.5815998584942036,-0.16509967349568497,0.7138583045318702,0.13943247429414882,-0.09395452033143728,0.09442485442027986,-0.3232562684125486,-1.3196565477616133,127,55
nacc,Northern Athletics Collegiate Conference (NACC),2025-26,wbball,Illinois Tech,"Ikeda,Olivia",0,G,23,3,0,0,4,0,4,0,0,0,0,1,0,14,1,0,1,0,0,0,0,0,0.0,0.0,0.0,0.0,0.33,0.0,0.33,0.0,0.0,-1.019670329187315,-0.9853257595906276,-1.0122426142669199,-1.2246967090148746,-1.9792739559324408,-0.42949392804968434,-0.652865130533373,-1.3243822599749722,128,55
nacc,Northern Athletics Collegiate Conference (NACC),2025-26,wbball,Dominican,"Rodriguez,Destiny",0,G,3,4,0,0,8,0,5,2,0,0,0,1,2,16,2,4,6,4,0,0,0,0,0.0,0.0,0.0,0.0,1.5,0.5,0.25,0.0,0.0,-1.019670329187315,-0.3817631679358585,-0.3633324944177507,-1.2246967090148746,-1.9792739559324408,-0.5527689356896759,-0.652865130533373,-1.458365559942426,129,55
nacc,Northern Athletics Collegiate Conference (NACC),2025-26,wbball,Aurora,"Abner,Tierra",0,G,14,5,0,1,8,0,2,4,3,5,0,3,3,24,2,1,3,2,0,2,0,0,0.13,0.0,0.75,1.0,0.6,0.6,0.6,0.0,0.4,-0.7634887673784779,-0.8460420845933732,-0.23355047044791688,-0.8154579540221676,-1.2133629352195332,-0.013440777264712862,-0.652865130533373,-1.4632044549013825,130,54
nacc,Northern Athletics Collegiate Conference (NACC),2025-26,wbball,Aurora,"Oman,Jessica",0,G,22,20,0,17,42,15,36,2,1,50,1,7,9,134,5,8,13,16,0,12,0,0,0.4,0.42,0.5,2.5,0.65,0.45,0.35,0.05,0.6,-0.3792164246652222,-0.8202488114457336,-0.4282235064026676,-0.6108385765258141,0.3773753385688137,-0.3986751761396865,-0.4468595917078578,-1.4752097278926288,131,54
nacc,Northern Athletics Collegiate Conference (NACC),2025-26,wbball,Concordia Chicago,"Southern,Linley",0,G,22,24,1,10,34,1,7,22,15,36,2,15,18,345,8,40,48,29,0,12,0,0,0.29,0.14,0.68,1.5,2.0,0.75,0.63,0.08,0.5,-0.6353979864740593,-0.12383043645946142,-0.03887743449316612,-0.7131482652739909,-0.2707032174190315,0.03278735060028402,-0.3232562684125486,-1.4753038763408295,132,54
nacc,Northern Athletics Collegiate Conference (NACC),2025-26,wbball,Lakeland,"Abler,Madelyn",0,,1,25,1,24,68,5,15,17,13,66,0,7,15,275,15,29,44,16,0,32,0,0,0.35,0.33,0.76,2.64,1.76,0.6,0.28,0.0,1.28,-0.343351006011985,-0.24763814756813202,-0.23355047044791688,0.08486730696178799,0.08279417675615663,-0.506540807824679,-0.652865130533373,-1.5218833617673804,133,54
nacc,Northern Athletics Collegiate Conference (NACC),2025-26,wbball,Benedictine,"Sheehan,Luella",0,G,13,6,0,3,9,2,5,0,0,8,0,0,1,15,0,3,3,1,0,1,0,0,0.33,0.4,0.0,1.33,0.5,0.17,0.0,0.0,0.16666666666666666,-0.6789488519815616,-0.8976286308886526,-0.7916131735182023,-1.0541805611012467,-0.03503828796890587,-0.9380033345646496,-0.652865130533373,-1.6063249996449342,134,54
nacc,Northern Athletics Collegiate Conference (NACC),2025-26,wbball,Wisconsin Lutheran,"Wendorff,Eleanor",0,G,5,11,0,10,20,2,5,0,0,22,0,6,8,69,1,5,6,6,0,13,0,0,0.5,0.4,0.0,2.0,0.55,0.73,0.55,0.0,1.1818181818181819,-0.5073072055696408,-0.871835357741013,-0.0648338392871329,-0.015582205627330986,0.9665376621941272,-0.09048765703970749,-0.652865130533373,-1.6197218760388694,135,54
nacc,Northern Athletics Collegiate Conference (NACC),2025-26,wbball,Lakeland,"Hauser,Katelyn",0,,22,-8,-3,-17,-46,-9,-26,-18,-12,-55,-5,-6,0,-144,-7,-22,-29,-12,0,-14,0,0,0.37,0.35,0.67,6.88,3.63,0.0,0.75,0.63,1.75,0.7428588160574845,0.717030268153593,-1.0122426142669199,0.5657228440782188,0.20062664148121945,0.21769986206027137,1.9428046586681191,-1.6595987119783022,136,53
nacc,Northern Athletics Collegiate Conference (NACC),2025-26,wbball,St. Norbert,"Miller,Kat",0,G,2,19,0,12,30,3,16,6,4,31,6,0,11,142,5,11,16,14,0,8,0,0,0.4,0.19,0.67,1.63,0.84,0.58,0.0,0.32,0.42105263157894735,-0.6020943834389105,-0.7222343734847028,-0.2595068752418837,-0.7939190721804462,0.3773753385688137,-0.9380033345646496,0.6655703179499246,-1.6633736201991702,137,53
nacc,Northern Athletics Collegiate Conference (NACC),2025-26,wbball,Concordia Wisconsin,"Weiler,Kendall",0,F,22,18,0,19,47,2,6,6,2,42,0,4,10,165,6,11,17,15,0,16,0,0,0.4,0.33,0.33,2.33,0.94,0.56,0.22,0.0,0.8888888888888888,-0.4227672901727245,-0.6706478271894233,-0.2854632800358503,-0.31527725347552565,0.3773753385688137,-0.5989970635546729,-0.652865130533373,-1.6926609059936741,138,53
nacc,Northern Athletics Collegiate Conference (NACC),2025-26,wbball,Illinois Tech,"Spica,Miabella",0,G,0,25,0,17,45,1,2,20,10,45,2,13,23,271,10,38,48,17,0,43,0,0,0.38,0.5,0.5,1.8,1.92,0.92,0.52,0.08,1.72,-0.5585435179314081,-0.16509967349568497,0.18175200625555143,0.5350299374537657,0.25954287384375085,-0.13671578490470437,-0.3232562684125486,-1.7227884798923365,139,53
nacc,Northern Athletics Collegiate Conference (NACC),2025-26,wbball,Concordia Chicago,"Chammas,Jocelyn",0,G,21,25,0,26,83,20,62,12,4,76,0,9,5,253,2,17,19,21,0,21,0,0,0.31,0.32,0.33,3.04,0.76,0.2,0.36,0.0,0.84,-0.24087838128845016,-0.7635036105209262,-0.752678566327252,-0.36529532353018984,-0.1528707526939687,-0.38326580018468753,-0.652865130533373,-1.7428731153089791,140,53
nacc,Northern Athletics Collegiate Conference (NACC),2025-26,wbball,Aurora,"Geyrhalter,Paulina",0,G,12,17,0,9,31,5,23,6,5,28,0,8,13,80,11,14,25,8,0,9,0,0,0.29,0.22,0.83,1.65,1.47,0.76,0.47,0.0,0.5294117647058824,-0.5969707522027338,-0.3972391318244423,-0.02589923209618273,-0.6830571803480565,-0.2707032174190315,-0.21376266467969918,-0.652865130533373,-1.7495843278135732,141,53
nacc,Northern Athletics Collegiate Conference (NACC),2025-26,wbball,Dominican,"Gajkowska,Kamila",0,F,23,21,0,12,32,1,10,7,5,30,2,6,6,114,12,20,32,13,0,4,0,0,0.38,0.1,0.71,1.43,1.52,0.29,0.29,0.1,0.19047619047619047,-0.6533306958006779,-0.3714458586768026,-0.6358747447544018,-1.0298211113992999,0.25954287384375085,-0.49113143186968017,-0.2408540528823425,-1.7593090980416157,142,52
nacc,Northern Athletics Collegiate Conference (NACC),2025-26,wbball,MSOE,"Ross,Emily",0,G,0,7,0,2,4,1,2,0,0,5,0,0,1,14,2,0,2,0,0,0,0,0,0.5,0.5,0.0,0.71,0.29,0.14,0.0,0.0,0.0,-0.8377814203030407,-1.0059603781087394,-0.8305477807091525,-1.2246967090148746,0.9665376621941272,-0.9380033345646496,-0.652865130533373,-1.7992695539589347,143,52
nacc,Northern Athletics Collegiate Conference (NACC),2025-26,wbball,St. Norbert,"Hayes,Makayla",0,C,34,9,0,3,5,0,0,0,0,6,1,1,4,35,1,4,5,3,0,3,0,0,0.6,0.0,0.0,0.67,0.56,0.44,0.11,0.11,0.3333333333333333,-0.8480286827753942,-0.866676703111485,-0.441201708799651,-0.8836644131876189,1.5556999858194407,-0.7685001990596612,-0.19965294511723947,-1.8020754805717936,144,52
nacc,Northern Athletics Collegiate Conference (NACC),2025-26,wbball,Edgewood,"Lonigro,Kylee",0,G,10,19,0,15,39,7,26,12,8,45,1,3,6,153,2,12,14,16,0,12,0,0,0.38,0.27,0.67,2.37,0.74,0.32,0.16,0.05,0.631578947368421,-0.412520027700371,-0.773820919779982,-0.5969401375634515,-0.578530253763232,0.25954287384375085,-0.6914533192846664,-0.4468595917078578,-1.807972766131769,145,52
nacc,Northern Athletics Collegiate Conference (NACC),2025-26,wbball,Lakeland,"Sasis,Madeline",0,,21,25,6,25,89,9,39,11,5,64,0,7,21,312,10,24,34,20,0,35,0,0,0.28,0.23,0.45,2.56,1.36,0.84,0.28,0.0,1.4,-0.363845530956692,-0.45398433274924965,0.07792638707968429,0.2076389334596,-0.3296194497815626,-0.506540807824679,-0.652865130533373,-1.8105456784069163,146,52
nacc,Northern Athletics Collegiate Conference (NACC),2025-26,wbball,MSOE,"Vasey,Rachel",0,F,55,16,0,10,22,0,1,2,0,20,3,5,3,105,11,15,26,19,0,9,0,0,0.45,0.0,0.0,1.25,1.63,0.19,0.31,0.19,0.5625,-0.6994433769262687,-0.3147006577519953,-0.7656567687242355,-0.6492047098063803,0.6719565003814705,-0.4603126799596823,0.12995591700358494,-1.8314123466370387,147,52
nacc,Northern Athletics Collegiate Conference (NACC),2025-26,wbball,Marian,"Hanserd,Taj",0,G,3,14,1,12,55,4,20,14,13,41,3,5,14,196,7,25,32,23,0,38,0,0,0.22,0.2,0.93,2.93,2.29,1.0,0.36,0.21,2.7142857142857144,-0.2690583530874222,0.02577054779684892,0.28557762543141846,1.5522805570070664,-0.683116843956751,-0.38326580018468753,0.21235813253379102,-1.8372401771157185,148,51
nacc,Northern Athletics Collegiate Conference (NACC),2025-26,wbball,Benedictine,"Kokkines,Olympia",0,G,4,24,1,11,39,5,22,4,3,30,6,12,25,248,6,19,25,21,0,19,0,0,0.28,0.23,0.75,1.25,1.04,1.04,0.5,0.25,0.7916666666666666,-0.6994433769262687,-0.6190612808941438,0.337490435019352,-0.41474500642514195,-0.3296194497815626,-0.1675345368147023,0.37716256359420325,-1.8597662459522524,149,51
nacc,Northern Athletics Collegiate Conference (NACC),2025-26,wbball,Concordia Wisconsin,"Cordova,Payton",0,G,1,5,0,1,3,0,1,0,0,2,0,0,0,11,2,1,3,4,0,4,0,0,0.33,0.0,0.0,0.4,0.6,0.0,0.0,0.0,0.8,-0.9171977044637802,-0.8460420845933732,-1.0122426142669199,-0.40621919902946046,-0.03503828796890587,-0.9380033345646496,-0.652865130533373,-1.8789371816163556,150,51
nacc,Northern Athletics Collegiate Conference (NACC),2025-26,wbball,Wisconsin Lutheran,"Riesop,Lauren",0,G,6,22,0,17,49,11,34,8,4,49,2,7,5,166,6,10,16,20,0,12,0,0,0.35,0.32,0.5,2.23,0.73,0.23,0.32,0.09,0.5454545454545454,-0.4483854463536082,-0.77897957440951,-0.7137439591363021,-0.6666438612975469,0.08279417675615663,-0.4449033040046833,-0.28205516064744557,-1.879342234859353,151,51
nacc,Northern Athletics Collegiate Conference (NACC),2025-26,wbball,Aurora,"Kalamaris,Marissa",0,F,33,17,0,11,28,2,10,8,7,31,1,4,2,89,8,13,21,10,0,6,0,0,0.39,0.2,0.88,1.82,1.24,0.12,0.24,0.06,0.35294117647058826,-0.5534198866952316,-0.515888188303585,-0.8565041855031192,-0.8636036899036624,0.3184591062062823,-0.5681783116446749,-0.4056584839427547,-1.8814592228684461,152,51
nacc,Northern Athletics Collegiate Conference (NACC),2025-26,wbball,Illinois Tech,"Del Olmo Perez,Nerea",0,G,32,16,1,15,59,8,35,10,6,44,4,4,3,148,7,14,21,19,0,18,0,0,0.25,0.23,0.6,2.75,1.31,0.19,0.25,0.25,1.125,-0.3151710342130129,-0.47977760589688934,-0.7656567687242355,-0.07371271059788603,-0.5063681468691569,-0.5527689356896759,0.37716256359420325,-1.8913009045635787,153,51
nacc,Northern Athletics Collegiate Conference (NACC),2025-26,wbball,MSOE,"Falls,Gina",0,G,23,20,0,15,42,7,27,3,2,39,0,6,2,122,9,17,26,9,0,7,0,0,0.36,0.26,0.67,1.95,1.3,0.1,0.3,0.0,0.35,-0.5201162836600827,-0.4849362605264173,-0.882460590297086,-0.866612798396256,0.14171040911868804,-0.47572205591468125,-0.652865130533373,-1.9081185643033345,154,50
nacc,Northern Athletics Collegiate Conference (NACC),2025-26,wbball,Illinois Tech,"Applewhite,Morgan",0,F,33,23,0,13,41,0,0,20,8,34,3,8,6,174,20,29,49,19,0,15,0,0,0.32,0.0,0.4,1.48,2.13,0.26,0.35,0.13,0.6521739130434783,-0.6405216177102361,-0.05676792627559822,-0.6748093519453519,-0.557459608483287,-0.09395452033143728,-0.3986751761396865,-0.11725072958703335,-1.9272776929571154,155,50
nacc,Northern Athletics Collegiate Conference (NACC),2025-26,wbball,Concordia Wisconsin,"Becker,Madalynn",0,F,32,13,0,8,25,1,4,5,2,19,4,4,6,92,8,9,17,12,0,9,0,0,0.32,0.25,0.4,1.46,1.31,0.46,0.31,0.31,0.6923076923076923,-0.6456452489464128,-0.47977760589688934,-0.4152453040056842,-0.5163988638351894,-0.09395452033143728,-0.4603126799596823,0.6243692101848215,-1.9412597062015535,156,50
nacc,Northern Athletics Collegiate Conference (NACC),2025-26,wbball,Dominican,"Bolanos,Izzy",0,G,14,4,0,0,3,0,3,0,0,0,0,0,0,5,0,0,0,0,0,1,0,0,0.0,0.0,0.0,0.0,0.0,0.0,0.0,0.0,0.25,-1.019670329187315,-1.1555613623650498,-1.0122426142669199,-0.9689224871444327,-1.9792739559324408,-0.9380033345646496,-0.652865130533373,-1.9460861122378021,157,50
nacc,Northern Athletics Collegiate Conference (NACC),2025-26,wbball,Aurora,"Slaby,Sierra",0,G,10,10,0,3,6,2,3,4,4,12,1,4,3,42,4,5,9,2,0,6,0,0,0.5,0.67,1.0,1.2,0.9,0.3,0.4,0.1,0.6,-0.7122524550167105,-0.691282445707535,-0.6228965423574183,-0.6108385765258141,0.9665376621941272,-0.3216282963646917,-0.2408540528823425,-1.9612782148871775,158,50
nacc,Northern Athletics Collegiate Conference (NACC),2025-26,wbball,Rockford,"West,Haylee",0,F,8,21,5,5,28,0,2,8,5,15,15,4,7,418,23,54,77,18,0,25,0,0,0.18,0.0,0.63,0.71,3.67,0.33,0.19,0.71,1.1904761904761905,-0.8377814203030407,0.7376648866717048,-0.5839619351664682,-0.006724223917532204,-0.9187817734068764,-0.6452251914196696,2.2724135207889433,-2.041547080339857,159,50
nacc,Northern Athletics Collegiate Conference (NACC),2025-26,wbball,Concordia Wisconsin,"Moesch,Hannah",0,G,15,8,0,3,11,1,7,0,0,7,1,3,3,33,1,6,7,3,0,2,0,0,0.27,0.14,0.0,0.88,0.88,0.38,0.38,0.13,0.25,-0.7942305547955384,-0.701599754966591,-0.5190709231815512,-0.9689224871444327,-0.388535682144094,-0.35244704827468964,-0.11725072958703335,-2.042977813962142,160,50
nacc,Northern Athletics Collegiate Conference (NACC),2025-26,wbball,MSOE,"Troia,Emily",0,G,11,25,2,8,35,2,17,3,2,20,3,10,29,236,10,26,36,7,0,13,0,0,0.23,0.12,0.67,0.8,1.44,1.16,0.4,0.12,0.52,-0.8147250797402453,-0.41271509571302617,0.49322886378315245,-0.6926863275243554,-0.6242006115942195,-0.3216282963646917,-0.15845183735213644,-2.078447320428013,161,49
nacc,Northern Athletics Collegiate Conference (NACC),2025-26,wbball,Dominican,"O'Neill,Xi Le",0,G,31,21,0,13,42,10,28,0,0,36,0,10,6,185,4,17,21,9,0,8,0,0,0.31,0.36,0.0,1.71,1.0,0.29,0.48,0.0,0.38095238095238093,-0.5815998584942036,-0.6396958994122556,-0.6358747447544018,-0.8349455137837251,-0.1528707526939687,-0.1983532887247002,-0.652865130533373,-2.091419624440466,162,49
nacc,Northern Athletics Collegiate Conference (NACC),2025-26,wbball,Dominican,"Jones,Laila",0,C,34,8,0,3,8,0,0,2,2,8,1,0,1,29,2,8,10,7,0,5,0,0,0.38,0.0,1.0,1.0,1.25,0.13,0.0,0.13,0.625,-0.7634887673784779,-0.510729533674057,-0.8435259831061358,-0.5852611543387699,0.25954287384375085,-0.9380033345646496,-0.11725072958703335,-2.1192271214807716,163,49
nacc,Northern Athletics Collegiate Conference (NACC),2025-26,wbball,Wisconsin Lutheran,"Maloney,Madeline",0,G,23,10,0,7,15,2,6,2,2,18,0,0,0,39,3,5,8,4,0,4,0,0,0.47,0.33,1.0,1.8,0.8,0.0,0.0,0.0,0.4,-0.5585435179314081,-0.7428689920028144,-1.0122426142669199,-0.8154579540221676,0.789788965106533,-0.9380033345646496,-0.652865130533373,-2.131060852555046,164,49
nacc,Northern Athletics Collegiate Conference (NACC),2025-26,wbball,Illinois Tech,"Peters,Uma",0,G,15,13,2,10,33,8,31,8,5,33,0,1,2,99,0,5,5,6,0,5,0,0,0.3,0.26,0.63,2.54,0.38,0.15,0.08,0.0,0.38461538461538464,-0.36896916219286874,-0.959532486442988,-0.817569578312169,-0.8311979061372717,-0.21178698505650012,-0.8147283269246581,-0.652865130533373,-2.140183338882425,165,49
nacc,Northern Athletics Collegiate Conference (NACC),2025-26,wbball,MSOE,"Lewandowski,Maggie",0,G,3,23,0,15,49,1,14,5,5,36,0,5,15,177,4,15,19,7,0,11,0,0,0.31,0.07,1.0,1.57,0.83,0.65,0.22,0.0,0.4782608695652174,-0.6174652771474408,-0.7273930281142306,-0.16865945846299993,-0.735389501958377,-0.1528707526939687,-0.5989970635546729,-0.652865130533373,-2.1621009176758004,166,49
nacc,Northern Athletics Collegiate Conference (NACC),2025-26,wbball,Marian,"Yeltysheva,Dasha",0,G,21,22,0,19,63,4,13,9,8,50,0,5,15,221,11,13,24,14,0,30,0,0,0.3,0.31,0.89,2.27,1.09,0.68,0.23,0.0,1.3636363636363635,-0.43813818388125475,-0.593268007746504,-0.12972485127204975,0.1704354102784448,-0.21178698505650012,-0.5835876875996738,-0.652865130533373,-2.1640946878774656,167,48
nacc,Northern Athletics Collegiate Conference (NACC),2025-26,wbball,St. Norbert,"Winslow,Kalina",0,G,4,14,1,9,25,3,17,3,3,24,2,2,7,130,4,6,10,8,0,11,0,0,0.36,0.18,1.0,1.71,0.71,0.5,0.14,0.14,0.7857142857142857,-0.5815998584942036,-0.7892968836685659,-0.3633324944177507,-0.42083486885062865,0.14171040911868804,-0.7222720711946643,-0.07604962182193026,-2.172958465958049,168,48
nacc,Northern Athletics Collegiate Conference (NACC),2025-26,wbball,Benedictine,"Chism,Makayla",0,G,22,18,0,11,35,3,17,8,2,27,1,1,5,86,5,17,22,8,0,4,0,0,0.31,0.18,0.25,1.5,1.22,0.28,0.06,0.06,0.2222222222222222,-0.6353979864740593,-0.5262054975626409,-0.6488529471513851,-0.9973418451300374,-0.1528707526939687,-0.845547078834656,-0.4056584839427547,-2.2215369506166076,169,48
nacc,Northern Athletics Collegiate Conference (NACC),2025-26,wbball,Illinois Tech,"Wang,Amanda",0,G,30,21,0,18,76,16,69,4,4,56,0,6,4,325,2,15,17,11,0,18,0,0,0.24,0.23,1.0,2.67,0.81,0.19,0.29,0.0,0.8571428571428571,-0.3356655591577199,-0.7377103373732864,-0.7656567687242355,-0.34775651974478816,-0.5652843792316883,-0.49113143186968017,-0.652865130533373,-2.224055756846844,170,48
nacc,Northern Athletics Collegiate Conference (NACC),2025-26,wbball,MSOE,"Kirkpatrick,June",0,G,34,9,0,2,4,1,2,2,2,7,0,2,1,16,1,2,3,0,0,1,0,0,0.5,0.5,1.0,0.78,0.33,0.11,0.22,0.0,0.1111111111111111,-0.8198487109764222,-0.9853257595906276,-0.8694823879001027,-1.111019277072456,0.9665376621941272,-0.5989970635546729,-0.652865130533373,-2.235621689488349,171,48
nacc,Northern Athletics Collegiate Conference (NACC),2025-26,wbball,Concordia Chicago,"Gonzales,Naomi",0,,20,5,0,0,2,0,1,2,1,1,0,0,1,11,0,1,1,2,0,1,0,0,0.0,0.0,0.5,0.2,0.2,0.2,0.0,0.0,0.2,-0.9684340168255476,-1.0523882697744908,-0.752678566327252,-1.0200773315185212,-1.9792739559324408,-0.9380033345646496,-0.652865130533373,-2.239235999744221,172,48
nacc,Northern Athletics Collegiate Conference (NACC),2025-26,wbball,Aurora,"Prucha,Grace",0,G,20,6,0,1,8,0,4,0,0,2,2,0,0,24,1,6,7,2,0,4,0,0,0.13,0.0,0.0,0.33,1.17,0.0,0.0,0.33,0.6666666666666666,-0.9351304137903989,-0.5519987707102806,-1.0122426142669199,-0.5426321173603629,-1.2133629352195332,-0.9380033345646496,0.7067714257150277,-2.2585687502374587,173,48
nacc,Northern Athletics Collegiate Conference (NACC),2025-26,wbball,Concordia Chicago,"Nickerson,Emma",0,F,3,19,0,14,55,5,22,10,7,40,3,5,3,158,9,16,25,33,0,18,0,0,0.25,0.23,0.7,2.11,1.32,0.16,0.26,0.16,0.9473684210526315,-0.47912723377066874,-0.4746189512673614,-0.8045913759151857,-0.2554470261374106,-0.5063681468691569,-0.537359559734677,0.0063525937082758045,-2.2992097310951363,174,47
nacc,Northern Athletics Collegiate Conference (NACC),2025-26,wbball,Wisconsin Lutheran,"Nevad,Raeanne",0,G,21,9,0,4,12,3,8,2,2,13,0,1,2,33,1,2,3,4,0,2,0,0,0.33,0.38,1.0,1.44,0.33,0.22,0.11,0.0,0.2222222222222222,-0.6507688801825896,-0.9853257595906276,-0.7267221615332854,-0.9973418451300374,-0.03503828796890587,-0.7685001990596612,-0.652865130533373,-2.343590026470486,175,47
nacc,Northern Athletics Collegiate Conference (NACC),2025-26,wbball,Edgewood,"Holewinski,Londyn",0,G,15,25,0,12,50,9,35,13,8,41,1,7,14,273,4,28,32,22,0,21,0,0,0.24,0.26,0.62,1.64,1.28,0.56,0.28,0.04,0.84,-0.5995325678208221,-0.4952535697854732,-0.2854632800358503,-0.36529532353018984,-0.5652843792316883,-0.506540807824679,-0.48806069947296077,-2.379556339528005,176,47
nacc,Northern Athletics Collegiate Conference (NACC),2025-26,wbball,Dominican,"Sibert,Dayton",0,F,33,6,0,0,1,0,0,8,6,6,0,0,1,17,4,1,5,5,0,4,0,0,0.0,0.0,0.75,1.0,0.83,0.17,0.0,0.0,0.6666666666666666,-0.7634887673784779,-0.7273930281142306,-0.7916131735182023,-0.5426321173603629,-1.9792739559324408,-0.9380033345646496,-0.652865130533373,-2.4290640597108304,177,47
nacc,Northern Athletics Collegiate Conference (NACC),2025-26,wbball,Marian,"Ptacek,Taylor",0,G,22,11,0,5,13,3,5,0,0,13,0,2,2,68,1,12,13,5,0,5,0,0,0.38,0.6,0.0,1.18,1.18,0.18,0.18,0.0,0.45454545454545453,-0.7173760862528872,-0.5468401160807527,-0.7786349711212188,-0.7596526692504347,0.25954287384375085,-0.6606345673746685,-0.652865130533373,-2.4522846223038166,178,47
nacc,Northern Athletics Collegiate Conference (NACC),2025-26,wbball,St. Norbert,"Phipps,Addyson",0,C,33,20,0,11,31,1,5,4,4,27,0,2,5,111,2,14,16,10,0,6,0,0,0.35,0.2,1.0,1.35,0.8,0.25,0.1,0.0,0.3,-0.6738252207453849,-0.7428689920028144,-0.6877875543423353,-0.9177676427703443,0.08279417675615663,-0.7839095750146602,-0.652865130533373,-2.462770838719023,179,47
nacc,Northern Athletics Collegiate Conference (NACC),2025-26,wbball,Aurora,"Diggs,Ariana",0,F,25,9,0,2,12,1,4,12,9,14,3,2,2,31,4,4,8,6,0,7,0,0,0.17,0.25,0.75,1.56,0.89,0.22,0.22,0.33,0.7777777777777778,-0.6200270927655291,-0.6964411003370629,-0.7267221615332854,-0.42895468541794424,-0.9776980057694077,-0.5989970635546729,0.7067714257150277,-2.4642378958671483,180,46
nacc,Northern Athletics Collegiate Conference (NACC),2025-26,wbball,Benedictine,"Sidlo,Kaitlyn",0,G,15,17,0,8,21,4,15,4,2,22,0,2,7,76,3,2,5,4,0,7,0,0,0.38,0.27,0.5,1.29,0.29,0.41,0.12,0.0,0.4117647058823529,-0.6891961144539152,-1.0059603781087394,-0.48013631599060114,-0.8034215200517939,0.25954287384375085,-0.7530908231046622,-0.652865130533373,-2.530218062172289,181,46
nacc,Northern Athletics Collegiate Conference (NACC),2025-26,wbball,St. Norbert,"Schwahn,Alaina",0,G,13,18,0,7,22,3,7,14,9,26,0,3,5,107,3,7,10,10,0,6,0,0,0.32,0.43,0.64,1.44,0.56,0.28,0.17,0.0,0.3333333333333333,-0.6507688801825896,-0.866676703111485,-0.6488529471513851,-0.8836644131876189,-0.09395452033143728,-0.6760439433296674,-0.652865130533373,-2.539517935977219,182,46
nacc,Northern Athletics Collegiate Conference (NACC),2025-26,wbball,Wisconsin Lutheran,"Scharlau,Jillian",0,G,14,9,0,2,6,0,3,4,1,5,0,0,5,40,1,5,6,3,0,2,0,0,0.33,0.0,0.25,0.56,0.67,0.56,0.0,0.0,0.2222222222222222,-0.8762086545743663,-0.8099315021866776,-0.2854632800358503,-0.9973418451300374,-0.03503828796890587,-0.9380033345646496,-0.652865130533373,-2.5554448283629507,183,46
nacc,Northern Athletics Collegiate Conference (NACC),2025-26,wbball,Edgewood,"Allison,Clare",0,G,4,18,0,9,37,2,12,5,5,25,0,8,10,115,5,9,14,12,0,12,0,0,0.24,0.17,1.0,1.39,0.78,0.56,0.44,0.0,0.6666666666666666,-0.6635779582730315,-0.7531863012618703,-0.2854632800358503,-0.5426321173603629,-0.5652843792316883,-0.259990792544696,-0.652865130533373,-2.5687292538110107,184,46
nacc,Northern Athletics Collegiate Conference (NACC),2025-26,wbball,MSOE,"Richards,Anna",0,G,25,10,0,4,9,3,6,0,0,11,0,3,1,26,0,2,2,1,0,3,0,0,0.44,0.5,0.0,1.1,0.2,0.1,0.3,0.0,0.3,-0.7378706111975942,-1.0523882697744908,-0.882460590297086,-0.9177676427703443,0.6130402680189391,-0.47572205591468125,-0.652865130533373,-2.583362953546186,185,46
nacc,Northern Athletics Collegiate Conference (NACC),2025-26,wbball,Wisconsin Lutheran,"Ignatowski,Taylor",0,G,3,19,0,8,27,6,16,2,2,24,0,2,13,140,3,6,9,6,0,10,0,0,0.3,0.38,1.0,1.26,0.47,0.68,0.11,0.0,0.5263157894736842,-0.6968815613081802,-0.9131045947772365,-0.12972485127204975,-0.686224662971839,-0.21178698505650012,-0.7685001990596612,-0.652865130533373,-2.5855620774271175,186,46
nacc,Northern Athletics Collegiate Conference (NACC),2025-26,wbball,Illinois Tech,"Petitjean,Lea",0,F,34,19,4,9,20,0,1,10,7,25,1,2,5,152,9,10,19,17,0,23,0,0,0.45,0.0,0.7,1.32,1.0,0.26,0.11,0.05,1.2105263157894737,-0.6815106675996501,-0.6396958994122556,-0.6748093519453519,0.013788996884107247,0.6719565003814705,-0.7685001990596612,-0.4468595917078578,-2.6094345252924898,187,45
nacc,Northern Athletics Collegiate Conference (NACC),2025-26,wbball,Concordia Chicago,"Conte,Julia",0,F,14,6,0,0,0,0,0,4,2,2,0,1,0,14,0,4,4,1,0,2,0,0,0.0,0.0,0.5,0.33,0.67,0.0,0.17,0.0,0.3333333333333333,-0.9351304137903989,-0.8099315021866776,-1.0122426142669199,-0.8836644131876189,-1.9792739559324408,-0.6760439433296674,-0.652865130533373,-2.6228361884515197,188,45
nacc,Northern Athletics Collegiate Conference (NACC),2025-26,wbball,Marian,"Woodson,Ryleigh",0,F,11,11,1,5,18,0,0,3,0,10,4,2,1,67,4,10,14,14,0,6,0,0,0.28,0.0,0.0,0.91,1.27,0.09,0.18,0.36,0.5454545454545454,-0.7865451079412732,-0.5004122244150011,-0.8954387926940695,-0.6666438612975469,-0.3296194497815626,-0.6606345673746685,0.8303747490103367,-2.642366422000928,189,45
nacc,Northern Athletics Collegiate Conference (NACC),2025-26,wbball,Aurora,"Tenuta,Josephine",0,G,31,10,0,6,28,2,13,6,3,17,1,3,0,46,4,0,4,6,0,1,0,0,0.21,0.15,0.5,1.7,0.4,0.0,0.3,0.1,0.1,-0.584161674112292,-0.9492151771839321,-1.0122426142669199,-1.122387020266698,-0.7420330763192824,-0.47572205591468125,-0.2408540528823425,-2.656500936659981,190,45
nacc,Northern Athletics Collegiate Conference (NACC),2025-26,wbball,Wisconsin Lutheran,"Park,Courtney",0,F,4,14,0,7,22,3,7,0,0,17,0,1,4,66,1,12,13,3,0,6,0,0,0.32,0.43,0.0,1.21,0.93,0.29,0.07,0.0,0.42857142857142855,-0.7096906393986221,-0.6758064818189511,-0.6358747447544018,-0.7862266143798313,-0.09395452033143728,-0.830137702879657,-0.652865130533373,-2.6578217528015053,191,45
nacc,Northern Athletics Collegiate Conference (NACC),2025-26,wbball,Aurora,"Petersen,Ava",0,G,4,10,0,3,10,2,5,2,2,10,0,6,1,39,0,4,4,3,0,1,0,0,0.3,0.4,1.0,1.0,0.4,0.1,0.6,0.0,0.1,-0.7634887673784779,-0.9492151771839321,-0.882460590297086,-1.122387020266698,-0.21178698505650012,-0.013440777264712862,-0.652865130533373,-2.7030307316974227,192,45
nacc,Northern Athletics Collegiate Conference (NACC),2025-26,wbball,Lakeland,"Vaitkeviciute,Ariana",0,F,11,23,0,13,50,0,0,16,5,31,1,9,2,181,19,15,34,24,0,21,0,0,0.26,0.0,0.31,1.35,1.48,0.09,0.39,0.04,0.9130434782608695,-0.6738252207453849,-0.3920804771949144,-0.8954387926940695,-0.2905647682706521,-0.44745191450662547,-0.3370376723196907,-0.48806069947296077,-2.785648117987397,193,45
nacc,Northern Athletics Collegiate Conference (NACC),2025-26,wbball,St. Norbert,"Huffman,Larissa",0,G,20,10,0,4,9,0,2,4,1,9,0,0,1,31,2,2,4,8,0,3,0,0,0.44,0.0,0.25,0.9,0.4,0.1,0.0,0.0,0.3,-0.7891069235593616,-0.9492151771839321,-0.882460590297086,-0.9177676427703443,0.6130402680189391,-0.9380033345646496,-0.652865130533373,-2.8010310171647026,194,44
nacc,Northern Athletics Collegiate Conference (NACC),2025-26,wbball,Concordia Wisconsin,"Feekes,Alyana",0,G,25,19,4,8,34,2,12,2,2,20,0,6,7,217,5,18,23,20,0,12,0,0,0.24,0.17,1.0,1.05,1.21,0.37,0.32,0.0,0.631578947368421,-0.750679689288036,-0.5313641521921688,-0.5320491255785347,-0.578530253763232,-0.5652843792316883,-0.4449033040046833,-0.652865130533373,-2.822340081494616,195,44
nacc,Northern Athletics Collegiate Conference (NACC),2025-26,wbball,Aurora,"Eve,Chandler",0,F,13,7,0,0,2,0,0,0,0,0,0,5,1,22,3,9,12,0,0,5,0,0,0.0,0.0,0.0,0.0,1.71,0.14,0.71,0.0,0.7142857142857143,-1.019670329187315,-0.27343142071577176,-0.8305477807091525,-0.4939132179564692,-1.9792739559324408,0.15606235824027553,-0.652865130533373,-2.8285529932354834,196,44
nacc,Northern Athletics Collegiate Conference (NACC),2025-26,wbball,MSOE,"Niamj,Filippa",0,F,22,10,0,2,10,2,6,4,3,9,0,2,5,44,3,2,5,0,0,0,0,0,0.2,0.33,0.75,0.9,0.5,0.5,0.2,0.0,0.0,-0.7891069235593616,-0.8976286308886526,-0.3633324944177507,-1.2246967090148746,-0.8009493086818136,-0.6298158154646707,-0.652865130533373,-2.868415294149071,197,44
nacc,Northern Athletics Collegiate Conference (NACC),2025-26,wbball,St. Norbert,"Loos,Tenley",0,F,51,12,0,4,11,0,3,4,2,10,0,2,2,40,1,5,6,2,0,3,0,0,0.36,0.0,0.5,0.83,0.5,0.17,0.17,0.0,0.25,-0.8070396328859802,-0.8976286308886526,-0.7916131735182023,-0.9689224871444327,0.14171040911868804,-0.6760439433296674,-0.652865130533373,-2.8685299939006517,198,44
nacc,Northern Athletics Collegiate Conference (NACC),2025-26,wbball,Rockford,"Aldi,Reem",0,G,23,25,8,22,123,12,83,10,5,61,0,7,8,426,5,20,25,23,0,43,0,0,0.18,0.14,0.5,2.44,1.0,0.32,0.28,0.0,1.72,-0.39458731837375244,-0.6396958994122556,-0.5969401375634515,0.5350299374537657,-0.9187817734068764,-0.506540807824679,-0.652865130533373,-2.9133339226087096,199,44
nacc,Northern Athletics Collegiate Conference (NACC),2025-26,wbball,Rockford,"Brodeski,Amelia",0,F,4,6,0,0,6,0,1,2,1,1,0,2,1,60,1,6,7,13,0,10,1,0,0.0,0.0,0.5,0.17,1.17,0.17,0.33,0.0,1.6666666666666667,-0.9761194636798128,-0.5519987707102806,-0.7916131735182023,0.48046477012140487,-1.9792739559324408,-0.42949392804968434,-0.652865130533373,-2.9358724201784674,200,44
nacc,Northern Athletics Collegiate Conference (NACC),2025-26,wbball,Lakeland,"Pagan,Sonia",0,F,5,22,1,9,48,5,28,10,5,28,5,12,11,278,22,13,35,27,0,40,0,0,0.19,0.18,0.5,1.27,1.59,0.5,0.55,0.23,1.8181818181818181,-0.6943197456900919,-0.33533527627010695,-0.3633324944177507,0.6354794500428846,-0.859865541044345,-0.09048765703970749,0.2947603480639972,-2.9577345877607564,201,43
nacc,Northern Athletics Collegiate Conference (NACC),2025-26,wbball,St. Norbert,"Foley,Makayla",0,G,11,16,0,4,19,1,7,6,4,13,1,5,8,77,4,8,12,6,0,9,0,0,0.21,0.14,0.67,0.81,0.75,0.5,0.31,0.06,0.5625,-0.812163264122157,-0.7686622651504541,-0.3633324944177507,-0.6492047098063803,-0.7420330763192824,-0.4603126799596823,-0.4056584839427547,-3.030489013808751,202,43
nacc,Northern Athletics Collegiate Conference (NACC),2025-26,wbball,Dominican,"Hernandez,Jaylani",0,G,0,14,0,3,18,1,8,5,5,12,0,7,9,90,2,6,8,1,0,8,0,0,0.17,0.13,1.0,0.86,0.57,0.64,0.5,0.0,0.5714285714285714,-0.7993541860317152,-0.8615180484819571,-0.1816376608599833,-0.6400699161681503,-0.9776980057694077,-0.1675345368147023,-0.652865130533373,-3.03709111923495,203,43
nacc,Northern Athletics Collegiate Conference (NACC),2025-26,wbball,St. Norbert,"Opitz,Sam",0,C,10,7,0,0,0,0,0,2,2,2,0,0,0,12,0,3,3,1,0,0,0,0,0.0,0.0,1.0,0.29,0.43,0.0,0.0,0.0,0.0,-0.9453776762627523,-0.9337392132953483,-1.0122426142669199,-1.2246967090148746,-1.9792739559324408,-0.9380033345646496,-0.652865130533373,-3.05952052756843,204,43
nacc,Northern Athletics Collegiate Conference (NACC),2025-26,wbball,Edgewood,"Smith,Kailey",0,F,3,17,0,6,28,1,5,0,0,13,2,0,3,92,6,11,17,9,0,4,0,0,0.21,0.2,0.0,0.76,1.0,0.18,0.0,0.12,0.23529411764705882,-0.8249723422125987,-0.6396958994122556,-0.7786349711212188,-0.9839680296073999,-0.7420330763192824,-0.9380033345646496,-0.15845183735213644,-3.12594881462367,205,43
nacc,Northern Athletics Collegiate Conference (NACC),2025-26,wbball,Wisconsin Lutheran,"Guarascio,Gianna",0,G,7,10,0,2,9,1,5,0,0,5,1,0,3,43,1,7,8,4,0,1,0,0,0.22,0.2,0.0,0.5,0.8,0.3,0.0,0.1,0.1,-0.8915795482828965,-0.7428689920028144,-0.6228965423574183,-1.122387020266698,-0.683116843956751,-0.9380033345646496,-0.2408540528823425,-3.1793359806602326,206,43
nacc,Northern Athletics Collegiate Conference (NACC),2025-26,wbball,Benedictine,"Hurt,Cami",0,F,25,15,0,4,11,0,5,4,2,10,0,1,3,61,1,8,9,10,0,10,0,0,0.36,0.0,0.5,0.67,0.6,0.2,0.07,0.0,0.6666666666666666,-0.8480286827753942,-0.8460420845933732,-0.752678566327252,-0.5426321173603629,0.14171040911868804,-0.830137702879657,-0.652865130533373,-3.2212383096158597,207,43
nacc,Northern Athletics Collegiate Conference (NACC),2025-26,wbball,Concordia Wisconsin,"Zeck,Bella",0,F,23,7,0,0,7,0,1,0,0,0,0,0,1,27,3,2,5,4,0,3,0,0,0.0,0.0,0.0,0.0,0.71,0.14,0.0,0.0,0.42857142857142855,-1.019670329187315,-0.7892968836685659,-0.8305477807091525,-0.7862266143798313,-1.9792739559324408,-0.9380033345646496,-0.652865130533373,-3.2266015383217472,208,43
nacc,Northern Athletics Collegiate Conference (NACC),2025-26,wbball,Wisconsin Lutheran,"Schroeder,Kiera",0,G,2,10,0,1,5,0,1,2,1,3,0,2,4,37,2,11,13,4,0,4,0,0,0.2,0.0,0.5,0.3,1.3,0.4,0.2,0.0,0.4,-0.9428158606446639,-0.4849362605264173,-0.49311451838758447,-0.8154579540221676,-0.8009493086818136,-0.6298158154646707,-0.652865130533373,-3.287215444986287,209,42
nacc,Northern Athletics Collegiate Conference (NACC),2025-26,wbball,Concordia Chicago,"Ayer,Isabella",0,G,15,7,0,0,6,0,4,0,0,0,0,1,1,25,2,1,3,5,0,4,0,0,0.0,0.0,0.0,0.0,0.43,0.14,0.14,0.0,0.5714285714285714,-1.019670329187315,-0.9337392132953483,-0.8305477807091525,-0.6400699161681503,-1.9792739559324408,-0.7222720711946643,-0.652865130533373,-3.3059099335621305,210,42
nacc,Northern Athletics Collegiate Conference (NACC),2025-26,wbball,St. Norbert,"Mullen,Charley",0,F,25,26,0,5,19,1,6,2,1,12,1,6,8,192,2,22,24,13,0,17,0,0,0.26,0.17,0.5,0.46,0.92,0.31,0.23,0.04,0.6538461538461539,-0.90182681075525,-0.6809651364484791,-0.609918339960435,-0.5557487441229496,-0.44745191450662547,-0.5835876875996738,-0.48806069947296077,-3.31374120268599,211,42
nacc,Northern Athletics Collegiate Conference (NACC),2025-26,wbball,Dominican,"Kasuboski,Maya",0,F,11,17,0,5,25,4,10,0,0,14,2,0,3,78,2,5,7,3,0,4,0,0,0.2,0.4,0.0,0.82,0.41,0.18,0.0,0.12,0.23529411764705882,-0.8096014485040687,-0.9440565225544042,-0.7786349711212188,-0.9839680296073999,-0.8009493086818136,-0.9380033345646496,-0.15845183735213644,-3.3300321327331144,212,42
nacc,Northern Athletics Collegiate Conference (NACC),2025-26,wbball,Rockford,"Langlet,Camille",0,G,2,17,0,2,5,1,3,0,0,5,0,0,1,72,1,3,4,5,0,6,0,0,0.4,0.33,0.0,0.29,0.24,0.06,0.0,0.0,0.35294117647058826,-0.9453776762627523,-1.0317536512563792,-0.9343733998850196,-0.8636036899036624,0.3773753385688137,-0.9380033345646496,-0.652865130533373,-3.430963352971724,213,42
nacc,Northern Athletics Collegiate Conference (NACC),2025-26,wbball,Marian,"Leonard,Kaitlin",0,G,12,11,0,3,21,2,15,0,0,8,0,6,0,79,2,3,5,0,0,4,0,0,0.14,0.13,0.0,0.73,0.45,0.0,0.55,0.0,0.36363636363636365,-0.8326577890668639,-0.9234219040362924,-1.0122426142669199,-0.8526614772033227,-1.1544467028570018,-0.09048765703970749,-0.652865130533373,-3.595898801756465,214,42
nacc,Northern Athletics Collegiate Conference (NACC),2025-26,wbball,Rockford,"Morales,Mercedes",0,G,0,17,0,6,41,0,21,18,7,19,2,3,6,269,7,15,22,24,0,31,1,0,0.15,0.0,0.39,1.12,1.29,0.35,0.18,0.12,1.8235294117647058,-0.7327469799614175,-0.4900949151559453,-0.5580055303725014,0.6409505563930546,-1.0955304704944706,-0.6606345673746685,-0.15845183735213644,-3.712907835738443,215,42
nacc,Northern Athletics Collegiate Conference (NACC),2025-26,wbball,Aurora,"Franz,Gwyenth",0,G,0,10,0,0,15,0,9,0,0,0,1,3,6,48,6,8,14,5,0,5,0,0,0.0,0.0,0.0,0.0,1.4,0.6,0.3,0.1,0.5,-1.019670329187315,-0.43334971423113794,-0.23355047044791688,-0.7131482652739909,-1.9792739559324408,-0.47572205591468125,-0.2408540528823425,-3.7811151567913845,216,41
nacc,Northern Athletics Collegiate Conference (NACC),2025-26,wbball,Concordia Wisconsin,"Gunderman,Darya",0,G,10,10,0,1,5,0,0,0,0,2,0,2,1,24,0,3,3,4,0,2,0,0,0.2,0.0,0.0,0.2,0.3,0.1,0.2,0.0,0.2,-0.9684340168255476,-1.0008017234792115,-0.882460590297086,-1.0200773315185212,-0.8009493086818136,-0.6298158154646707,-0.652865130533373,-3.8232026761533406,217,41
nacc,Northern Athletics Collegiate Conference (NACC),2025-26,wbball,Rockford,"Hulsey,Sophia",0,G,11,21,2,6,30,1,14,16,5,18,0,3,2,244,8,19,27,14,0,30,0,0,0.2,0.07,0.31,0.86,1.29,0.1,0.14,0.0,1.4285714285714286,-0.7993541860317152,-0.4900949151559453,-0.882460590297086,0.23687027310193634,-0.8009493086818136,-0.7222720711946643,-0.652865130533373,-3.8295365856202452,218,41
nacc,Northern Athletics Collegiate Conference (NACC),2025-26,wbball,Illinois Tech,"Barr,Lyla",0,F,12,14,0,1,6,0,0,0,0,2,0,1,2,115,1,16,17,6,0,12,0,0,0.17,0.0,0.0,0.14,1.21,0.14,0.07,0.0,0.8571428571428571,-0.9838049105340778,-0.5313641521921688,-0.8305477807091525,-0.34775651974478816,-0.9776980057694077,-0.830137702879657,-0.652865130533373,-4.063755420974258,219,41
nacc,Northern Athletics Collegiate Conference (NACC),2025-26,wbball,Rockford,"Shelton,Maureen",0,G,3,17,14,11,52,3,20,9,4,29,0,9,6,383,7,16,23,43,0,68,0,0,0.21,0.15,0.44,1.71,1.35,0.35,0.53,0.0,4.0,-0.5815998584942036,-0.45914298737877757,-0.5580055303725014,2.867690840912196,-0.7420330763192824,-0.1213064089497054,-0.652865130533373,-4.407507624096853,220,41
nacc,Northern Athletics Collegiate Conference (NACC),2025-26,wbball,Wisconsin Lutheran,"Peterson,Emma",0,G,30,0,0,0,0,0,0,0,0,0,0,0,0,0,0,0,0,0,0,0,0,0,0.0,0.0,0.0,0.0,0.0,0.0,0.0,0.0,,-1.019670329187315,-1.1555613623650498,-1.0122426142669199,,-1.9792739559324408,-0.9380033345646496,-0.652865130533373,,221,41
nacc,Northern Athletics Collegiate Conference (NACC),2025-26,wbball,Concordia Chicago,"Schneider,Courtneye",0,F,20,0,0,0,0,0,0,0,0,0,0,0,0,0,0,0,0,0,0,0,0,0,0.0,0.0,0.0,0.0,0.0,0.0,0.0,0.0,,-1.019670329187315,-1.1555613623650498,-1.0122426142669199,,-1.9792739559324408,-0.9380033345646496,-0.652865130533373,,222,41
nacc,Northern Athletics Collegiate Conference (NACC),2025-26,wbball,Concordia Chicago,"Harrison,Autumn",0,G,25,0,0,0,0,0,0,0,0,0,0,0,0,0,0,0,0,0,0,0,0,0,0.0,0.0,0.0,0.0,0.0,0.0,0.0,0.0,,-1.019670329187315,-1.1555613623650498,-1.0122426142669199,,-1.9792739559324408,-0.9380033345646496,-0.652865130533373,,223,41
nacc,Northern Athletics Collegiate Conference (NACC),2025-26,wbball,Lakeland,"Glatczak,Gabbi",0,,5,0,0,0,0,0,0,0,0,0,0,0,0,0,0,0,0,0,0,0,0,0,0.0,0.0,0.0,0.0,0.0,0.0,0.0,0.0,,-1.019670329187315,-1.1555613623650498,-1.0122426142669199,,-1.9792739559324408,-0.9380033345646496,-0.652865130533373,,224,40
nacc,Northern Athletics Collegiate Conference (NACC),2025-26,wbball,Dominican,"Crawford,Morgan",0,G,4,0,0,0,0,0,0,0,0,0,0,0,0,0,0,0,0,0,0,0,0,0,0.0,0.0,0.0,0.0,0.0,0.0,0.0,0.0,,-1.019670329187315,-1.1555613623650498,-1.0122426142669199,,-1.9792739559324408,-0.9380033345646496,-0.652865130533373,,225,40
nacc,Northern Athletics Collegiate Conference (NACC),2025-26,wbball,Dominican,"Green,Ashley",0,F,22,0,0,0,0,0,0,0,0,0,0,0,0,0,0,0,0,0,0,0,0,0,0.0,0.0,0.0,0.0,0.0,0.0,0.0,0.0,,-1.019670329187315,-1.1555613623650498,-1.0122426142669199,,-1.9792739559324408,-0.9380033345646496,-0.652865130533373,,226,40
nacc,Northern Athletics Collegiate Conference (NACC),2025-26,wbball,Concordia Wisconsin,"Morse,Courtney",0,G,12,0,0,0,0,0,0,0,0,0,0,0,0,0,0,0,0,0,0,0,0,0,0.0,0.0,0.0,0.0,0.0,0.0,0.0,0.0,,-1.019670329187315,-1.1555613623650498,-1.0122426142669199,,-1.9792739559324408,-0.9380033345646496,-0.652865130533373,,227,40
