season,sport,conference,conference_code,team,player_name,first_name,last_name,position,team_code,name,checkname,team_name,team_id,sdrm_id,games_played,games_started,uniform,year,code,matches_played,attack_stats,set_stats,serve_stats,defense_stats,block_stats,misc_stats,per_set_stats_kills,per_set_stats_assists,per_set_stats_digs,per_set_stats_blocks,per_set_stats_aces,per_set_stats_points,attack_stats_hitting_pct,attack_stats_attempts,attack_stats_errors,attack_stats_kills,set_stats_assists,set_stats_errors,set_stats_attempts,set_stats_set_pct,serve_stats_aces,serve_stats_errors,serve_stats_attempts,serve_stats_serve_pct,defense_stats_defense_pct,defense_stats_attempts,defense_stats_receptions,defense_stats_digs,block_stats_total,block_stats_errors,block_stats_assists,block_stats_solos,misc_stats_points,misc_stats_ball_handling_errors
2026-27,mvball,North Eastern Athletic Conference,north_eastern_athletic_c,Lancaster Bible College,"Martin, Tyler",Tyler,Martin,,30085,"Martin, Tyler","MARTIN, TYLER",Lancaster Bible College,LBC,1391-2113,0,0,18,0,18,0,,,,,,,0,0,0,0,0,0,,,,,,,,,,,,,,,,,,,,,,
2026-27,mvball,North Eastern Athletic Conference,north_eastern_athletic_c,Lancaster Bible College,"Clark, Zeke",Zeke,Clark,,30085,"Clark, Zeke","CLARK, ZEKE",Lancaster Bible College,LBC,1391-2273,87,37,7,0,7,0,,,,,,,2.15,0.11,1.95,0.20,0.53,2.80,.190,473,97,187,10,4,61,0,46,75,385,0,0,59,2,170,17,2,13,4,243.5,0
2026-27,mvball,North Eastern Athletic Conference,north_eastern_athletic_c,Lancaster Bible College,"Bryant, Kevin",Kevin,Bryant,,30085,"Bryant, Kevin","BRYANT, KEVIN",Lancaster Bible College,LBC,1391-2272,99,43,20,0,20,0,,,,,,,2.69,0.05,0.68,0.94,0.16,3.39,.448,484,49,266,5,4,49,0,16,36,358,0,0,19,1,67,93,1,78,15,336,1
2026-27,mvball,North Eastern Athletic Conference,north_eastern_athletic_c,Lancaster Bible College,"Flanagan, Jaiden",Jaiden,Flanagan,,30085,"Flanagan, Jaiden","FLANAGAN, JAIDEN",Lancaster Bible College,LBC,1391-2274,29,11,12,0,12,0,,,,,,,2.52,0.10,1.55,0.52,0.07,2.84,.205,190,34,73,3,0,20,0,2,19,104,0,0,1,0,45,15,0,15,0,82.5,0
2026-27,mvball,North Eastern Athletic Conference,north_eastern_athletic_c,Lancaster Bible College,"Hoover, Carson",Carson,Hoover,,30085,"Hoover, Carson","HOOVER, CARSON",Lancaster Bible College,LBC,1391-2206,97,38,8,0,8,0,,,,,,,2.59,0.19,1.79,0.20,0.29,2.99,.169,649,141,251,18,5,79,0,28,74,301,0,0,471,16,174,19,3,15,4,290.5,1
2026-27,mvball,North Eastern Athletic Conference,north_eastern_athletic_c,Lancaster Bible College,"Jaramillo, Emmanuel",Emmanuel,Jaramillo,,30085,"Jaramillo, Emmanuel","JARAMILLO, EMMANUEL",Lancaster Bible College,LBC,1391-2275,0,0,19,0,19,0,,,,,,,0,0,0,0,0,0,,,,,,,,,,,,,,,,,,,,,,
2026-27,mvball,North Eastern Athletic Conference,north_eastern_athletic_c,Lancaster Bible College,"Marion, Nicholas",Nicholas,Marion,,30085,"Marion, Nicholas","MARION, NICHOLAS",Lancaster Bible College,LBC,1391-2295,98,13,21,0,21,0,,,,,,,0.24,0.47,2.59,0.09,0.05,0.36,.226,62,10,24,46,2,163,0,5,9,70,0,0,393,18,254,9,2,6,3,35,0
2026-27,mvball,North Eastern Athletic Conference,north_eastern_athletic_c,Lancaster Bible College,"Villa, Cristian",Cristian,Villa,,30085,"Villa, Cristian","VILLA, CRISTIAN",Lancaster Bible College,LBC,1391-2409,0,0,5,0,5,0,,,,,,,0,0,0,0,0,0,,,,,,,,,,,,,,,,,,,,,,
2026-27,mvball,North Eastern Athletic Conference,north_eastern_athletic_c,Lancaster Bible College,"Jaramillo, Matt",Matt,Jaramillo,,30085,"Jaramillo, Matt","JARAMILLO, MATT",Lancaster Bible College,LBC,1391-2359,0,0,16,0,16,0,,,,,,,0,0,0,0,0,0,,,,,,,,,,,,,,,,,,,,,,
2026-27,mvball,North Eastern Athletic Conference,north_eastern_athletic_c,Lancaster Bible College,"Snyder, Jacob",Jacob,Snyder,,30085,"Snyder, Jacob","SNYDER, JACOB",Lancaster Bible College,LBC,1391-2406,11,0,27,0,27,0,,,,,,,2.27,0.00,0.64,0.27,0.55,3.00,.269,52,11,25,0,0,3,0,6,6,25,0,0,35,1,7,3,0,2,1,33,0
2026-27,mvball,North Eastern Athletic Conference,north_eastern_athletic_c,Lancaster Bible College,"Fletcher, Timothy",Timothy,Fletcher,,30085,"Fletcher, Timothy","FLETCHER, TIMOTHY",Lancaster Bible College,LBC,1391-2403,95,43,15,0,15,0,,,,,,,0.58,9.78,1.60,0.58,0.17,1.08,.260,131,21,55,929,39,2195,0,16,51,339,0,0,1,0,152,55,6,46,9,103,0
2026-27,mvball,North Eastern Athletic Conference,north_eastern_athletic_c,Lancaster Bible College,"Galloway, Devin",Devin,Galloway,,30085,"Galloway, Devin","GALLOWAY, DEVIN",Lancaster Bible College,LBC,1391-2402,80,23,2,0,2,0,,,,,,,0.75,0.01,0.19,0.45,0.01,1.03,.222,144,28,60,1,1,26,0,1,3,36,0,0,7,1,15,36,3,30,6,82,3
2026-27,mvball,North Eastern Athletic Conference,north_eastern_athletic_c,Lancaster Bible College,"Degan, Matt",Matt,Degan,,30085,"Degan, Matt","DEGAN, MATT",Lancaster Bible College,LBC,1391-2534,37,0,3,0,3,0,,,,,,,0.03,0.00,0.32,0.00,0.14,0.16,.500,2,0,1,0,0,2,0,5,16,102,0,0,2,0,12,0,0,0,0,6,0
2026-27,mvball,North Eastern Athletic Conference,north_eastern_athletic_c,Lancaster Bible College,"Escover, Braden",Braden,Escover,,30085,"Escover, Braden","ESCOVER, BRADEN",Lancaster Bible College,LBC,1391-2537,97,43,4,0,4,0,,,,,,,2.73,0.10,1.52,0.27,0.32,3.20,.238,646,111,265,10,5,88,0,31,74,341,0,0,598,24,147,26,1,23,3,310.5,1
2026-27,mvball,North Eastern Athletic Conference,north_eastern_athletic_c,Lancaster Bible College,"Thompson, Roman",Roman,Thompson,,30085,"Thompson, Roman","THOMPSON, ROMAN",Lancaster Bible College,LBC,1391-2539,7,0,9,0,9,0,,,,,,,0.57,0.29,0.57,0.00,0.00,0.57,.250,12,1,4,2,0,3,0,0,1,8,0,0,2,0,4,0,0,0,0,4,0
2026-27,mvball,North Eastern Athletic Conference,north_eastern_athletic_c,Lancaster Bible College,"Allen, Tyler",Tyler,Allen,,30085,"Allen, Tyler","ALLEN, TYLER",Lancaster Bible College,LBC,1391-2532,16,0,11,0,11,0,,,,,,,0.25,5.25,0.63,0.00,0.13,0.38,.000,11,4,4,84,2,184,0,2,4,43,0,0,0,0,10,0,1,0,0,6,0
2026-27,mvball,North Eastern Athletic Conference,north_eastern_athletic_c,Lancaster Bible College,"Valentine, Zion",Zion,Valentine,,30085,"Valentine, Zion","VALENTINE, ZION",Lancaster Bible College,LBC,1391-2540,10,2,14,0,14,0,,,,,,,0.90,0.00,0.30,0.30,0.00,1.05,.500,14,2,9,0,0,4,0,0,1,2,0,0,1,0,3,3,0,3,0,10.5,2
2026-27,mvball,North Eastern Athletic Conference,north_eastern_athletic_c,Lancaster Bible College,"Deller, Isaac",Isaac,Deller,,30085,"Deller, Isaac","DELLER, ISAAC",Lancaster Bible College,LBC,1391-2535,8,0,23,0,23,0,,,,,,,0.38,0.00,0.63,0.00,0.25,0.63,.071,14,2,3,0,0,1,0,2,4,8,0,0,0,0,5,0,0,0,0,5,0
2026-27,mvball,North Eastern Athletic Conference,north_eastern_athletic_c,Lancaster Bible College,"Murlatt, Taylor",Taylor,Murlatt,,30085,"Murlatt, Taylor","MURLATT, TAYLOR",Lancaster Bible College,LBC,1391-2538,42,1,24,0,24,0,,,,,,,0.00,0.10,0.57,0.02,0.00,0.01,-.143,7,1,0,4,1,23,0,0,7,46,0,0,58,3,24,1,0,1,0,0.5,0
2026-27,mvball,North Eastern Athletic Conference,north_eastern_athletic_c,Lancaster Bible College,"Dressler, Gabe",Gabe,Dressler,,30085,"Dressler, Gabe","DRESSLER, GABE",Lancaster Bible College,LBC,1391-2536,39,4,25,0,25,0,,,,,,,0.03,0.15,0.36,0.00,0.15,0.18,.250,4,0,1,6,2,13,0,6,17,142,0,0,12,1,14,0,0,0,0,7,0
2026-27,mvball,North Eastern Athletic Conference,north_eastern_athletic_c,Wilson College,"Natale, Vincent",Vincent,Natale,,12973,"Natale, Vincent","NATALE, VINCENT",Wilson College,Wilson,1246-650,34,6,6,0,6,0,,,,,,,0.00,3.00,1.03,0.03,0.32,0.34,-.154,13,2,0,102,1,214,0,11,7,119,0,0,3,0,35,1,1,1,0,11.5,0
2026-27,mvball,North Eastern Athletic Conference,north_eastern_athletic_c,Wilson College,"McCoy, Jacob",Jacob,McCoy,,12973,"McCoy, Jacob","MCCOY, JACOB",Wilson College,Wilson,1246-728,87,41,9,0,9,0,,,,,,,2.23,0.07,0.28,0.59,0.00,2.58,.435,377,30,194,6,1,41,0,0,3,22,0,0,4,2,24,51,4,41,10,224.5,0
2026-27,mvball,North Eastern Athletic Conference,north_eastern_athletic_c,Wilson College,"Simmons, Demetrius",Demetrius,Simmons,,12973,"Simmons, Demetrius","SIMMONS, DEMETRIUS",Wilson College,Wilson,1246-729,91,41,11,0,11,0,,,,,,,1.37,0.08,0.44,0.73,0.57,2.36,.301,272,43,125,7,2,43,0,52,91,319,0,0,16,3,40,66,8,56,10,215,0
2026-27,mvball,North Eastern Athletic Conference,north_eastern_athletic_c,Wilson College,"Sterner, Camden",Camden,Sterner,,12973,"Sterner, Camden","STERNER, CAMDEN",Wilson College,Wilson,1246-857,76,0,2,0,2,0,,,,,,,0.01,0.39,2.75,0.00,0.00,0.01,.000,8,1,1,30,1,136,0,0,0,0,0,0,358,15,209,0,0,0,0,1,0
2026-27,mvball,North Eastern Athletic Conference,north_eastern_athletic_c,Wilson College,"Kozicki, Robert",Robert,Kozicki,,12973,"Kozicki, Robert","KOZICKI, ROBERT",Wilson College,Wilson,1246-681,12,0,4,0,4,0,,,,,,,0.25,0.00,0.58,0.08,0.00,0.29,.000,11,3,3,0,0,3,0,0,3,10,0,0,15,2,7,1,0,1,0,3.5,0
2026-27,mvball,North Eastern Athletic Conference,north_eastern_athletic_c,Wilson College,"Koontz, Ryan",Ryan,Koontz,,12973,"Koontz, Ryan","KOONTZ, RYAN",Wilson College,Wilson,1246-856,85,41,8,0,8,0,,,,,,,2.72,0.13,1.72,0.26,0.55,3.43,.226,634,88,231,11,8,79,0,47,54,335,0,0,442,15,146,22,6,17,5,291.5,0
2026-27,mvball,North Eastern Athletic Conference,north_eastern_athletic_c,Wilson College,"Rodriguez-Sapien, Adan",Adan,Rodriguez-Sapien,,12973,"Rodriguez-Sapien, Adan","RODRIGUEZ-SAPIEN, ADAN",Wilson College,Wilson,1246-1072,84,19,12,0,12,0,,,,,,,0.05,0.33,1.35,0.00,0.19,0.24,.143,14,2,4,28,1,83,0,16,33,166,0,0,290,15,113,0,0,0,0,20,0
2026-27,mvball,North Eastern Athletic Conference,north_eastern_athletic_c,Wilson College,"Sharma, Satvik",Satvik,Sharma,,12973,"Sharma, Satvik","SHARMA, SATVIK",Wilson College,Wilson,1246-966,77,35,7,0,7,0,,,,,,,0.42,8.51,1.25,0.19,0.35,0.88,.157,108,15,32,655,21,1675,0,27,30,357,0,0,3,0,96,15,0,13,2,67.5,0
2026-27,mvball,North Eastern Athletic Conference,north_eastern_athletic_c,Wilson College,"Wolfe, Jackson",Jackson,Wolfe,,12973,"Wolfe, Jackson","WOLFE, JACKSON",Wilson College,Wilson,1246-967,80,38,10,0,10,0,,,,,,,2.95,0.10,1.85,0.74,0.36,3.78,.281,588,71,236,8,1,43,0,29,42,277,0,0,3,1,148,59,4,43,16,302.5,0
2026-27,mvball,North Eastern Athletic Conference,north_eastern_athletic_c,Wilson College,"Davis, Gaetano",Gaetano,Davis,,12973,"Davis, Gaetano","DAVIS, GAETANO",Wilson College,Wilson,1246-1071,69,0,17,0,17,0,,,,,,,0.03,0.00,0.19,0.00,0.16,0.19,.400,5,0,2,0,0,2,0,11,34,202,0,0,11,2,13,0,0,0,0,13,0
2026-27,mvball,North Eastern Athletic Conference,north_eastern_athletic_c,Wilson College,"Zorn, Scotty",Scotty,Zorn,,12973,"Zorn, Scotty","ZORN, SCOTTY",Wilson College,Wilson,1246-1031,74,20,1,0,1,0,,,,,,,1.47,0.11,1.07,0.16,0.11,1.68,.076,291,87,109,8,3,39,0,8,27,82,0,0,238,12,79,12,1,10,2,124,0
2026-27,mvball,North Eastern Athletic Conference,north_eastern_athletic_c,Wilson College,"Marston, Peter",Peter,Marston,,12973,"Marston, Peter","MARSTON, PETER",Wilson College,Wilson,1246-1073,26,3,14,0,14,0,,,,,,,0.65,2.12,0.92,0.46,0.46,1.42,.035,85,14,17,55,2,114,0,12,9,51,0,0,0,0,24,12,1,8,4,37,0
2026-27,mvball,North Eastern Athletic Conference,north_eastern_athletic_c,Wilson College,"Carter, Elijah",Elijah,Carter,,12973,"Carter, Elijah","CARTER, ELIJAH",Wilson College,Wilson,1246-1074,27,0,13,0,13,0,,,,,,,0.74,0.07,0.56,0.22,0.04,0.93,.130,54,13,20,2,4,19,0,1,8,22,0,0,5,0,15,6,0,4,2,25,1
2026-27,mvball,North Eastern Athletic Conference,north_eastern_athletic_c,Wilson College,"Reall Jr., Weston",Weston,Reall Jr.,,12973,"Reall Jr., Weston","REALL JR., WESTON",Wilson College,Wilson,1246-1075,39,2,5,0,5,0,,,,,,,0.41,0.03,0.90,0.05,0.15,0.59,.053,75,12,16,1,2,19,0,6,4,37,0,0,52,2,35,2,2,2,0,23,0
2026-27,mvball,North Eastern Athletic Conference,north_eastern_athletic_c,Wilson College,"Bernier, Max",Max,Bernier,,12973,"Bernier, Max","BERNIER, MAX",Wilson College,Wilson,1246-1070,14,0,15,0,15,0,,,,,,,1.43,0.07,0.14,0.36,0.00,1.71,.621,29,2,20,1,0,1,0,0,2,2,0,0,0,0,2,5,1,2,3,24,0
2026-27,mvball,North Eastern Athletic Conference,north_eastern_athletic_c,Gallaudet University,"Zfati, Elian",Elian,Zfati,,245,"Zfati, Elian","ZFATI, ELIAN",Gallaudet University,Gal,141-2277,79,1,5,0,5,0,,,,,,,0.03,0.53,3.08,0.00,0.00,0.03,-.194,31,8,2,42,1,183,0,0,3,10,0,0,463,30,243,0,0,0,0,2,0
2026-27,mvball,North Eastern Athletic Conference,north_eastern_athletic_c,Gallaudet University,"Lopez, Seth",Seth,Lopez,,245,"Lopez, Seth","LOPEZ, SETH",Gallaudet University,Gal,141-2276,10,2,8,0,8,0,,,,,,,0.00,0.00,0.70,0.00,0.10,0.10,.000,0,0,0,0,0,1,0,1,5,15,0,0,3,0,7,0,0,0,0,1,0
2026-27,mvball,North Eastern Athletic Conference,north_eastern_athletic_c,Gallaudet University,"Wascher, Tyler",Tyler,Wascher,,245,"Wascher, Tyler","WASCHER, TYLER",Gallaudet University,Gal,141-2114,97,48,10,0,10,0,,,,,,,1.69,0.05,0.39,0.62,0.25,2.32,.278,378,59,164,5,5,44,0,24,47,299,0,0,4,2,38,60,10,45,15,225.5,0
2026-27,mvball,North Eastern Athletic Conference,north_eastern_athletic_c,Gallaudet University,"Holcomb, Troy",Troy,Holcomb,,245,"Holcomb, Troy","HOLCOMB, TROY",Gallaudet University,Gal,141-1940,97,49,12,0,12,0,,,,,,,0.39,7.61,1.99,0.41,0.26,0.88,.095,199,19,38,738,33,2318,0,25,68,375,0,0,8,3,193,40,8,35,5,85.5,0
2026-27,mvball,North Eastern Athletic Conference,north_eastern_athletic_c,Gallaudet University,"Lee, Kodi",Kodi,Lee,,245,"Lee, Kodi","LEE, KODI",Gallaudet University,Gal,141-2229,88,49,15,0,15,0,,,,,,,1.94,0.22,1.95,0.22,0.22,2.28,.043,698,141,171,19,6,99,0,19,45,345,0,0,400,32,172,19,1,16,3,201,0
2026-27,mvball,North Eastern Athletic Conference,north_eastern_athletic_c,Gallaudet University,"McBrine, Luke",Luke,McBrine,,245,"McBrine, Luke","MCBRINE, LUKE",Gallaudet University,Gal,141-2031,52,24,17,0,17,0,,,,,,,1.08,0.02,0.17,0.87,0.00,1.62,.272,136,19,56,1,0,10,0,0,6,16,0,0,3,1,9,45,7,34,11,84,0
2026-27,mvball,North Eastern Athletic Conference,north_eastern_athletic_c,Gallaudet University,"Furzland, Tyler",Tyler,Furzland,,245,"Furzland, Tyler","FURZLAND, TYLER",Gallaudet University,Gal,141-2275,45,0,4,0,4,0,,,,,,,0.00,0.16,0.09,0.00,0.20,0.20,-.500,2,1,0,7,2,20,0,9,21,163,0,0,0,0,4,0,0,0,0,9,0
2026-27,mvball,North Eastern Athletic Conference,north_eastern_athletic_c,Gallaudet University,"Baker, Austin",Austin,Baker,,245,"Baker, Austin","BAKER, AUSTIN",Gallaudet University,Gal,141-2093,44,7,25,0,25,0,,,,,,,0.41,0.02,0.25,0.50,0.00,0.72,.043,69,15,18,1,2,14,0,0,4,5,0,0,0,0,11,22,1,17,5,31.5,0
2026-27,mvball,North Eastern Athletic Conference,north_eastern_athletic_c,Gallaudet University,"Burns, Jevon",Jevon,Burns,,245,"Burns, Jevon","BURNS, JEVON",Gallaudet University,Gal,141-2427,10,0,23,0,23,0,,,,,,,0.10,0.00,0.50,0.10,0.10,0.25,-.167,6,2,1,0,0,2,0,1,6,22,0,0,0,0,5,1,0,1,0,2.5,0
2026-27,mvball,North Eastern Athletic Conference,north_eastern_athletic_c,Gallaudet University,"Herzig-Wilcox, Keanu",Keanu,Herzig-Wilcox,,245,"Herzig-Wilcox, Keanu","HERZIG-WILCOX, KEANU",Gallaudet University,Gal,141-2101,1,8,22,0,22,0,,,,,,,1.00,0.00,0.00,0.00,0.00,1.00,.000,2,1,1,0,0,0,0,0,0,0,0,0,0,0,0,0,0,0,0,1,0
2026-27,mvball,North Eastern Athletic Conference,north_eastern_athletic_c,Gallaudet University,"Herzig-Wilcox, Tahoe",Tahoe,Herzig-Wilcox,,245,"Herzig-Wilcox, Tahoe","HERZIG-WILCOX, TAHOE",Gallaudet University,Gal,141-2408,72,10,6,0,6,0,,,,,,,0.69,0.00,0.44,0.29,0.06,0.93,.041,221,41,50,0,1,34,0,4,18,71,0,0,3,0,32,21,12,16,5,67,0
2026-27,mvball,North Eastern Athletic Conference,north_eastern_athletic_c,Gallaudet University,"Holcomb, Pax",Pax,Holcomb,,245,"Holcomb, Pax","HOLCOMB, PAX",Gallaudet University,Gal,141-2426,87,24,3,0,3,0,,,,,,,0.30,0.08,1.28,0.01,0.21,0.51,-.055,128,33,26,7,1,43,0,18,37,260,0,0,279,16,111,1,0,1,0,44.5,0
2026-27,mvball,North Eastern Athletic Conference,north_eastern_athletic_c,Gallaudet University,"McCabe, John",John,McCabe,,245,"McCabe, John","MCCABE, JOHN",Gallaudet University,Gal,141-2328,45,24,20,0,20,0,,,,,,,1.33,0.02,0.22,0.62,0.02,1.76,.294,126,23,60,1,0,9,0,1,4,10,0,0,1,1,10,28,3,20,8,79,0
2026-27,mvball,North Eastern Athletic Conference,north_eastern_athletic_c,Gallaudet University,"Bippus, Zachary",Zachary,Bippus,,245,"Bippus, Zachary","BIPPUS, ZACHARY",Gallaudet University,Gal,141-2158,91,48,9,0,9,0,,,,,,,3.68,0.13,2.23,0.36,0.37,4.31,.184,904,169,335,12,5,86,0,34,94,322,0,0,433,23,203,33,9,19,14,392.5,0
2026-27,mvball,North Eastern Athletic Conference,north_eastern_athletic_c,Gallaudet University,"Sheppeck, Nathan",Nathan,Sheppeck,,245,"Sheppeck, Nathan","SHEPPECK, NATHAN",Gallaudet University,Gal,141-2109,0,0,7,0,7,0,,,,,,,0,0,0,0,0,0,,,,,,,,,,,,,,,,,,,,,,
2026-27,mvball,North Eastern Athletic Conference,north_eastern_athletic_c,Gallaudet University,"Paterson, Callum",Callum,Paterson,,245,"Paterson, Callum","PATERSON, CALLUM",Gallaudet University,Gal,141-1930,63,0,11,0,11,0,,,,,,,0.00,0.14,1.32,0.02,0.05,0.06,-.200,10,2,0,9,0,62,0,3,17,86,0,0,160,14,83,1,0,0,1,4,1
2026-27,mvball,North Eastern Athletic Conference,north_eastern_athletic_c,Cairn University,"Adler, Josh",Josh,Adler,,1305,"Adler, Josh","ADLER, JOSH",Cairn University,Cairn,1236-2028,108,45,2,0,2,0,,,,,,,0.53,7.81,1.45,0.20,0.31,0.97,.165,230,19,57,843,29,2116,0,34,39,454,0,0,25,2,157,22,12,16,6,105,1
2026-27,mvball,North Eastern Athletic Conference,north_eastern_athletic_c,Cairn University,"Stuart, Jesse",Jesse,Stuart,,1305,"Stuart, Jesse","STUART, JESSE",Cairn University,Cairn,1236-2166,63,26,6,0,6,0,,,,,,,1.92,0.21,1.17,0.21,0.17,2.21,.152,330,71,121,13,2,76,0,11,54,180,0,0,307,20,74,13,4,12,1,139,0
2026-27,mvball,North Eastern Athletic Conference,north_eastern_athletic_c,Cairn University,"Poirier, Sam",Sam,Poirier,,1305,"Poirier, Sam","POIRIER, SAM",Cairn University,Cairn,1236-2168,110,47,12,0,12,0,,,,,,,3.28,0.12,1.71,0.29,0.35,3.85,.248,840,153,361,13,10,127,0,38,70,417,0,0,566,47,188,32,5,15,17,423.5,0
2026-27,mvball,North Eastern Athletic Conference,north_eastern_athletic_c,Cairn University,"Wolf, Josiah",Josiah,Wolf,,1305,"Wolf, Josiah","WOLF, JOSIAH",Cairn University,Cairn,1236-2238,97,1,7,0,7,0,,,,,,,0.04,0.35,1.80,0.00,0.00,0.04,.100,30,1,4,34,4,160,0,0,4,10,0,0,627,74,175,0,1,0,0,4,1
2026-27,mvball,North Eastern Athletic Conference,north_eastern_athletic_c,Cairn University,"Mygovych, Bogdan",Bogdan,Mygovych,,1305,"Mygovych, Bogdan","MYGOVYCH, BOGDAN",Cairn University,Cairn,1236-2239,6,2,15,0,15,0,,,,,,,0.50,0.17,0.33,0.00,0.00,0.50,.077,13,2,3,1,0,2,0,0,2,3,0,0,0,0,2,0,0,0,0,3,0
2026-27,mvball,North Eastern Athletic Conference,north_eastern_athletic_c,Cairn University,"Cabrera, Caleb",Caleb,Cabrera,,1305,"Cabrera, Caleb","CABRERA, CALEB",Cairn University,Cairn,1236-2236,48,24,10,0,10,0,,,,,,,0.83,0.00,0.40,0.33,0.06,1.08,.198,111,18,40,0,3,25,0,3,23,113,0,0,1,0,19,16,3,14,2,52,0
2026-27,mvball,North Eastern Athletic Conference,north_eastern_athletic_c,Cairn University,"Clark, Nehemiah",Nehemiah,Clark,,1305,"Clark, Nehemiah","CLARK, NEHEMIAH",Cairn University,Cairn,1236-2299,105,29,8,0,8,0,,,,,,,2.08,0.08,0.65,0.25,0.12,2.37,.197,524,115,218,8,6,78,0,13,58,151,0,0,4,1,68,26,15,16,10,249,0
2026-27,mvball,North Eastern Athletic Conference,north_eastern_athletic_c,Cairn University,"Leonard, Reuben",Reuben,Leonard,,1305,"Leonard, Reuben","LEONARD, REUBEN",Cairn University,Cairn,1236-2320,102,28,1,0,1,0,,,,,,,0.43,0.09,1.11,0.01,0.32,0.76,.021,146,41,44,9,7,64,0,33,76,299,0,0,142,10,113,1,0,1,0,77.5,0
2026-27,mvball,North Eastern Athletic Conference,north_eastern_athletic_c,Cairn University,"Panaia, Justin",Justin,Panaia,,1305,"Panaia, Justin","PANAIA, JUSTIN",Cairn University,Cairn,1236-2323,111,44,13,0,13,0,,,,,,,1.54,0.07,0.38,0.35,0.25,2.00,.232,396,79,171,8,5,58,0,28,71,318,0,0,20,2,42,39,8,31,8,222.5,0
2026-27,mvball,North Eastern Athletic Conference,north_eastern_athletic_c,Cairn University,"Taylor, Micah",Micah,Taylor,,1305,"Taylor, Micah","TAYLOR, MICAH",Cairn University,Cairn,1236-2321,104,36,3,0,3,0,,,,,,,0.64,0.63,0.99,0.13,0.19,0.90,.117,206,43,67,65,12,223,0,20,37,309,0,0,347,30,103,13,5,12,1,94,0
2026-27,mvball,North Eastern Athletic Conference,north_eastern_athletic_c,Cairn University,"Larbi, David",David,Larbi,,1305,"Larbi, David","LARBI, DAVID",Cairn University,Cairn,1236-2169,0,0,14,0,14,0,,,,,,,0,0,0,0,0,0,,,,,,,,,,,,,,,,,,,,,,
2026-27,mvball,North Eastern Athletic Conference,north_eastern_athletic_c,Cairn University,"Griesser, Elijah",Elijah,Griesser,,1305,"Griesser, Elijah","GRIESSER, ELIJAH",Cairn University,Cairn,1236-2322,0,0,16,0,16,0,,,,,,,0,0,0,0,0,0,,,,,,,,,,,,,,,,,,,,,,
2026-27,mvball,North Eastern Athletic Conference,north_eastern_athletic_c,Immaculata University,"McGurl, Josh",Josh,McGurl,,303,"McGurl, Josh","MCGURL, JOSH",Immaculata University,IU,0,32,33,9,0,9,0,,,,,,,3.75,0.03,1.91,0.47,0.22,4.31,.305,246,45,120,1,6,28,0,7,22,92,0,0,105,11,61,15,10,8,7,138,0
2026-27,mvball,North Eastern Athletic Conference,north_eastern_athletic_c,Immaculata University,"Prall, Michael",Michael,Prall,,303,"Prall, Michael","PRALL, MICHAEL",Immaculata University,IU,0,51,19,2,0,2,0,,,,,,,0.49,0.00,1.33,0.18,0.12,0.74,.000,98,25,25,0,2,37,0,6,10,146,0,0,6,1,68,9,4,5,4,37.5,0
2026-27,mvball,North Eastern Athletic Conference,north_eastern_athletic_c,Immaculata University,"Lieberman, Brandon",Brandon,Lieberman,,303,"Lieberman, Brandon","LIEBERMAN, BRANDON",Immaculata University,IU,0,25,22,1,0,1,0,,,,,,,1.00,0.64,1.44,0.16,0.20,1.34,-.099,111,36,25,16,5,70,0,5,20,70,0,0,115,11,36,4,3,1,3,33.5,0
2026-27,mvball,North Eastern Athletic Conference,north_eastern_athletic_c,Immaculata University,"Brown, Jordan",Jordan,Brown,,303,"Brown, Jordan","BROWN, JORDAN",Immaculata University,IU,0,57,51,6,0,6,0,,,,,,,0.98,0.00,0.35,0.44,0.00,1.30,.117,171,36,56,0,4,22,0,0,4,13,0,0,3,0,20,25,11,14,11,74,0
2026-27,mvball,North Eastern Athletic Conference,north_eastern_athletic_c,Immaculata University,"Zunski, Noah",Noah,Zunski,,303,"Zunski, Noah","ZUNSKI, NOAH",Immaculata University,IU,0,51,43,11,0,11,0,,,,,,,2.29,0.14,2.00,0.02,0.33,2.64,.114,359,76,117,7,3,62,0,17,22,212,0,0,274,22,102,1,6,1,0,134.5,0
2026-27,mvball,North Eastern Athletic Conference,north_eastern_athletic_c,Immaculata University,"Bailey, Nate",Nate,Bailey,,303,"Bailey, Nate","BAILEY, NATE",Immaculata University,IU,0,57,49,12,0,12,0,,,,,,,1.40,0.04,0.61,0.40,0.07,1.73,.194,196,42,80,2,1,25,0,4,35,145,0,0,6,0,35,23,12,17,6,98.5,0
2026-27,mvball,North Eastern Athletic Conference,north_eastern_athletic_c,Immaculata University,"Dortenzo, Luke",Luke,Dortenzo,,303,"Dortenzo, Luke","DORTENZO, LUKE",Immaculata University,IU,0,55,41,3,0,3,0,,,,,,,0.49,7.45,1.18,0.20,0.47,1.07,.164,110,9,27,410,18,1175,0,26,38,226,0,0,3,0,65,11,6,10,1,59,1
2026-27,mvball,North Eastern Athletic Conference,north_eastern_athletic_c,Immaculata University,"Fitch, Anthony",Anthony,Fitch,,303,"Fitch, Anthony","FITCH, ANTHONY",Immaculata University,IU,0,40,0,5,0,5,0,,,,,,,0.00,0.05,0.58,0.00,0.30,0.30,-.333,3,1,0,2,2,17,0,12,16,107,0,0,29,2,23,0,0,0,0,12,0
2026-27,mvball,North Eastern Athletic Conference,north_eastern_athletic_c,Immaculata University,"Farrely, J.P.",J.P.,Farrely,,303,"Farrely, J.P.","FARRELY, J.P.",Immaculata University,IU,0,10,0,10,0,10,0,,,,,,,0.00,0.30,2.60,0.00,0.00,0.00,-.250,4,1,0,3,0,22,0,0,0,0,0,0,38,1,26,0,0,0,0,0,0
2026-27,mvball,North Eastern Athletic Conference,north_eastern_athletic_c,Immaculata University,"Corsones, Alex",Alex,Corsones,,303,"Corsones, Alex","CORSONES, ALEX",Immaculata University,IU,0,29,8,13,0,13,0,,,,,,,0.48,0.03,0.48,0.00,0.28,0.76,-.121,66,22,14,1,2,13,0,8,11,101,0,0,24,1,14,0,0,0,0,22,0
2026-27,mvball,North Eastern Athletic Conference,north_eastern_athletic_c,Immaculata University,"Lee, Christian",Christian,Lee,,303,"Lee, Christian","LEE, CHRISTIAN",Immaculata University,IU,1306-3334,46,40,7,0,7,0,,,,,,,1.15,0.02,0.80,0.24,0.02,1.33,.075,187,39,53,1,5,23,0,1,14,43,0,0,96,11,37,11,10,8,3,61,1
2026-27,mvball,North Eastern Athletic Conference,north_eastern_athletic_c,Immaculata University,"Farrelly, J.P.",J.P.,Farrelly,,303,"Farrelly, J.P.","FARRELLY, J.P.",Immaculata University,IU,0,47,0,10,0,10,0,,,,,,,0.04,0.34,2.09,0.00,0.02,0.06,.000,18,2,2,16,3,87,0,1,3,15,0,0,283,17,98,0,0,0,0,3,0
2026-27,mvball,North Eastern Athletic Conference,north_eastern_athletic_c,Pratt Institute,"Fox, Jude",Jude,Fox,,2715,"Fox, Jude","FOX, JUDE",Pratt Institute,Pratt,2097-828,10,2,4,0,4,0,,,,,,,0.00,0.00,0.20,0.00,0.10,0.10,.000,0,0,0,0,0,4,0,1,1,15,0,0,22,2,2,0,0,0,0,1,0
2026-27,mvball,North Eastern Athletic Conference,north_eastern_athletic_c,Pratt Institute,"Wang, Max",Max,Wang,,2715,"Wang, Max","WANG, MAX",Pratt Institute,Pratt,2097-892,58,24,13,0,13,0,,,,,,,2.69,0.45,2.36,0.05,0.71,3.43,.102,489,106,156,26,6,117,0,41,45,237,0,0,339,24,137,3,2,2,1,199,0
2026-27,mvball,North Eastern Athletic Conference,north_eastern_athletic_c,Pratt Institute,"Upshaw, Micah-Jude",Micah-Jude,Upshaw,,2715,"Upshaw, Micah-Jude","UPSHAW, MICAH-JUDE",Pratt Institute,Pratt,2097-1026,24,7,15,0,15,0,,,,,,,1.50,0.00,0.38,0.17,0.33,1.98,.168,95,20,36,0,1,7,0,8,22,57,0,0,2,0,9,4,0,1,3,47.5,2
2026-27,mvball,North Eastern Athletic Conference,north_eastern_athletic_c,Pratt Institute,"Prada, Nicco",Nicco,Prada,,2715,"Prada, Nicco","PRADA, NICCO",Pratt Institute,Pratt,2097-992,53,0,16,0,16,0,,,,,,,0.02,0.06,0.72,0.00,0.11,0.13,.250,4,0,1,3,0,22,0,6,16,86,0,0,101,21,38,0,0,0,0,7,0
2026-27,mvball,North Eastern Athletic Conference,north_eastern_athletic_c,Pratt Institute,"Benkovszky, Griffin",Griffin,Benkovszky,,2715,"Benkovszky, Griffin","BENKOVSZKY, GRIFFIN",Pratt Institute,Pratt,2097-921,61,25,12,0,12,0,,,,,,,1.75,0.15,2.11,0.08,0.20,1.99,.102,364,70,107,9,3,57,0,12,43,152,0,0,376,26,129,5,4,5,0,121.5,1
2026-27,mvball,North Eastern Athletic Conference,north_eastern_athletic_c,Pratt Institute,"Kim, Nathan",Nathan,Kim,,2715,"Kim, Nathan","KIM, NATHAN",Pratt Institute,Pratt,2097-1028,49,22,3,0,3,0,,,,,,,0.55,6.63,1.90,0.06,0.45,1.03,-.046,109,32,27,325,10,1025,0,22,56,177,0,0,14,3,93,3,2,3,0,50.5,1
2026-27,mvball,North Eastern Athletic Conference,north_eastern_athletic_c,Pratt Institute,"Hang, Matthew",Matthew,Hang,,2715,"Hang, Matthew","HANG, MATTHEW",Pratt Institute,Pratt,2097-1112,9,6,11,0,11,0,,,,,,,0.22,8.56,1.33,0.44,0.67,1.11,-.444,18,10,2,77,7,272,0,6,14,48,0,0,-2,0,12,4,0,4,0,10,3
2026-27,mvball,North Eastern Athletic Conference,north_eastern_athletic_c,Pratt Institute,"Lee, Lucas",Lucas,Lee,,2715,"Lee, Lucas","LEE, LUCAS",Pratt Institute,Pratt,2097-1108,4,0,2,0,2,0,,,,,,,0.00,0.00,0.00,0.00,0.25,0.25,-1.000,1,1,0,0,0,0,0,1,1,5,0,0,0,0,0,0,0,0,0,1,0
2026-27,mvball,North Eastern Athletic Conference,north_eastern_athletic_c,Pratt Institute,"Liang, Raymond",Raymond,Liang,,2715,"Liang, Raymond","LIANG, RAYMOND",Pratt Institute,Pratt,2097-1109,54,4,5,0,5,0,,,,,,,0.07,0.31,1.67,0.06,0.00,0.10,-.167,24,8,4,17,5,81,0,0,6,37,0,0,225,15,90,3,0,3,0,5.5,0
2026-27,mvball,North Eastern Athletic Conference,north_eastern_athletic_c,Pratt Institute,"Cohen, Barry",Barry,Cohen,,2715,"Cohen, Barry","COHEN, BARRY",Pratt Institute,Pratt,2097-1111,0,0,10,0,10,0,,,,,,,0,0,0,0,0,0,,,,,,,,,,,,,,,,,,,,,,
2026-27,mvball,North Eastern Athletic Conference,north_eastern_athletic_c,Pratt Institute,"Regis, Morvens",Morvens,Regis,,2715,"Regis, Morvens","REGIS, MORVENS",Pratt Institute,Pratt,2097-843,56,22,30,0,30,0,,,,,,,1.45,0.04,0.21,0.46,0.02,1.81,.138,224,50,81,2,2,19,0,1,8,51,0,0,2,0,12,26,2,13,13,101.5,2
2026-27,mvball,North Eastern Athletic Conference,north_eastern_athletic_c,Pratt Institute,"Mata, Arturo",Arturo,Mata,,2715,"Mata, Arturo","MATA, ARTURO",Pratt Institute,Pratt,2097-1113,61,23,34,0,34,0,,,,,,,1.03,0.10,1.02,0.21,0.31,1.49,.090,234,42,63,6,0,25,0,19,15,201,0,0,12,6,62,13,4,8,5,91,1
2026-27,mvball,North Eastern Athletic Conference,north_eastern_athletic_c,Pratt Institute,"Kariea, Mohit",Mohit,Kariea,,2715,"Kariea, Mohit","KARIEA, MOHIT",Pratt Institute,Pratt,2097-1110,3,0,7,0,7,0,,,,,,,0.67,0.00,0.67,0.00,0.00,0.67,.000,5,2,2,0,0,1,0,0,2,2,0,0,0,0,2,0,0,0,0,2,0
2026-27,mvball,North Eastern Athletic Conference,north_eastern_athletic_c,Pratt Institute,"Zhang, Matthew",Matthew,Zhang,,2715,"Zhang, Matthew","ZHANG, MATTHEW",Pratt Institute,Pratt,0,26,1,11,0,11,0,,,,,,,0.08,0.50,0.35,0.04,0.27,0.37,.333,3,1,2,13,1,28,0,7,16,69,0,0,9,1,9,1,1,1,0,9.5,0
2026-27,mvball,North Eastern Athletic Conference,north_eastern_athletic_c,Pratt Institute,"Reid, Brooks",Brooks,Reid,,2715,"Reid, Brooks","REID, BROOKS",Pratt Institute,Pratt,0,27,14,10,0,10,0,,,,,,,2.07,0.15,1.33,0.15,0.11,2.26,.180,150,29,56,4,1,41,0,3,3,76,0,0,12,5,36,4,0,4,0,61,0
2026-27,mvball,North Eastern Athletic Conference,north_eastern_athletic_c,Neumann,"DeMarco, Christian",Christian,DeMarco,,1254,"DeMarco, Christian","DEMARCO, CHRISTIAN",Neumann,NU,1309-5670,32,0,2,0,2,0,,,,,,,0.03,0.63,2.13,0.00,0.00,0.03,-.273,11,4,1,20,6,82,0,0,0,0,0,0,255,14,68,0,0,0,0,1,0
2026-27,mvball,North Eastern Athletic Conference,north_eastern_athletic_c,Neumann,"Edmonds, Trey",Trey,Edmonds,,1254,"Edmonds, Trey","EDMONDS, TREY",Neumann,NU,1309-5671,64,35,3,0,3,0,,,,,,,3.48,0.08,2.03,0.20,0.33,3.95,.193,623,103,223,5,4,65,0,21,44,224,0,0,249,14,130,13,2,9,4,252.5,0
2026-27,mvball,North Eastern Athletic Conference,north_eastern_athletic_c,Neumann,"Banaag, Noah",Noah,Banaag,,1254,"Banaag, Noah","BANAAG, NOAH",Neumann,NU,1309-5850,57,32,13,0,13,0,,,,,,,0.28,6.67,1.51,0.33,0.19,0.68,.072,69,11,16,380,22,1240,0,11,25,186,0,0,4,0,86,19,9,15,4,38.5,0
2026-27,mvball,North Eastern Athletic Conference,north_eastern_athletic_c,Neumann,"Thomas, Isaiah",Isaiah,Thomas,,1254,"Thomas, Isaiah","THOMAS, ISAIAH",Neumann,NU,1309-5498,53,30,24,0,24,0,,,,,,,2.23,0.21,1.62,0.17,0.28,2.61,.110,362,78,118,11,5,49,0,15,37,164,0,0,182,16,86,9,5,7,2,138.5,0
2026-27,mvball,North Eastern Athletic Conference,north_eastern_athletic_c,Neumann,"Santos, Javi",Javi,Santos,,1254,"Santos, Javi","SANTOS, JAVI",Neumann,NU,1309-5673,50,14,23,0,23,0,,,,,,,0.24,0.08,0.56,0.02,0.18,0.43,-.072,83,18,12,4,2,21,0,9,8,125,0,0,119,18,28,1,1,1,0,21.5,0
2026-27,mvball,North Eastern Athletic Conference,north_eastern_athletic_c,Neumann,"Sanos, Arian",Arian,Sanos,,1254,"Sanos, Arian","SANOS, ARIAN",Neumann,NU,1309-6026,10,8,4,0,4,0,,,,,,,1.20,3.90,1.30,0.20,0.40,1.70,-.016,64,13,12,39,4,157,0,4,17,83,0,0,-32,-7,13,2,0,1,1,17,0
2026-27,mvball,North Eastern Athletic Conference,north_eastern_athletic_c,Neumann,"Galloway, Kareem",Kareem,Galloway,,1254,"Galloway, Kareem","GALLOWAY, KAREEM",Neumann,NU,1309-6028,60,27,10,0,10,0,,,,,,,0.43,0.08,0.55,0.23,0.13,0.73,.000,133,26,26,5,3,33,0,8,26,177,0,0,6,2,33,14,9,9,5,43.5,0
2026-27,mvball,North Eastern Athletic Conference,north_eastern_athletic_c,Neumann,"Soeffing, John",John,Soeffing,,1254,"Soeffing, John","SOEFFING, JOHN",Neumann,NU,1309-6027,64,33,25,0,25,0,,,,,,,1.44,0.02,0.42,0.70,0.06,2.00,.248,242,32,92,1,3,33,0,4,30,149,0,0,1,0,27,45,12,26,19,128,0
2026-27,mvball,North Eastern Athletic Conference,north_eastern_athletic_c,Neumann,"Kesall, Tyler",Tyler,Kesall,,1254,"Kesall, Tyler","KESALL, TYLER",Neumann,NU,1309-5962,-6,1,14,0,14,0,,,,,,,0.00,0.17,-0.50,0.00,0.17,0.17,.000,0,-1,0,-1,0,1,0,-1,-1,3,0,0,0,0,3,0,0,0,0,-1,0
2026-27,mvball,North Eastern Athletic Conference,north_eastern_athletic_c,Neumann,"Sanots, Arian",Arian,Sanots,,1254,"Sanots, Arian","SANOTS, ARIAN",Neumann,NU,0,32,5,4,0,4,0,,,,,,,0.09,0.19,1.72,0.09,0.03,0.17,-.083,24,5,3,6,0,36,0,1,5,38,0,0,246,21,55,3,0,3,0,5.5,0
2026-27,mvball,North Eastern Athletic Conference,north_eastern_athletic_c,Neumann,"Kelsall, Tyler",Tyler,Kelsall,,1254,"Kelsall, Tyler","KELSALL, TYLER",Neumann,NU,0,19,2,14,0,14,0,,,,,,,0.00,0.16,0.42,0.00,0.05,0.05,-.333,9,3,0,3,0,5,0,1,3,7,0,0,0,0,8,0,1,0,0,1,0
2026-27,mvball,North Eastern Athletic Conference,north_eastern_athletic_c,Neumann,"Williams, Aaron",Aaron,Williams,,1254,"Williams, Aaron","WILLIAMS, AARON",Neumann,NU,1309-5974,29,15,17,0,17,0,,,,,,,0.59,0.03,0.28,0.52,0.17,1.16,.140,50,10,17,1,0,10,0,5,18,97,0,0,1,0,8,15,10,7,8,33.5,0
2026-27,mvball,North Eastern Athletic Conference,north_eastern_athletic_c,Saint Elizabeth University,"Ibezim, Kennedy",Kennedy,Ibezim,,9684,"Ibezim, Kennedy","IBEZIM, KENNEDY",Saint Elizabeth University,SEU,2002-1650,64,29,5,0,5,0,,,,,,,2.53,0.14,1.11,0.52,0.34,3.28,.305,344,57,162,9,3,60,0,22,57,168,0,0,19,2,71,33,10,14,19,210,3
2026-27,mvball,North Eastern Athletic Conference,north_eastern_athletic_c,Saint Elizabeth University,"Wright, Jameel",Jameel,Wright,,9684,"Wright, Jameel","WRIGHT, JAMEEL",Saint Elizabeth University,SEU,2002-2687,59,0,1,0,1,0,,,,,,,0.02,0.08,1.88,0.00,0.02,0.03,-.148,27,5,1,5,6,76,0,1,2,8,0,0,381,70,111,0,0,0,0,2,0
2026-27,mvball,North Eastern Athletic Conference,north_eastern_athletic_c,Saint Elizabeth University,"Joachim, Enock",Enock,Joachim,,9684,"Joachim, Enock","JOACHIM, ENOCK",Saint Elizabeth University,SEU,2002-2688,64,29,8,0,8,0,,,,,,,1.34,0.19,2.16,0.08,0.53,1.94,.060,332,66,86,12,6,96,0,34,40,204,0,0,376,43,138,5,5,2,3,124,3
2026-27,mvball,North Eastern Athletic Conference,north_eastern_athletic_c,Saint Elizabeth University,"Saldana, Carlos",Carlos,Saldana,,9684,"Saldana, Carlos","SALDANA, CARLOS",Saint Elizabeth University,SEU,2002-2865,63,29,2,0,2,0,,,,,,,1.13,0.21,1.81,0.21,0.24,1.52,.045,335,56,71,13,6,89,0,15,36,198,0,0,186,25,114,13,4,7,6,95.5,0
2026-27,mvball,North Eastern Athletic Conference,north_eastern_athletic_c,Saint Elizabeth University,"Romero, Randel",Randel,Romero,,9684,"Romero, Randel","ROMERO, RANDEL",Saint Elizabeth University,SEU,2002-2868,64,29,12,0,12,0,,,,,,,0.25,5.53,1.05,0.19,0.31,0.68,-.074,108,24,16,354,37,1206,0,20,44,211,0,0,7,1,67,12,7,9,3,43.5,2
2026-27,mvball,North Eastern Athletic Conference,north_eastern_athletic_c,Saint Elizabeth University,"Jenkins, Akash",Akash,Jenkins,,9684,"Jenkins, Akash","JENKINS, AKASH",Saint Elizabeth University,SEU,2002-2949,64,29,14,0,14,0,,,,,,,0.89,0.09,0.30,0.53,0.14,1.41,.115,157,39,57,6,6,44,0,9,42,195,0,0,14,4,19,34,10,20,14,90,0
2026-27,mvball,North Eastern Athletic Conference,north_eastern_athletic_c,Saint Elizabeth University,"Bouzi, Raoul-Michel",Raoul-Michel,Bouzi,,9684,"Bouzi, Raoul-Michel","BOUZI, RAOUL-MICHEL",Saint Elizabeth University,SEU,2002-2915,14,0,10,0,10,0,,,,,,,0.07,0.00,0.93,0.07,0.14,0.25,-.500,6,4,1,0,0,2,0,2,1,21,0,0,1,1,13,1,0,1,0,3.5,1
2026-27,mvball,North Eastern Athletic Conference,north_eastern_athletic_c,Saint Elizabeth University,"Williams, Ih'Jamir",Ih'Jamir,Williams,,9684,"Williams, Ih'Jamir","WILLIAMS, IH'JAMIR",Saint Elizabeth University,SEU,2002-2928,43,21,3,0,3,0,,,,,,,0.86,0.07,0.70,0.67,0.05,1.36,-.022,134,40,37,3,4,39,0,2,27,96,0,0,5,2,30,29,12,19,10,58.5,3
2026-27,mvball,North Eastern Athletic Conference,north_eastern_athletic_c,Saint Elizabeth University,"Kelly, Kyzier",Kyzier,Kelly,,9684,"Kelly, Kyzier","KELLY, KYZIER",Saint Elizabeth University,SEU,2002-2689,34,8,16,0,16,0,,,,,,,0.74,0.09,1.79,0.12,0.26,1.12,.043,116,20,25,3,2,43,0,9,16,93,0,0,166,18,61,4,0,0,4,38,0
2026-27,mvball,North Eastern Athletic Conference,north_eastern_athletic_c,Saint Elizabeth University,"Lewis, Nyjier",Nyjier,Lewis,,9684,"Lewis, Nyjier","LEWIS, NYJIER",Saint Elizabeth University,SEU,2002-2916,9,0,11,0,11,0,,,,,,,0.22,0.00,0.11,0.00,0.11,0.33,1.000,2,0,2,0,0,0,0,1,5,17,0,0,0,0,1,0,0,0,0,3,0
