season,sport,conference,conference_code,team,player_name,first_name,last_name,position,team_code,name,checkname,team_name,team_id,sdrm_id,games_played,games_started,uniform,code,year,offensive_position,defensive_position,active,rush_stats,pass_stats,receiving_stats,punt_stats,kickoff_stats,fieldgoal_stats,pat_stats,defense_stats_interception_return_yards,defense_stats_unassisted_tackles,defense_stats_assisted_tackles,defense_stats_tackles,defense_stats_total_tackles,defense_stats_tackles_for_loss,defense_stats_tackles_for_loss_per_game,defense_stats_tackles_per_game,defense_stats_unassisted_tackles_for_loss,defense_stats_assisted_tackles_for_loss,defense_stats_tackle_yards_for_loss,defense_stats_sacks,defense_stats_unassisted_sacks,defense_stats_assisted_sacks,defense_stats_sack_yards_for_loss,defense_stats_pass_breakups,defense_stats_fumbles_forced,defense_stats_quarterback_hurries,defense_stats_safeties_scored,defense_stats_blocked_kicks,defense_stats_fumbles_recovered,defense_stats_fumble_return_yards,defense_stats_interceptions,defense_stats_passes_defended,kickreturn_stats,puntreturn_stats,interception_return_stats,fumblereturn_stats,fumble_stats,scoring_stats,rush_stats_attempts,rush_stats_net_yards,rush_stats_yards_gained,rush_stats_yards_lost,rush_stats_touchdowns,rush_stats_longest_rush,rush_stats_avg_per_play,rush_stats_avg_per_game,kickreturn_stats_number,kickreturn_stats_yards,kickreturn_stats_touchdowns,kickreturn_stats_longest_kickoff_return,kickreturn_stats_avg_per_return,fumble_stats_number,fumble_stats_number_lost,receiving_stats_number,receiving_stats_yards,receiving_stats_touchdowns,receiving_stats_longest_reception,receiving_stats_avg_per_reception,defense_stats,scoring_stats_pat_kicks,scoring_stats_touchdowns,scoring_stats_fieldgoals,scoring_stats_safeties,scoring_stats_pat_rushes,scoring_stats_pat_receptions,scoring_stats_pat_kick_returns,scoring_stats_pat_fumble_returns,scoring_stats_rouges,scoring_stats_points,scoring_stats_all_points,scoring_stats_points_per_game,pass_stats_yards_lost_by_sacks,pass_stats_sacked,pass_stats_longest_pass,pass_stats_touchdowns,pass_stats_yards,pass_stats_interceptions,pass_stats_attempts,pass_stats_completions,pass_stats_efficiency,pass_stats_avg_per_pass,pass_stats_avg_per_catch,pass_stats_avg_per_game,puntreturn_stats_number,puntreturn_stats_yards,puntreturn_stats_touchdowns,puntreturn_stats_longest_punt_return,puntreturn_stats_avg_per_return,interception_return_stats_number,interception_return_stats_yards,interception_return_stats_touchdowns,interception_return_stats_longest,interception_return_stats_avg_per_return,punt_stats_number,punt_stats_yards,punt_stats_longest_punt,punt_stats_blocked,punt_stats_touchbacks,punt_stats_fair_catches,punt_stats_fifty_plus_yards,punt_stats_inside_twenty,punt_stats_avg_per_punt,kickoff_stats_number,kickoff_stats_yards,kickoff_stats_out_of_bounds,kickoff_stats_touchbacks,kickoff_stats_avg_per_kickoff,fieldgoal_stats_made,fieldgoal_stats_attempts,fieldgoal_stats_longest_fieldgoal,fieldgoal_stats_blocked,fieldgoal_stats_percentage,pat_stats_kick_attempts,pat_stats_kicks_made,pat_stats_rush_attempts,pat_stats_rushes_made,pat_stats_pass_attempts,pat_stats_passes_made,pat_stats_reception_attempts,pat_stats_receptions_made,pat_stats_defensive_return_attempts,pat_stats_defensive_returns_made,pat_stats_defensive_blocked_kick_return_attempts,pat_stats_devensive_blocked_kick_returns_made,fumblereturn_stats_number,fumblereturn_stats_yards,fumblereturn_stats_touchdowns,fumblereturn_stats_longest_interception_return,composite_score,global_rank,rating
2026-27,football,Northwest Conference (NWC),nwc,Pacific Lutheran,"Becker,Cole",Cole,Becker,,1297,"Becker,Cole","BECKER,COLE",Pacific Lutheran ,PLU,1266-3017,1,1,5,5D,0,0,DL,0,,,,,,,,0,5,4,9,9,4.5,.0,.0,3,3,24,2,1,2,15,0,0,1,0,0,0,0,0,0,,,,,,,,,,,,,,,,,,,,,,,,,,,,,,,,,,,,,,,,,,,,,,,,,,,,,,,,,,,,,,,,,,,,,,,,,,,,,,,,,,,,,,,,,,,,,,,,,10.278173954169514,1,99
2026-27,football,Northwest Conference (NWC),nwc,George Fox,"Erickson,Jacob",Jacob,Erickson,,1094,"Erickson,Jacob","ERICKSON,JACOB",George Fox ,GFU,1260-2489,1,1,52,5Z,0,0,DE,0,,,,,,,,0,4,1,5,5,4.0,.0,.0,4,0,12,2,2,0,7,1,0,0,0,0,0,0,0,1,,,,,,,,,,,,,,,,,,,,,,,,,,,,,,,,,,,,,,,,,,,,,,,,,,,,,,,,,,,,,,,,,,,,,,,,,,,,,,,,,,,,,,,,,,,,,,,,,9.606776222965694,2,99
2026-27,football,Northwest Conference (NWC),nwc,Willamette,"Mangold,Trysten",Trysten,Mangold,,785,"Mangold,Trysten","MANGOLD,TRYSTEN",Willamette,WIL,0,1,0,6,6,0,0,LB,0,,,,,,,,12,1,4,5,5,2.0,.0,.0,1,2,7,0.5,0,1,3,0,0,0,0,0,0,0,1,1,,,,,,,,,,,,,,,,,,,,,,,,,,,,,,,,,,,,,,,,,,,,,,,,,,,,,,,,,1,12,0,12,12.0,,,,,,,,,,,,,,,,,,,,,,,,,,,,,,,,,,,,8.634513047970966,3,99
2026-27,football,Northwest Conference (NWC),nwc,George Fox,"Holsey,Zak",Zak,Holsey,,1094,"Holsey,Zak","HOLSEY,ZAK",George Fox ,GFU,1260-2497,1,1,14,1A,0,0,DB,0,,,,,,,,0,2,0,2,2,1.0,.0,.0,1,0,6,1,1,0,6,0,1,1,0,0,0,0,1,1,,,,,,,,,,,,,,,,,,,,,,,,,,,,,,,,,,,,,,,,,,,,,,,,,,,,,,,,,1,0,0,0,.0,,,,,,,,,,,,,,,,,,,,,,,,,,,,,,,,,,,,8.022849198769354,4,98
2026-27,football,Northwest Conference (NWC),nwc,George Fox,"Borde,Ty",Ty,Borde,,1094,"Borde,Ty","BORDE,TY",George Fox ,GFU,1260-2751,1,1,5,5D,0,0,S,0,,,,,,,,0,5,2,7,7,1.0,.0,.0,1,0,1,0,0,0,0,1,0,0,0,0,0,0,1,2,,,,,,,,,,,,,,,1,16,0,16,16.0,,,,,,,,,,,,,,,,,,,,,,,,,,,,,,,,,,,,,,1,0,0,0,.0,,,,,,,,,,,,,,,,,,,,,,,,,,,,,,,,,,,,7.7227205467363165,5,98
2026-27,football,Northwest Conference (NWC),nwc,Linfield,"Wiggins,Kellen",Kellen,Wiggins,,1179,"Wiggins,Kellen","WIGGINS,KELLEN",Linfield,LIN,1262-11406,1,1,33,3D,0,0,LB,0,,,,,,,,0,2,1,3,3,2.0,.0,.0,2,0,14,2,2,0,14,0,0,0,0,0,1,0,0,0,,,,,,,,,,,,,,,,,,,,0,0,,,,,,,,,,,,,,,,,,,,,,,,,,,,,,,,,,,,,,,,,,,,,,,,,,,,,,,,,,,,,,,,,,,,,,,,,,,,6.396482344079696,6,98
2026-27,football,Northwest Conference (NWC),nwc,Lewis & Clark,"Tucker,Curtis",Curtis,Tucker,,22235,"Tucker,Curtis","TUCKER,CURTIS",Lewis & Clark,L&C,1261-2628,1,1,22,22,0,0,LB,0,,,,,,,,30,4,1,5,5,.0,.0,.0,0,0,0,0,0,0,0,0,0,1,0,0,0,0,1,1,,,,,,,,,,,,,,,,,,,,,,,,,,,,0,1,0,0,0,0,0,0,0,6,6,6,,,,,,,,,,,,,,,,,,1,30,1,30,30.0,,,,,,,,,,,,,,,,,,,,,,,,,,,,,,,,,,,,5.529945690090296,7,97
2026-27,football,Northwest Conference (NWC),nwc,Pacific Lutheran,"Fernandez,Eli",Eli,Fernandez,,1297,"Fernandez,Eli","FERNANDEZ,ELI",Pacific Lutheran ,PLU,1266-3781,1,1,3,3D,0,0,S,0,,,,,,,,8,1,1,2,2,.0,.0,.0,0,0,0,0,0,0,0,0,0,0,0,0,0,0,1,1,,,,,,,,,,,,,,,,,,,,,,,,,,,,,,,,,,,,,,,,,,,,,,,,,,,,,,,,,1,8,0,8,8.0,,,,,,,,,,,,,,,,,,,,,,,,,,,,,,,,,,,,4.647276051404955,8,97
2026-27,football,Northwest Conference (NWC),nwc,Pacific Lutheran,"Lopez,Kawika",Kawika,Lopez,,1297,"Lopez,Kawika","LOPEZ,KAWIKA",Pacific Lutheran ,PLU,1266-3500,1,1,2,2D,0,0,DB,0,,,,,,,,15,1,1,2,2,.0,.0,.0,0,0,0,0,0,0,0,0,0,0,0,0,0,0,1,1,,,,,,,,,,,,,,,,,,,,,,,,,,,,,,,,,,,,,,,,,,,,,,,,,,,,,,,,,1,15,0,15,15.0,,,,,,,,,,,,,,,,,,,,,,,,,,,,,,,,,,,,4.647276051404955,9,97
2026-27,football,Northwest Conference (NWC),nwc,Lewis & Clark,"Adams,Kristopher",Kristopher,Adams,,22235,"Adams,Kristopher","ADAMS,KRISTOPHER",Lewis & Clark,L&C,1261-2490,1,1,3,3E,0,0,DB,0,,,,,,,,0,5,0,5,5,.0,.0,.0,0,0,0,0,0,0,0,4,0,0,0,0,0,0,0,4,,,,,,,,,,,,,,,,,,,,,,,,,,,,,,,,,,,,,,,,,,,,,,,,,,,,,,,,,,,,,,,,,,,,,,,,,,,,,,,,,,,,,,,,,,,,,,,,,3.8998550279673134,10,96
2026-27,football,Northwest Conference (NWC),nwc,Lewis & Clark,"Borea,Gio",Gio,Borea,,22235,"Borea,Gio","BOREA,GIO",Lewis & Clark,L&C,1261-2487,1,1,26,26,0,RB,0,0,,,,,,,,0,0,0,0,0,.0,.0,.0,0,0,0,0,0,0,0,0,0,0,0,0,0,0,0,0,,,,,,,26,124,126,2,2,17,4.8,124.0,,,,,,,,3,10,0,8,3.3,,0,2,0,0,0,0,0,0,0,12,12,12,,,,,,,,,,,,,,,,,,,,,,,,,,,,,,,,,,,,,,,,,,,,,,,,,,,,,,,,,,3.829321372874428,11,96
2026-27,football,Northwest Conference (NWC),nwc,Willamette,"Reese,Noah",Noah,Reese,,785,"Reese,Noah","REESE,NOAH",Willamette,WIL,0,1,0,11,11,0,0,LB,0,,,,,,,,0,8,3,11,11,1.0,.0,.0,1,0,2,0,0,0,0,1,0,0,0,0,0,0,0,1,,,,,,,,,,,,,,,,,,,,,,,,,,,,,,,,,,,,,,,,,,,,,,,,,,,,,,,,,,,,,,,,,,,,,,,,,,,,,,,,,,,,,,,,,,,,,,,,,3.6764486828085965,12,96
2026-27,football,Northwest Conference (NWC),nwc,Pacific Lutheran,"Watts,Kaden",Kaden,Watts,,1297,"Watts,Kaden","WATTS,KADEN",Pacific Lutheran ,PLU,1266-4862,1,1,33,33,0,0,DE,0,,,,,,,,0,0,3,3,3,1.5,.0,.0,0,3,8,1,0,2,5,0,0,1,0,0,0,0,0,0,,,,,,,,,,,,,,,,,,,,,,,,,,,,,,,,,,,,,,,,,,,,,,,,,,,,,,,,,,,,,,,,,,,,,,,,,,,,,,,,,,,,,,,,,,,,,,,,,3.2482204838364703,13,95
2026-27,football,Northwest Conference (NWC),nwc,Pacific Lutheran,"Hale,Jackson",Jackson,Hale,,1297,"Hale,Jackson","HALE,JACKSON",Pacific Lutheran ,PLU,1266-3029,1,1,0,0D,0,0,DB,0,,,,,,,,0,1,6,7,7,1.5,.0,.0,0,3,7,0.5,0,1,4,0,0,1,0,0,0,0,0,0,,,,,,,,,,,,,,,,,,,,,,,,,,,,,,,,,,,,,,,,,,,,,,,,,,,,,,,,,,,,,,,,,,,,,,,,,,,,,,,,,,,,,,,,,,,,,,,,,3.2095870231342154,14,95
2026-27,football,Northwest Conference (NWC),nwc,Pacific Lutheran,"Savea,Dayton",Dayton,Savea,,1297,"Savea,Dayton","SAVEA,DAYTON",Pacific Lutheran ,PLU,1266-4913,1,0,10,10,0,WR,0,0,,,,,,,,0,0,0,0,0,.0,.0,.0,0,0,0,0,0,0,0,0,0,0,0,0,0,0,0,0,,,,,,,,,,,,,,,,,,,,,,4,86,3,55,21.5,,0,3,0,0,0,0,0,0,0,18,18,18,,,,,,,,,,,,,,,,,,,,,,,,,,,,,,,,,,,,,,,,,,,,,,,,,,,,,,,,,,3.171796034105497,15,95
2026-27,football,Northwest Conference (NWC),nwc,Lewis & Clark,"Harden,Nick",Nick,Harden,,22235,"Harden,Nick","HARDEN,NICK",Lewis & Clark,L&C,1261-2650,1,0,29,29,0,0,LB,0,,,,,,,,0,1,3,4,4,1.0,.0,.0,1,0,4,1,1,0,4,0,0,0,0,0,0,0,0,0,,,,,,,,,,,,,,,,,,,,,,,,,,,,,,,,,,,,,,,,,,,,,,,,,,,,,,,,,,,,,,,,,,,,,,,,,,,,,,,,,,,,,,,,,,,,,,,,,3.070183435332093,16,94
2026-27,football,Northwest Conference (NWC),nwc,Linfield,"Yarbrough,Axl",Axl,Yarbrough,,1179,"Yarbrough,Axl","YARBROUGH,AXL",Linfield,LIN,1262-11426,1,1,97,97,0,0,DE,0,,,,,,,,0,2,1,3,3,1.0,.0,.0,1,0,1,1,1,0,1,0,0,0,0,0,0,0,0,0,,,,,,,,,,,,,,,,,,,,,,,,,,,,,,,,,,,,,,,,,,,,,,,,,,,,,,,,,,,,,,,,,,,,,,,,,,,,,,,,,,,,,,,,,,,,,,,,,2.7759602224369795,17,94
2026-27,football,Northwest Conference (NWC),nwc,Lewis & Clark,"Lasconia,Sytyn",Sytyn,Lasconia,,22235,"Lasconia,Sytyn","LASCONIA,SYTYN",Lewis & Clark,L&C,1261-2664,1,1,7,7O,0,WR,0,0,,,,,,,,0,0,0,0,0,.0,.0,.0,0,0,0,0,0,0,0,0,0,0,0,0,0,0,0,0,,,,,,,,,,,,,,,,,,,,,,7,178,1,44,25.4,,0,1,0,0,0,0,0,0,0,6,6,6,,,,,,,,,,,,,,,,,,,,,,,,,,,,,,,,,,,,,,,,,,,,,,,,,,,,,,,,,,2.6249288612165533,18,94
2026-27,football,Northwest Conference (NWC),nwc,Linfield,"Johnson,Kenyon",Kenyon,Johnson,,1179,"Johnson,Kenyon","JOHNSON,KENYON",Linfield,LIN,1262-11146,1,1,35,12,0,0,CB,0,,,,,,,,0,0,0,0,0,.0,.0,.0,0,0,0,0,0,0,0,0,0,0,0,0,0,0,0,0,,,,,,,,,,,,,,,,,,,,,,6,171,1,49,28.5,,0,1,0,0,0,0,0,0,0,6,6,6,,,,,,,,,,,,,,,,,,,,,,,,,,,,,,,,,,,,,,,,,,,,,,,,,,,,,,,,,,2.4679183067479076,19,94
2026-27,football,Northwest Conference (NWC),nwc,Puget Sound,"Lawson,Max",Max,Lawson,,557,"Lawson,Max","LAWSON,MAX",Puget Sound,UPS,0,1,1,40,40,0,0,LB,0,,,,,,,,0,5,1,6,6,1.0,.0,.0,1,0,2,0,0,0,0,1,0,0,0,0,1,0,0,1,,,,,,,,,,,,,,,,,,,,0,0,,,,,,,,,,,,,,,,,,,,,,,,,,,,,,,,,,,,,,,,,,,,,,,,,,,,,,,,,,,,,,,,,,,,,,,,,,,,2.450281592611346,20,94
2026-27,football,Northwest Conference (NWC),nwc,Pacific Lutheran,"Ragaza-Bourassa,Micah",Micah,Ragaza-Bourassa,,1297,"Ragaza-Bourassa,Micah","RAGAZA-BOURASSA,MICAH",Pacific Lutheran ,PLU,1266-3024,1,1,4,4D,0,0,LB,0,,,,,,,,0,3,3,6,6,1.0,.0,.0,1,0,2,0,0,0,0,1,0,0,0,0,0,0,0,1,,,,,,,,,,,,,,,,,,,,,,,,,,,,,,,,,,,,,,,,,,,,,,,,,,,,,,,,,,,,,,,,,,,,,,,,,,,,,,,,,,,,,,,,,,,,,,,,,2.205332618333028,21,94
2026-27,football,Northwest Conference (NWC),nwc,Pacific Lutheran,"Yap,Kalaiakea",Kalaiakea,Yap,,1297,"Yap,Kalaiakea","YAP,KALAIAKEA",Pacific Lutheran ,PLU,1266-2849,1,1,1,1D,0,0,DL,0,,,,,,,,0,0,5,5,5,1.0,.0,.0,0,2,4,0.5,0,1,3,0,0,0,0,0,0,0,0,0,,,,,,,,,,,,,,,,,,,,,,,,,,,,,,,,,,,,,,,,,,,,,,,,,,,,,,,,,,,,,,,,,,,,,,,,,,,,,,,,,,,,,,,,,,,,,,,,,2.1488803359444972,22,93
2026-27,football,Northwest Conference (NWC),nwc,Linfield,"O'Bagy,Dace",Dace,O'Bagy,,1179,"O'Bagy,Dace","O'BAGY,DACE",Linfield,LIN,1262-11633,1,0,25,26,0,RB,0,0,,,,,,,,,,,,,,,,,,,,,,,,,,,,,,,,,,,,,,17,94,95,1,0,21,5.5,94.0,,,,,,,,,,,,,,,,,,,,,,,,,,,,,,,,,,,,,,,,,,,,,,,,,,,,,,,,,,,,,,,,,,,,,,,,,,,,,,,,,,,2.0221442083135015,23,93
2026-27,football,Northwest Conference (NWC),nwc,Lewis & Clark,"Weaver,Dashiell",Dashiell,Weaver,,22235,"Weaver,Dashiell","WEAVER,DASHIELL",Lewis & Clark,L&C,1261-2620,1,0,9,9S,0,QB,0,0,,,,,,,,0,0,0,0,0,.0,.0,.0,0,0,0,0,0,0,0,0,0,0,0,0,0,0,0,0,,,,,,,3,17,17,0,2,12,5.7,17.0,,,,,,,,,,,,,,0,2,0,0,0,0,0,0,0,12,12,12,0,0,44,1,210,0,16,12,205.9,13.13,17.50,210.0,,,,,,,,,,,,,,,,,,,,,,,,,,,,,,,,,,,,,,,,,,,,,,1.9404675966414777,24,93
2026-27,football,Northwest Conference (NWC),nwc,Pacific Lutheran,"Coleman,Avery",Avery,Coleman,,1297,"Coleman,Avery","COLEMAN,AVERY",Pacific Lutheran ,PLU,1266-3402,1,1,7,7,0,0,LB,0,,,,,,,,0,6,4,10,10,.5,.0,.0,0,1,3,0,0,0,0,0,0,0,0,0,0,0,0,0,,,,,,,,,,,,,,,,,,,,,,,,,,,,,,,,,,,,,,,,,,,,,,,,,,,,,,,,,,,,,,,,,,,,,,,,,,,,,,,,,,,,,,,,,,,,,,,,,1.932209826737866,25,93
2026-27,football,Northwest Conference (NWC),nwc,Pacific Lutheran,"Tuifua,AJ",AJ,Tuifua,,1297,"Tuifua,AJ","TUIFUA,AJ",Pacific Lutheran ,PLU,1266-5097,1,1,11,1J,0,QB,0,0,,,,,,,,,,,,,,,,,,,,,,,,,,,,,,,,,,,,,,6,26,44,18,0,21,4.3,26.0,,,,,,,,,,,,,,,,,,,,,,,,,,13,1,55,5,288,2,35,21,164.8,8.23,13.71,288.0,,,,,,,,,,,,,,,,,,,,,,,,,,,,,,,,,,,,,,,,,,,,,,1.897835402556996,26,93
2026-27,football,Northwest Conference (NWC),nwc,Willamette,"Lafferre,Joseph",Joseph,Lafferre,,785,"Lafferre,Joseph","LAFFERRE,JOSEPH",Willamette,WIL,0,1,0,25,25,0,0,S,0,,,,,,,,0,5,0,5,5,2.0,.0,.0,2,0,6,0,0,0,0,0,0,1,0,0,0,0,0,0,,,,,,,,,,,,,,,,,,,,,,,,,,,,,,,,,,,,,,,,,,,,,,,,,,,,,,,,,,,,,,,,,,,,,,,,,,,,,,,,,,,,,,,,,,,,,,,,,1.8778745464607693,27,93
2026-27,football,Northwest Conference (NWC),nwc,Willamette,"Gil,Matthew",Matthew,Gil,,785,"Gil,Matthew","GIL,MATTHEW",Willamette,WIL,0,1,0,26,26,0,0,LB,0,,,,,,,,0,5,3,8,8,.0,.0,.0,0,0,0,0,0,0,0,1,1,0,0,0,0,0,0,1,,,,,,,,,,,,,,,,,,,,,,,,,,,,,,,,,,,,,,,,,,,,,,,,,,,,,,,,,,,,,,,,,,,,,,,,,,,,,,,,,,,,,,,,,,,,,,,,,1.8492585213242752,28,92
2026-27,football,Northwest Conference (NWC),nwc,Puget Sound,"Evars,Tyler",Tyler,Evars,,557,"Evars,Tyler","EVARS,TYLER",Puget Sound,UPS,0,1,1,0,0,0,0,DB,0,,,,,,,,0,7,4,11,11,.0,.0,.0,0,0,0,0,0,0,0,0,1,0,0,0,0,0,0,0,,,,,,,,,,,,,,,,,,,,,,,,,,,,,,,,,,,,,,,,,,,,,,,,,,,,,,,,,,,,,,,,,,,,,,,,,,,,,,,,,,,,,,,,,,,,,,,,,1.7541727782334893,29,92
2026-27,football,Northwest Conference (NWC),nwc,Linfield,"McNabb,Luke",Luke,McNabb,,1179,"McNabb,Luke","MCNABB,LUKE",Linfield,LIN,1262-10929,1,1,7,7Q,0,QB,0,0,,,,,,,,0,0,0,0,0,.0,.0,.0,0,0,0,0,0,0,0,0,0,0,0,0,0,0,0,0,,,,,,,12,44,58,14,1,12,3.7,44.0,,,,,,1,0,1,7,1,7,7.0,,0,2,0,0,0,0,0,0,0,12,12,12,14,3,49,2,224,1,20,12,177.1,11.20,18.67,224.0,,,,,,,,,,,,,,,,,,,,,,,,,,,,,,,,,,,,,,,,,,,,,,1.4220801113929764,30,92
2026-27,football,Northwest Conference (NWC),nwc,Puget Sound,"Nayal,Zach",Zach,Nayal,,557,"Nayal,Zach","NAYAL,ZACH",Puget Sound,UPS,0,1,1,17,17,0,0,LB,0,,,,,,,,0,4,4,8,8,.5,.0,.0,0,1,1,0,0,0,0,0,0,0,0,0,0,0,0,0,,,,,,,,,,,,,,,,,,,,,,,,,,,,,,,,,,,,,,,,,,,,,,,,,,,,,,,,,,,,,,,,,,,,,,,,,,,,,,,,,,,,,,,,,,,,,,,,,1.3437634009476391,31,92
2026-27,football,Northwest Conference (NWC),nwc,George Fox,"Leman,JJ",JJ,Leman,,1094,"Leman,JJ","LEMAN,JJ",George Fox ,GFU,1260-3418,1,1,2,2,0,QB,0,0,,,,,,,,0,0,0,0,0,.0,.0,.0,0,0,0,0,0,0,0,0,0,0,0,0,0,0,0,0,,,,,,,10,21,30,9,1,17,2.1,21.0,,,,,,,,,,,,,,0,1,0,0,0,0,0,0,0,6,6,6,0,0,36,2,253,0,36,22,138.5,7.03,11.50,253.0,,,,,,,,,,,,,,,,,,,,,,,,,,,,,,,,,,,,,,,,,,,,,,1.2901921027901155,32,92
2026-27,football,Northwest Conference (NWC),nwc,Willamette,"Afford,Keion",Keion,Afford,,785,"Afford,Keion","AFFORD,KEION",Willamette,WIL,0,1,0,4,4,0,WR,0,0,,,,,,,,,,,,,,,,,,,,,,,,,,,,,,,,,,,,,,,,,,,,,,4,88,0,33,22.0,,,4,63,0,36,15.8,,,,,,,,,,,,,,,,,,,,,,,,,,,,,,,,,,,,,,,,,,,,,,,,,,,,,,,,,,,,,,,,,,,,,,,1.2753791153471907,33,92
2026-27,football,Northwest Conference (NWC),nwc,Puget Sound,"Ott,Dylan",Dylan,Ott,,557,"Ott,Dylan","OTT,DYLAN",Puget Sound,UPS,0,1,1,12,1Z,0,0,DB,0,,,,,,,,0,2,2,4,4,.5,.0,.0,0,1,1,0,0,0,0,1,0,0,0,0,0,0,0,1,,,,,,,,,,,,,,,,,,,,,,,,,,,,,,,,,,,,,,,,,,,,,,,,,,,,,,,,,,,,,,,,,,,,,,,,,,,,,,,,,,,,,,,,,,,,,,,,,1.1446259311433105,34,91
2026-27,football,Northwest Conference (NWC),nwc,Willamette,"Houfek,Josh",Josh,Houfek,,785,"Houfek,Josh","HOUFEK,JOSH",Willamette,WIL,0,1,0,20,20,0,0,S,0,,,,,,,,0,2,0,2,2,.0,.0,.0,0,0,0,0,0,0,0,2,0,0,0,0,0,0,0,2,,,,,,,,,,,,,,,,,,,,,,,,,,,,,,,,,,,,,,,,,,,,,,,,,,,,,,,,,,,,,,,,,,,,,,,,,,,,,,,,,,,,,,,,,,,,,,,,,1.0616746257297196,35,91
2026-27,football,Northwest Conference (NWC),nwc,Lewis & Clark,"Maehara,Maddox",Maddox,Maehara,,22235,"Maehara,Maddox","MAEHARA,MADDOX",Lewis & Clark,L&C,1261-2621,1,1,36,36,0,0,DB,0,,,,,,,,0,0,2,2,2,1.0,.0,.0,0,2,4,0,0,0,0,1,0,0,0,0,0,0,0,1,,,,,,,,,,,,,,,,,,,,,,,,,,,,,,,,,,,,,,,,,,,,,,,,,,,,,,,,,,,,,,,,,,,,,,,,,,,,,,,,,,,,,,,,,,,,,,,,,1.0284397667525738,36,91
2026-27,football,Northwest Conference (NWC),nwc,Puget Sound,"Ross,Demari",Demari,Ross,,557,"Ross,Demari","ROSS,DEMARI",Puget Sound,UPS,0,1,0,11,11,0,WR,0,0,,,,,,,,0,0,0,0,0,.0,.0,.0,0,0,0,0,0,0,0,0,0,0,0,0,0,0,0,0,,,,,,,,,,,,,,,,,,,,,,2,46,2,28,23.0,,0,2,0,0,0,0,0,0,0,12,12,12,,,,,,,,,,,,,,,,,,,,,,,,,,,,,,,,,,,,,,,,,,,,,,,,,,,,,,,,,,0.9693756356176632,37,91
2026-27,football,Northwest Conference (NWC),nwc,Linfield,"Kirsch,Max",Max,Kirsch,,1179,"Kirsch,Max","KIRSCH,MAX",Linfield,LIN,1262-11141,1,1,9,9,0,0,S,0,,,,,,,,0,3,2,5,5,.0,.0,.0,0,0,0,0,0,0,0,1,0,0,0,0,0,0,0,1,,,,,,,,,,,,,,,,,,,,,,,,,,,,,,,,,,,,,,,,,,,,,,,,,,,,,,,,,,,,,,,,,,,,,,,,,,,,,,,,,,,,,,,,,,,,,,,,,0.9665888826389339,38,91
2026-27,football,Northwest Conference (NWC),nwc,Pacific Lutheran,"Miles,JJ",JJ,Miles,,1297,"Miles,JJ","MILES,JJ",Pacific Lutheran ,PLU,1266-3771,1,1,13,3J,0,0,DB,0,,,,,,,,0,4,1,5,5,.0,.0,.0,0,0,0,0,0,0,0,1,0,0,0,0,0,0,0,1,,,,,,,,,,,,,,,,,,,,,,,,,,,,,,,,,,,,,,,,,,,,,,,,,,,,,,,,,,,,,,,,,,,,,,,,,,,,,,,,,,,,,,,,,,,,,,,,,0.9665888826389339,39,91
2026-27,football,Northwest Conference (NWC),nwc,Linfield,"Bankston,Paavan",Paavan,Bankston,,1179,"Bankston,Paavan","BANKSTON,PAAVAN",Linfield,LIN,1262-11145,1,0,23,23,0,0,S,0,,,,,,,,0,4,1,5,5,1.0,.0,.0,1,0,1,0,0,0,0,0,0,0,0,0,0,0,0,0,,,,,,,,,,,,,,,,,,,,,,,,,,,,,,,,,,,,,,,,,,,,,,,,,,,,,,,,,,,,,,,,,,,,,,,,,,,,,,,,,,,,,,,,,,,,,,,,,0.933354023661788,40,90
2026-27,football,Northwest Conference (NWC),nwc,Lewis & Clark,"Sarmento,Mitchell",Mitchell,Sarmento,,22235,"Sarmento,Mitchell","SARMENTO,MITCHELL",Lewis & Clark,L&C,1261-2165,1,1,46,46,0,0,LB,0,,,,,,,,0,3,2,5,5,1.0,.0,.0,0,2,1,0,0,0,0,0,0,0,0,0,0,0,0,0,,,,,,,,,,,,,,,,,,,,,,,,,,,,,,,,,,,,,,,,,,,,,,,,,,,,,,,,,,,,,,,,,,,,,,,,,,,,,,,,,,,,,,,,,,,,,,,,,0.933354023661788,41,90
2026-27,football,Northwest Conference (NWC),nwc,Pacific Lutheran,"Carini,Joseph",Joseph,Carini,,1297,"Carini,Joseph","CARINI,JOSEPH",Pacific Lutheran ,PLU,1266-3072,1,0,49,4U,0,0,0,0,,,,,,,,,,,,,,,,,,,,,,,,,,,,,,,,,,,,,,,,,,,,,,,,,,,,,,,,,,,,,,,,,,,,,,,,,,,,,,,,,,,,,,,,,,,,,4,120,40,0,1,1,0,1,30.0,,,,,,,,,,,,,,,,,,,,,,,,,,,0.7824967787843884,42,90
2026-27,football,Northwest Conference (NWC),nwc,Pacific Lutheran,"Correa,Keola",Keola,Correa,,1297,"Correa,Keola","CORREA,KEOLA",Pacific Lutheran ,PLU,1266-5090,1,1,3,3,0,WR,0,0,,,,,,,,0,0,0,0,0,.0,.0,.0,0,0,0,0,0,0,0,0,0,0,0,0,0,0,0,0,,,,,,,,,,,,,,,,,,,,,,4,71,1,34,17.8,,0,1,0,0,0,0,0,0,0,6,6,6,,,,,,,,,,,,,3,40,0,16,13.3,,,,,,,,,,,,,,,,,,,,,,,,,,,,,,,,,,,,,,,,,0.7801033633601968,43,90
2026-27,football,Northwest Conference (NWC),nwc,Willamette,"Aguilar,Enrike",Enrike,Aguilar,,785,"Aguilar,Enrike","AGUILAR,ENRIKE",Willamette,WIL,0,1,0,95,95,0,0,DE,0,,,,,,,,0,1,5,6,6,.5,.0,.0,0,1,0,0,0,0,0,0,0,0,0,0,0,0,0,0,,,,,,,,,,,,,,,,,,,,,,,,,,,,,,,,,,,,,,,,,,,,,,,,,,,,,,,,,,,,,,,,,,,,,,,,,,,,,,,,,,,,,,,,,,,,,,,,,0.7553169751574114,44,90
2026-27,football,Northwest Conference (NWC),nwc,Linfield,"Bright-Lee,Elijah",Elijah,Bright-Lee,,1179,"Bright-Lee,Elijah","BRIGHT-LEE,ELIJAH",Linfield,LIN,1262-11831,1,0,4,4G,0,0,S,0,,,,,,,,0,4,0,4,4,.0,.0,.0,0,0,0,0,0,0,0,1,0,0,0,0,0,0,0,1,,,,,,,,,,,,,,,,,,,,,,,,,,,,,,,,,,,,,,,,,,,,,,,,,,,,,,,,,,,,,,,,,,,,,,,,,,,,,,,,,,,,,,,,,,,,,,,,,0.6723656697438201,45,90
2026-27,football,Northwest Conference (NWC),nwc,Willamette,"Bell,Hudson",Hudson,Bell,,785,"Bell,Hudson","BELL,HUDSON",Willamette,WIL,0,1,0,45,45,0,0,DE,0,,,,,,,,0,0,1,1,1,.5,.0,.0,0,1,3,0.5,0,1,3,0,0,0,0,0,0,0,0,0,,,,,,,,,,,,,,,,,,,,,,,,,,,,,,,,,,,,,,,,,,,,,,,,,,,,,,,,,,,,,,,,,,,,,,,,,,,,,,,,,,,,,,,,,,,,,,,,,0.4997272229645524,46,89
2026-27,football,Northwest Conference (NWC),nwc,George Fox,"Ehlers,Damien",Damien,Ehlers,,1094,"Ehlers,Damien","EHLERS,DAMIEN",George Fox ,GFU,1260-3136,1,0,20,20,0,WR,0,0,,,,,,,,0,2,0,2,2,.0,.0,.0,0,0,0,0,0,0,0,0,0,0,0,0,0,0,0,0,,,,,,,5,75,76,1,0,32,15.0,75.0,,,,,,,,,,,,,,,,,,,,,,,,,,,,,,,,,,,,,,,,,,,,,,,,,,,,,,,,,,,,,,,,,,,,,,,,,,,,,,,,,,,0.49619935446904595,47,89
2026-27,football,Northwest Conference (NWC),nwc,George Fox,"Denault,Karsen",Karsen,Denault,,1094,"Denault,Karsen","DENAULT,KARSEN",George Fox ,GFU,1260-3419,1,1,9,9,0,WR,0,0,,,,,,,,0,0,0,0,0,.0,.0,.0,0,0,0,0,0,0,0,0,0,0,0,0,0,0,0,0,,,,,,,1,9,9,0,0,9,9.0,9.0,,,,,,,,10,118,1,33,11.8,,0,1,0,0,0,0,0,0,0,6,6,6,,,,,,,,,,,,,,,,,,,,,,,,,,,,,,,,,,,,,,,,,,,,,,,,,,,,,,,,,,0.4734135347383277,48,89
2026-27,football,Northwest Conference (NWC),nwc,Linfield,"Johannsen,Cade",Cade,Johannsen,,1179,"Johannsen,Cade","JOHANNSEN,CADE",Linfield,LIN,1262-10933,1,0,30,30,0,0,0,0,,,,,,,,,,,,,,,,,,,,,,,,,,,,,,,,,,,,,,,,,,,,,,,,,,,,,,,,,,,,,,,,,,,,,,,,,,,,,,,,,,,,,,,,,,,,,1,53,53,0,0,0,1,0,53.0,,,,,,,,,,,,,,,,,,,,,,,,,,,0.47313274792520865,49,89
2026-27,football,Northwest Conference (NWC),nwc,Willamette,"Smith,Palmer",Palmer,Smith,,785,"Smith,Palmer","SMITH,PALMER",Willamette,WIL,0,1,0,10,10,0,0,LB,0,,,,,,,,0,2,3,5,5,.5,.0,.0,0,1,1,0,0,0,0,0,0,1,0,0,0,0,0,0,,,,,,,,,,,,,,,,,,,,,,,,,,,,,,,,,,,,,,,,,,,,,,,,,,,,,,,,,,,,,,,,,,,,,,,,,,,,,,,,,,,,,,,,,,,,,,,,,0.4610937622622977,50,89
2026-27,football,Northwest Conference (NWC),nwc,Lewis & Clark,"Wacker,Logan",Logan,Wacker,,22235,"Wacker,Logan","WACKER,LOGAN",Lewis & Clark,L&C,1261-2344,1,1,63,63,0,0,DL,0,,,,,,,,0,1,4,5,5,.5,.0,.0,0,1,0,0,0,0,0,0,0,0,0,0,0,0,0,0,,,,,,,,,,,,,,,,,,,,,,,,,,,,,,,,,,,,,,,,,,,,,,,,,,,,,,,,,,,,,,,,,,,,,,,,,,,,,,,,,,,,,,,,,,,,,,,,,0.4610937622622977,51,89
2026-27,football,Northwest Conference (NWC),nwc,George Fox,"Harrison,Austin",Austin,Harrison,,1094,"Harrison,Austin","HARRISON,AUSTIN",George Fox ,GFU,1260-2788,1,1,15,1S,0,0,DB,0,,,,,,,,0,3,0,3,3,.0,.0,.0,0,0,0,0,0,0,0,1,0,0,0,0,0,0,0,1,,,,,,,,,,,,,,,,,,,,,,,,,,,,,,,,,,,,,,,,,,,,,,,,,,,,,,,,,,,,,,,,,,,,,,,,,,,,,,,,,,,,,,,,,,,,,,,,,0.3781424568487065,52,88
2026-27,football,Northwest Conference (NWC),nwc,George Fox,"Miller,Eli",Eli,Miller,,1094,"Miller,Eli","MILLER,ELI",George Fox ,GFU,1260-2799,1,1,13,1E,0,0,DB,0,,,,,,,,0,2,1,3,3,.0,.0,.0,0,0,0,0,0,0,0,1,0,0,0,0,0,0,0,1,,,,,,,,,,,,,,,,,,,,,,,,,,,,,,,,,,,,,,,,,,,,,,,,,,,,,,,,,,,,,,,,,,,,,,,,,,,,,,,,,,,,,,,,,,,,,,,,,0.3781424568487065,53,88
2026-27,football,Northwest Conference (NWC),nwc,Lewis & Clark,"Delgado,Jordan",Jordan,Delgado,,22235,"Delgado,Jordan","DELGADO,JORDAN",Lewis & Clark,L&C,1261-2312,1,1,4,4G,0,0,DB,0,,,,,,,,0,2,1,3,3,1.0,.0,.0,1,0,6,0,0,0,0,0,0,0,0,0,0,0,0,0,,,,,,,,,,,,,,,,,,,,,,,,,,,,,,,,,,,,,,,,,,,,,,,,,,,,,,,,,,,,,,,,,,,,,,,,,,,,,,,,,,,,,,,,,,,,,,,,,0.3449075978715608,54,88
2026-27,football,Northwest Conference (NWC),nwc,Puget Sound,"Beck,Brady",Brady,Beck,,557,"Beck,Brady","BECK,BRADY",Puget Sound,UPS,0,1,1,12,12,0,QB,0,0,,,,,,,,,,,,,,,,,,,,,,,,,,,,,,,,,,,,,,4,15,19,4,0,9,3.8,15.0,,,,,,,,,,,,,,,,,,,,,,,,,,4,1,45,2,301,1,42,22,123.5,7.17,13.68,301.0,,,,,,,,,,,,,,,,,,,,,,,,,,,,,,0,0,0,0,1,1,1,1,0,0,0,0,,,,,0.30524461469168584,55,88
2026-27,football,Northwest Conference (NWC),nwc,Lewis & Clark,"Lopez,Draven",Draven,Lopez,,22235,"Lopez,Draven","LOPEZ,DRAVEN",Lewis & Clark,L&C,1261-2655,1,0,13,13,0,0,DB,0,,,,,,,,0,3,3,6,6,.0,.0,.0,0,0,0,0,0,0,0,0,0,0,0,0,0,0,0,0,,,,,,,,,,,,,,,,,,,,,,,,,,,,,,,,,,,,,,,,,,,,,,,,,,,,,,,,,,,,,,,,,,,,,,,,,,,,,,,,,,,,,,,,,,,,,,,,,0.28305671375792096,56,88
2026-27,football,Northwest Conference (NWC),nwc,George Fox,"Nuss,Ben",Ben,Nuss,,1094,"Nuss,Ben","NUSS,BEN",George Fox ,GFU,1260-2802,1,1,10,1Q,0,0,DB,0,,,,,,,,0,3,3,6,6,.0,.0,.0,0,0,0,0,0,0,0,0,0,0,0,0,0,0,0,0,,,,,,,,,,,,,,,,,,,,,,,,,,,,,,,,,,,,,,,,,,,,,,,,,,,,,,,,,,,,,,,,,,,,,,,,,,,,,,,,,,,,,,,,,,,,,,,,,0.28305671375792096,57,88
2026-27,football,Northwest Conference (NWC),nwc,Linfield,"Thompson,J.J.",J.J.,Thompson,,1179,"Thompson,J.J.","THOMPSON,J.J.",Linfield,LIN,1262-11385,1,1,2,2D,0,0,CB,0,,,,,,,,0,4,2,6,6,.0,.0,.0,0,0,0,0,0,0,0,0,0,0,0,0,0,0,0,0,,,,,,,,,,,,,,,,,,,,,,,,,,,,,,,,,,,,,,,,,,,,,,,,,,,,,,,,,,,,,,,,,,,,,,,,,,,,,,,,,,,,,,,,,,,,,,,,,0.28305671375792096,58,87
2026-27,football,Northwest Conference (NWC),nwc,George Fox,"Alderete-Labuguen,Duke",Duke,Alderete-Labuguen,,1094,"Alderete-Labuguen,Duke","ALDERETE-LABUGUEN,DUKE",George Fox ,GFU,1260-3440,1,1,4,4D,0,0,LB,0,,,,,,,,0,4,1,5,5,.0,.0,.0,0,0,0,0,0,0,0,0,0,0,0,0,1,0,0,0,,,,,,,,,,,,,,,,,,,,0,0,,,,,,,,,,,,,,,,,,,,,,,,,,,,,,,,,,,,,,,,,,,,,,,,,,,,,,,,,,,,,,,,,,,,,,,,,,,,0.23378247514112516,59,87
2026-27,football,Northwest Conference (NWC),nwc,Lewis & Clark,"Perez,Damon",Damon,Perez,,22235,"Perez,Damon","PEREZ,DAMON",Lewis & Clark,L&C,1261-2510,1,0,92,92,0,0,0,0,,,,,,,,,,,,,,,,,,,,,,,,,,,,,,,,,,,,,,,,,,,,,,,,,,,,,,,,,,,,,,,,,,,,,,,,,,,,,,,,,,,,,,,,,,,,,1,46,46,0,0,0,0,0,46.0,,,,,,,,,,,,,,,,,,,,,,,,,,,0.21938847500879746,60,87
2026-27,football,Northwest Conference (NWC),nwc,Pacific Lutheran,"Etrata,Reece",Reece,Etrata,,1297,"Etrata,Reece","ETRATA,REECE",Pacific Lutheran ,PLU,1266-3070,1,0,6,6,0,WR,0,0,,,,,,,,,,,,,,,,,,,,,,,,,,,,,,,,,,,,,,,,,,,,,,3,43,0,30,14.3,,,,,,,,,,,,,,,,,,,,,,,,,,,,,,,,,,,,,,,,,,,,,,,,,,,,,,,,,,,,,,,,,,,,,,,,,,,,,,0.19609934007837918,61,87
2026-27,football,Northwest Conference (NWC),nwc,Linfield,"Gray,Reid",Reid,Gray,,1179,"Gray,Reid","GRAY,REID",Linfield,LIN,1262-11177,1,1,11,11,0,0,CB,0,,,,,,,,0,1,2,3,3,.0,.0,.0,0,0,0,0,0,0,0,1,0,0,0,0,0,0,0,1,,,,,,,,,,,,,,,1,19,0,19,19.0,,,,,,,,,,,,,,,,,,,,,,,,,,,,,,,,,,,,,,,,,,,,,,,,,,,,,,,,,,,,,,,,,,,,,,,,,,,,,,0.11731129577358068,62,87
2026-27,football,Northwest Conference (NWC),nwc,Linfield,"Spurbeck,Matthew",Matthew,Spurbeck,,1179,"Spurbeck,Matthew","SPURBECK,MATTHEW",Linfield,LIN,1262-11390,1,1,22,22,0,RB,0,0,,,,,,,,,,,,,,,,,,,,,,,,,,,,,,,,,,,,,,12,61,61,0,0,18,5.1,61.0,,,,,,,,2,16,0,11,8.0,,,,,,,,,,,,,,,,,,,,,,,,,,,,,,,,,,,,,,,,,,,,,,,,,,,,,,,,,,,,,,,,,,,,,,,0.09259253796787725,63,87
2026-27,football,Northwest Conference (NWC),nwc,George Fox,"Rutledge,Riley",Riley,Rutledge,,1094,"Rutledge,Riley","RUTLEDGE,RILEY",George Fox ,GFU,1260-3210,1,0,49,49,0,0,0,0,,,,,,,,,,,,,,,,,,,,,,,,,,,,,,,,,,,,,,,,,,,,,,,,,,,,,,,,,,,,,,,,,,,,,,,,,,,,,,,,,,,,,,,,,,,,,4,169,46,0,2,0,0,0,42.3,,,,,,,,,,,,,,,,,,,,,,,,,,,0.0852665021815514,64,86
2026-27,football,Northwest Conference (NWC),nwc,Lewis & Clark,"Freeman,Ocean",Ocean,Freeman,,22235,"Freeman,Ocean","FREEMAN,OCEAN",Lewis & Clark,L&C,1261-2479,1,0,1,1A,0,0,DB,0,,,,,,,,0,2,0,2,2,.0,.0,.0,0,0,0,0,0,0,0,1,0,0,0,0,0,0,0,1,,,,,,,,,,,,,,,,,,,,,,,,,,,,,,,,,,,,,,,,,,,,,,,,,,,,,,,,,,,,,,,,,,,,,,,,,,,,,,,,,,,,,,,,,,,,,,,,,0.08391924395359285,65,86
2026-27,football,Northwest Conference (NWC),nwc,Willamette,"Fallows,Rj",Rj,Fallows,,785,"Fallows,Rj","FALLOWS,RJ",Willamette,WIL,0,1,0,29,29,0,0,S,0,,,,,,,,0,2,0,2,2,1.0,.0,.0,1,0,2,0,0,0,0,0,0,0,0,0,0,0,0,0,,,,,,,,,,,,,,,,,,,,,,,,,,,,,,,,,,,,,,,,,,,,,,,,,,,,,,,,,,,,,,,,,,,,,,,,,,,,,,,,,,,,,,,,,,,,,,,,,0.0506843849764472,66,86
2026-27,football,Northwest Conference (NWC),nwc,George Fox,"Amare,Miky",Miky,Amare,,1094,"Amare,Miky","AMARE,MIKY",George Fox ,GFU,1260-3118,1,1,71,71,0,OL,0,0,,,,,,,,,,,,,,,,,,,,,,,,,,,,,,,,,,,,,,,,,,,,,,,,,,,,,,,,,,,,,,,,,,,,,,,,,,,,,,,,,,,,,,,,,,,,,,,,,,,,,,,,,,,,,,,,,,,,,,,,,,,,,,,,0.0,67,86
2026-27,football,Northwest Conference (NWC),nwc,George Fox,"Astor,Sam",Sam,Astor,,1094,"Astor,Sam","ASTOR,SAM",George Fox ,GFU,1260-2749,1,0,0,0D,0,0,DB,0,,,,,,,,,,,,,,,,,,,,,,,,,,,,,,,,,,,,,,,,,,,,,,,,,,,,,,,,,,,,,,,,,,,,,,,,,,,,,,,,,,,,,,,,,,,,,,,,,,,,,,,,,,,,,,,,,,,,,,,,,,,,,,,,0.0,68,86
2026-27,football,Northwest Conference (NWC),nwc,Linfield,"Atkins,Alex",Alex,Atkins,,1179,"Atkins,Alex","ATKINS,ALEX",Linfield,LIN,1262-11628,1,0,21,2P,0,0,CB,0,,,,,,,,,,,,,,,,,,,,,,,,,,,,,,,,,,,,,,,,,,,,,,,,,,,,,,,,,,,,,,,,,,,,,,,,,,,,,,,,,,,,,,,,,,,,,,,,,,,,,,,,,,,,,,,,,,,,,,,,,,,,,,,,0.0,69,85
2026-27,football,Northwest Conference (NWC),nwc,George Fox,"Baker,Max",Max,Baker,,1094,"Baker,Max","BAKER,MAX",George Fox ,GFU,1260-3689,1,0,48,4B,0,0,LB,0,,,,,,,,,,,,,,,,,,,,,,,,,,,,,,,,,,,,,,,,,,,,,,,,,,,,,,,,,,,,,,,,,,,,,,,,,,,,,,,,,,,,,,,,,,,,,,,,,,,,,,,,,,,,,,,,,,,,,,,,,,,,,,,,0.0,70,85
2026-27,football,Northwest Conference (NWC),nwc,Pacific Lutheran,"Barfield,Ben",Ben,Barfield,,1297,"Barfield,Ben","BARFIELD,BEN",Pacific Lutheran ,PLU,1266-4918,1,0,93,93,0,0,DT,0,,,,,,,,,,,,,,,,,,,,,,,,,,,,,,,,,,,,,,,,,,,,,,,,,,,,,,,,,,,,,,,,,,,,,,,,,,,,,,,,,,,,,,,,,,,,,,,,,,,,,,,,,,,,,,,,,,,,,,,,,,,,,,,,0.0,71,85
2026-27,football,Northwest Conference (NWC),nwc,Pacific Lutheran,"Bauldree,Jesse",Jesse,Bauldree,,1297,"Bauldree,Jesse","BAULDREE,JESSE",Pacific Lutheran ,PLU,1266-3742,1,0,17,17,0,WR,0,0,,,,,,,,,,,,,,,,,,,,,,,,,,,,,,,,,,,,,,,,,,,,,,,,,,,,,,,,,,,,,,,,,,,,,,,,,,,,,,,,,,,,,,,,,,,,,,,,,,,,,,,,,,,,,,,,,,,,,,,,,,,,,,,,0.0,72,85
2026-27,football,Northwest Conference (NWC),nwc,George Fox,"Bearn,Isaac",Isaac,Bearn,,1094,"Bearn,Isaac","BEARN,ISAAC",George Fox ,GFU,1260-3692,1,0,58,5B,0,0,DE,0,,,,,,,,,,,,,,,,,,,,,,,,,,,,,,,,,,,,,,,,,,,,,,,,,,,,,,,,,,,,,,,,,,,,,,,,,,,,,,,,,,,,,,,,,,,,,,,,,,,,,,,,,,,,,,,,,,,,,,,,,,,,,,,,0.0,73,85
2026-27,football,Northwest Conference (NWC),nwc,Linfield,"Benner,Trace",Trace,Benner,,1179,"Benner,Trace","BENNER,TRACE",Linfield,LIN,1262-11384,1,0,28,2B,0,TE,0,0,,,,,,,,,,,,,,,,,,,,,,,,,,,,,,,,,,,,,,,,,,,,,,,,,,,,,,,,,,,,,,,,,,,,,,,,,,,,,,,,,,,,,,,,,,,,,,,,,,,,,,,,,,,,,,,,,,,,,,,,,,,,,,,,0.0,74,85
2026-27,football,Northwest Conference (NWC),nwc,George Fox,"Bjornstedt,Noah",Noah,Bjornstedt,,1094,"Bjornstedt,Noah","BJORNSTEDT,NOAH",George Fox ,GFU,1260-3123,1,0,33,33,0,TE,0,0,,,,,,,,,,,,,,,,,,,,,,,,,,,,,,,,,,,,,,,,,,,,,,,,,,,,,,,,,,,,,,,,,,,,,,,,,,,,,,,,,,,,,,,,,,,,,,,,,,,,,,,,,,,,,,,,,,,,,,,,,,,,,,,,0.0,75,84
2026-27,football,Northwest Conference (NWC),nwc,Pacific Lutheran,"Bohanan,Ryan",Ryan,Bohanan,,1297,"Bohanan,Ryan","BOHANAN,RYAN",Pacific Lutheran ,PLU,1266-3501,1,0,71,71,0,OL,0,0,,,,,,,,,,,,,,,,,,,,,,,,,,,,,,,,,,,,,,,,,,,,,,,,,,,,,,,,,,,,,,,,,,,,,,,,,,,,,,,,,,,,,,,,,,,,,,,,,,,,,,,,,,,,,,,,,,,,,,,,,,,,,,,,0.0,76,84
2026-27,football,Northwest Conference (NWC),nwc,George Fox,"Brewster,Sean",Sean,Brewster,,1094,"Brewster,Sean","BREWSTER,SEAN",George Fox ,GFU,1260-2752,1,1,70,70,0,OL,0,0,,,,,,,,,,,,,,,,,,,,,,,,,,,,,,,,,,,,,,,,,,,,,,,,,,,,,,,,,,,,,,,,,,,,,,,,,,,,,,,,,,,,,,,,,,,,,,,,,,,,,,,,,,,,,,,,,,,,,,,,,,,,,,,,0.0,77,84
2026-27,football,Northwest Conference (NWC),nwc,George Fox,"Carli,Luke",Luke,Carli,,1094,"Carli,Luke","CARLI,LUKE",George Fox ,GFU,1260-3697,1,0,3,3,0,WR,0,0,,,,,,,,,,,,,,,,,,,,,,,,,,,,,,,,,,,,,,,,,,,,,,,,,,,,,,,,,,,,,,,,,,,,,,,,,,,,,,,,,,,,,,,,,,,,,,,,,,,,,,,,,,,,,,,,,,,,,,,,,,,,,,,,0.0,78,84
2026-27,football,Northwest Conference (NWC),nwc,Linfield,"Carmichael,Luca",Luca,Carmichael,,1179,"Carmichael,Luca","CARMICHAEL,LUCA",Linfield,LIN,1262-11420,1,1,67,67,0,OT,0,0,,,,,,,,,,,,,,,,,,,,,,,,,,,,,,,,,,,,,,,,,,,,,,,,,,,,,,,,,,,,,,,,,,,,,,,,,,,,,,,,,,,,,,,,,,,,,,,,,,,,,,,,,,,,,,,,,,,,,,,,,,,,,,,,0.0,79,84
2026-27,football,Northwest Conference (NWC),nwc,Pacific Lutheran,"Casas-Vargas,Santi",Santi,Casas-Vargas,,1297,"Casas-Vargas,Santi","CASAS-VARGAS,SANTI",Pacific Lutheran ,PLU,1266-3778,1,1,65,65,0,OL,0,0,,,,,,,,,,,,,,,,,,,,,,,,,,,,,,,,,,,,,,,,,,,,,,,,,,,,,,,,,,,,,,,,,,,,,,,,,,,,,,,,,,,,,,,,,,,,,,,,,,,,,,,,,,,,,,,,,,,,,,,,,,,,,,,,0.0,80,84
2026-27,football,Northwest Conference (NWC),nwc,Willamette,"Cassidy,Daniel",Daniel,Cassidy,,785,"Cassidy,Daniel","CASSIDY,DANIEL",Willamette,WIL,0,1,0,32,32,0,0,LB,0,,,,,,,,,,,,,,,,,,,,,,,,,,,,,,,,,,,,,,,,,,,,,,,,,,,,,,,,,,,,,,,,,,,,,,,,,,,,,,,,,,,,,,,,,,,,,,,,,,,,,,,,,,,,,,,,,,,,,,,,,,,,,,,,0.0,81,83
2026-27,football,Northwest Conference (NWC),nwc,Pacific Lutheran,"Coble,Trevor",Trevor,Coble,,1297,"Coble,Trevor","COBLE,TREVOR",Pacific Lutheran ,PLU,1266-3445,1,1,77,77,0,OL,0,0,,,,,,,,,,,,,,,,,,,,,,,,,,,,,,,,,,,,,,,,,,,,,,,,,,,,,,,,,,,,,,,,,,,,,,,,,,,,,,,,,,,,,,,,,,,,,,,,,,,,,,,,,,,,,,,,,,,,,,,,,,,,,,,,0.0,82,83
2026-27,football,Northwest Conference (NWC),nwc,Pacific Lutheran,"Cordero,Mikkah",Mikkah,Cordero,,1297,"Cordero,Mikkah","CORDERO,MIKKAH",Pacific Lutheran ,PLU,1266-5088,1,0,12,2Q,0,QB,0,0,,,,,,,,,,,,,,,,,,,,,,,,,,,,,,,,,,,,,,,,,,,,,,,,,,,,,,,,,,,,,,,,,,,,,,,,,,,,,,,,,,,,,,,,,,,,,,,,,,,,,,,,,,,,,,,,,,,,,,,,,,,,,,,,0.0,83,83
2026-27,football,Northwest Conference (NWC),nwc,Pacific Lutheran,"Cummings,Calvin",Calvin,Cummings,,1297,"Cummings,Calvin","CUMMINGS,CALVIN",Pacific Lutheran ,PLU,1266-3021,1,0,91,91,0,0,DL,0,,,,,,,,,,,,,,,,,,,,,,,,,,,,,,,,,,,,,,,,,,,,,,,,,,,,,,,,,,,,,,,,,,,,,,,,,,,,,,,,,,,,,,,,,,,,,,,,,,,,,,,,,,,,,,,,,,,,,,,,,,,,,,,,0.0,84,83
2026-27,football,Northwest Conference (NWC),nwc,Puget Sound,"Edwards,Brady",Brady,Edwards,,557,"Edwards,Brady","EDWARDS,BRADY",Puget Sound,UPS,0,1,1,74,74,0,OL,0,0,,,,,,,,,,,,,,,,,,,,,,,,,,,,,,,,,,,,,,,,,,,,,,,,,,,,,,,,,,,,,,,,,,,,,,,,,,,,,,,,,,,,,,,,,,,,,,,,,,,,,,,,,,,,,,,,,,,,,,,,,,,,,,,,0.0,85,83
2026-27,football,Northwest Conference (NWC),nwc,Linfield,"Eiguren,Hayden",Hayden,Eiguren,,1179,"Eiguren,Hayden","EIGUREN,HAYDEN",Linfield,LIN,1262-10925,1,0,24,4L,0,0,LB,0,,,,,,,,,,,,,,,,,,,,,,,,,,,,,,,,,,,,,,,,,,,,,,,,,,,,,,,,,,,,,,,,,,,,,,,,,,,,,,,,,,,,,,,,,,,,,,,,,,,,,,,,,,,,,,,,,,,,,,,,,,,,,,,,0.0,86,83
2026-27,football,Northwest Conference (NWC),nwc,Linfield,"Emberlin,Sean",Sean,Emberlin,,1179,"Emberlin,Sean","EMBERLIN,SEAN",Linfield,LIN,1262-11382,1,0,6,6S,0,WR,0,0,,,,,,,,,,,,,,,,,,,,,,,,,,,,,,,,,,,,,,,,,,,,,,,,,,,,,,,,,,,,,,,,,,,,,,,,,,,,,,,,,,,,,,,,,,,,,,,,,,,,,,,,,,,,,,,,,,,,,,,,,,,,,,,,0.0,87,82
2026-27,football,Northwest Conference (NWC),nwc,George Fox,"Esqueda,Toby",Toby,Esqueda,,1094,"Esqueda,Toby","ESQUEDA,TOBY",George Fox ,GFU,1260-3412,1,1,56,56,0,OL,0,0,,,,,,,,,,,,,,,,,,,,,,,,,,,,,,,,,,,,,,,,,,,,,,,,,,,,,,,,,,,,,,,,,,,,,,,,,,,,,,,,,,,,,,,,,,,,,,,,,,,,,,,,,,,,,,,,,,,,,,,,,,,,,,,,0.0,88,82
2026-27,football,Northwest Conference (NWC),nwc,Puget Sound,"Feltz,Zak",Zak,Feltz,,557,"Feltz,Zak","FELTZ,ZAK",Puget Sound,UPS,0,1,1,63,63,0,OL,0,0,,,,,,,,,,,,,,,,,,,,,,,,,,,,,,,,,,,,,,,,,,,,,,,,,,,,,,,,,,,,,,,,,,,,,,,,,,,,,,,,,,,,,,,,,,,,,,,,,,,,,,,,,,,,,,,,,,,,,,,,,,,,,,,,0.0,89,82
2026-27,football,Northwest Conference (NWC),nwc,Linfield,"Harding,Hunter",Hunter,Harding,,1179,"Harding,Hunter","HARDING,HUNTER",Linfield,LIN,1262-11418,1,0,61,61,0,OG,0,0,,,,,,,,,,,,,,,,,,,,,,,,,,,,,,,,,,,,,,,,,,,,,,,,,,,,,,,,,,,,,,,,,,,,,,,,,,,,,,,,,,,,,,,,,,,,,,,,,,,,,,,,,,,,,,,,,,,,,,,,,,,,,,,,0.0,90,82
2026-27,football,Northwest Conference (NWC),nwc,Linfield,"Hillman,Brody",Brody,Hillman,,1179,"Hillman,Brody","HILLMAN,BRODY",Linfield,LIN,1262-11650,1,0,40,5L,0,0,0,0,,,,,,,,,,,,,,,,,,,,,,,,,,,,,,,,,,,,,,,,,,,,,,,,,,,,,,,,,,,,,,,,,,,,,,,,,,,,,,,,,,,,,,,,,,,,,,,,,,,,,,,,,,,,,,,,,,,,,,,,,,,,,,,,0.0,91,82
2026-27,football,Northwest Conference (NWC),nwc,Linfield,"Howell,Dylan",Dylan,Howell,,1179,"Howell,Dylan","HOWELL,DYLAN",Linfield,LIN,1262-11657,1,1,75,75,0,OC,0,0,,,,,,,,,,,,,,,,,,,,,,,,,,,,,,,,,,,,,,,,,,,,,,,,,,,,,,,,,,,,,,,,,,,,,,,,,,,,,,,,,,,,,,,,,,,,,,,,,,,,,,,,,,,,,,,,,,,,,,,,,,,,,,,,0.0,92,82
2026-27,football,Northwest Conference (NWC),nwc,George Fox,"Hundven,Jacob",Jacob,Hundven,,1094,"Hundven,Jacob","HUNDVEN,JACOB",George Fox ,GFU,1260-3185,1,0,48,48,0,0,0,0,,,,,,,,,,,,,,,,,,,,,,,,,,,,,,,,,,,,,,,,,,,,,,,,,,,,,,,,,,,,,,,,,,,,,,,,,,,,,,,,,,,,,,,,,,,,,,,,,,,,,,4,255,0,1,63.8,,,,,,,,,,,,,,,,,,,,,,0.0,93,81
2026-27,football,Northwest Conference (NWC),nwc,Linfield,"Huot,Ridge",Ridge,Huot,,1179,"Huot,Ridge","HUOT,RIDGE",Linfield,LIN,1262-11415,1,1,54,54,0,OC,0,0,,,,,,,,,,,,,,,,,,,,,,,,,,,,,,,,,,,,,,,,,,,,,,,,,,,,,,,,,,,,,,,,,,,,,,,,,,,,,,,,,,,,,,,,,,,,,,,,,,,,,,,,,,,,,,,,,,,,,,,,,,,,,,,,0.0,94,81
2026-27,football,Northwest Conference (NWC),nwc,George Fox,"Iokia,Kainui",Kainui,Iokia,,1094,"Iokia,Kainui","IOKIA,KAINUI",George Fox ,GFU,1260-3705,1,0,30,3Q,0,0,LB,0,,,,,,,,,,,,,,,,,,,,,,,,,,,,,,,,,,,,,,,,,,,,,,,,,,,,,,,,,,,,,,,,,,,,,,,,,,,,,,,,,,,,,,,,,,,,,,,,,,,,,,,,,,,,,,,,,,,,,,,,,,,,,,,,0.0,95,81
2026-27,football,Northwest Conference (NWC),nwc,George Fox,"Johnson,Aiden",Aiden,Johnson,,1094,"Johnson,Aiden","JOHNSON,AIDEN",George Fox ,GFU,1260-3408,1,0,77,77,0,OL,0,0,,,,,,,,,,,,,,,,,,,,,,,,,,,,,,,,,,,,,,,,,,,,,,,,,,,,,,,,,,,,,,,,,,,,,,,,,,,,,,,,,,,,,,,,,,,,,,,,,,,,,,,,,,,,,,,,,,,,,,,,,,,,,,,,0.0,96,81
2026-27,football,Northwest Conference (NWC),nwc,Pacific Lutheran,"Johnson,Dawan",Dawan,Johnson,,1297,"Johnson,Dawan","JOHNSON,DAWAN",Pacific Lutheran ,PLU,1266-3767,1,1,61,61,0,0,DL,0,,,,,,,,,,,,,,,,,,,,,,,,,,,,,,,,,,,,,,,,,,,,,,,,,,,,,,,,,,,,,,,,,,,,,,,,,,,,,,,,,,,,,,,,,,,,,,,,,,,,,,,,,,,,,,,,,,,,,,,,,,,,,,,,0.0,97,81
2026-27,football,Northwest Conference (NWC),nwc,Linfield,"Johnson,Ethan",Ethan,Johnson,,1179,"Johnson,Ethan","JOHNSON,ETHAN",Linfield,LIN,1262-11861,1,1,65,,0,OL,0,0,,,,,,,,,,,,,,,,,,,,,,,,,,,,,,,,,,,,,,,,,,,,,,,,,,,,,,,,,,,,,,,,,,,,,,,,,,,,,,,,,,,,,,,,,,,,,,,,,,,,,,,,,,,,,,,,,,,,,,,,,,,,,,,,0.0,98,81
2026-27,football,Northwest Conference (NWC),nwc,Lewis & Clark,"Jones,DaHani",DaHani,Jones,,22235,"Jones,DaHani","JONES,DAHANI",Lewis & Clark,L&C,1261-2657,1,1,74,74,0,OL,0,0,,,,,,,,,,,,,,,,,,,,,,,,,,,,,,,,,,,,,,,,,,,,,,,,,,,,,,,,,,,,,,,,,,,,,,,,,,,,,,,,,,,,,,,,,,,,,,,,,,,,,,,,,,,,,,,,,,,,,,,,,,,,,,,,0.0,99,80
2026-27,football,Northwest Conference (NWC),nwc,Pacific Lutheran,"Kanae Jr.,AJ",AJ,Kanae Jr.,,1297,"Kanae Jr.,AJ","KANAE JR.,AJ",Pacific Lutheran ,PLU,1266-4856,1,0,15,5J,0,0,DB,0,,,,,,,,,,,,,,,,,,,,,,,,,,,,,,,,,,,,,,,,,,,,,,,,,,,,,,,,,,,,,,,,,,,,,,,,,,,,,,,,,,,,,,,,,,,,,,,,,,,,,,,,,,,,,,,,,,,,,,,,,,,,,,,,0.0,100,80
2026-27,football,Northwest Conference (NWC),nwc,Pacific Lutheran,"Kisan,Sean",Sean,Kisan,,1297,"Kisan,Sean","KISAN,SEAN",Pacific Lutheran ,PLU,1266-5093,1,0,75,7K,0,OL,0,0,,,,,,,,,,,,,,,,,,,,,,,,,,,,,,,,,,,,,,,,,,,,,,,,,,,,,,,,,,,,,,,,,,,,,,,,,,,,,,,,,,,,,,,,,,,,,,,,,,,,,,,,,,,,,,,,,,,,,,,,,,,,,,,,0.0,101,80
2026-27,football,Northwest Conference (NWC),nwc,Linfield,"Knott,Kole",Kole,Knott,,1179,"Knott,Kole","KNOTT,KOLE",Linfield,LIN,1262-11430,1,0,85,85,0,TE,0,0,,,,,,,,,,,,,,,,,,,,,,,,,,,,,,,,,,,,,,,,,,,,,,,,,,,,,,,,,,,,,,,,,,,,,,,,,,,,,,,,,,,,,,,,,,,,,,,,,,,,,,,,,,,,,,,,,,,,,,,,,,,,,,,,0.0,102,80
2026-27,football,Northwest Conference (NWC),nwc,Willamette,"Leprowse,Cameron",Cameron,Leprowse,,785,"Leprowse,Cameron","LEPROWSE,CAMERON",Willamette,WIL,0,1,0,30,30,0,0,CB,0,,,,,,,,,,,,,,,,,,,,,,,,,,,,,,,,,,,,,,,,,,,,,,,,,,,,,,,,,,,,,,,,,,,,,,,,,,,,,,,,,,,,,,,,,,,,,,,,,,,,,,,,,,,,,,,,,,,,,,,,,,,,,,,,0.0,103,80
2026-27,football,Northwest Conference (NWC),nwc,Puget Sound,"Lewis,Colby",Colby,Lewis,,557,"Lewis,Colby","LEWIS,COLBY",Puget Sound,UPS,0,1,1,54,54,0,OL,0,0,,,,,,,,,,,,,,,,,,,,,,,,,,,,,,,,,,,,,,,,,,,,,,,,,,,,,,,,,,,,,,,,,,,,,,,,,,,,,,,,,,,,,,,,,,,,,,,,,,,,,,,,,,,,,,,,,,,,,,,,,,,,,,,,0.0,104,80
2026-27,football,Northwest Conference (NWC),nwc,Willamette,"Luhrsen,Jonah",Jonah,Luhrsen,,785,"Luhrsen,Jonah","LUHRSEN,JONAH",Willamette,WIL,0,1,0,19,19,0,WR,0,0,,,,,,,,,,,,,,,,,,,,,,,,,,,,,,,,,,,,,,,,,,,,,,,,,,,,,,,,,,,,,,,,,,,,,,,,,,,,,,,,,,,,,,,,,,,,,,,,,,,,,,,,,,,,,,,,,,,,,,,,,,,,,,,,0.0,105,79
2026-27,football,Northwest Conference (NWC),nwc,George Fox,"Malella,Brayden",Brayden,Malella,,1094,"Malella,Brayden","MALELLA,BRAYDEN",George Fox ,GFU,1260-3499,1,0,6,6,0,QB,0,0,,,,,,,,,,,,,,,,,,,,,,,,,,,,,,,,,,,,,,,,,,,,,,,,,,,,,,,,,,,,,,,,,,,,,,,,,,,,,,,,,,,,,,,,,,,,,,,,,,,,,,,,,,,,,,,,,,,,,,,,,,,,,,,,0.0,106,79
2026-27,football,Northwest Conference (NWC),nwc,Lewis & Clark,"Marquez,Iggy",Iggy,Marquez,,22235,"Marquez,Iggy","MARQUEZ,IGGY",Lewis & Clark,L&C,1261-2345,1,1,64,64,0,OL,0,0,,,,,,,,,,,,,,,,,,,,,,,,,,,,,,,,,,,,,,,,,,,,,,,,,,,,,,,,,,,,,,,,,,,,,,,,,,,,,,,,,,,,,,,,,,,,,,,,,,,,,,,,,,,,,,,,,,,,,,,,,,,,,,,,0.0,107,79
2026-27,football,Northwest Conference (NWC),nwc,George Fox,"Martin,Kyle",Kyle,Martin,,1094,"Martin,Kyle","MARTIN,KYLE",George Fox ,GFU,1260-3196,1,1,64,64,0,OL,0,0,,,,,,,,,,,,,,,,,,,,,,,,,,,,,,,,,,,,,,,,,,,,,,,,,,,,,,,,,,,,,,,,,,,,,,,,,,,,,,,,,,,,,,,,,,,,,,,,,,,,,,,,,,,,,,,,,,,,,,,,,,,,,,,,0.0,108,79
2026-27,football,Northwest Conference (NWC),nwc,Linfield,"Massari,Joey",Joey,Massari,,1179,"Massari,Joey","MASSARI,JOEY",Linfield,LIN,1262-11422,1,0,71,71,0,OT,0,0,,,,,,,,,,,,,,,,,,,,,,,,,,,,,,,,,,,,,,,,,,,,,,,,,,,,,,,,,,,,,,,,,,,,,,,,,,,,,,,,,,,,,,,,,,,,,,,,,,,,,,,,,,,,,,,,,,,,,,,,,,,,,,,,0.0,109,79
2026-27,football,Northwest Conference (NWC),nwc,George Fox,"Maurer,Alex",Alex,Maurer,,1094,"Maurer,Alex","MAURER,ALEX",George Fox ,GFU,1260-3432,1,0,55,5S,0,0,DT,0,,,,,,,,,,,,,,,,,,,,,,,,,,,,,,,,,,,,,,,,,,,,,,,,,,,,,,,,,,,,,,,,,,,,,,,,,,,,,,,,,,,,,,,,,,,,,,,,,,,,,,,,,,,,,,,,,,,,,,,,,,,,,,,,0.0,110,79
2026-27,football,Northwest Conference (NWC),nwc,Pacific Lutheran,"McAtee,Cooper",Cooper,McAtee,,1297,"McAtee,Cooper","MCATEE,COOPER",Pacific Lutheran ,PLU,1266-4874,1,0,29,,0,TE,0,0,,,,,,,,,,,,,,,,,,,,,,,,,,,,,,,,,,,,,,,,,,,,,,,,,,,,,,,,,,,,,,,,,,,,,,,,,,,,,,,,,,,,,,,,,,,,,,,,,,,,,,,,,,,,,,,,,,,,,,,,,,,,,,,,0.0,111,78
2026-27,football,Northwest Conference (NWC),nwc,Puget Sound,"McDade,Michael",Michael,McDade,,557,"McDade,Michael","MCDADE,MICHAEL",Puget Sound,UPS,0,1,1,58,58,0,OL,0,0,,,,,,,,,,,,,,,,,,,,,,,,,,,,,,,,,,,,,,,,,,,,,,,,,,,,,,,,,,,,,,,,,,,,,,,,,,,,,,,,,,,,,,,,,,,,,,,,,,,,,,,,,,,,,,,,,,,,,,,,,,,,,,,,0.0,112,78
2026-27,football,Northwest Conference (NWC),nwc,George Fox,"McGraw,Rylan",Rylan,McGraw,,1094,"McGraw,Rylan","MCGRAW,RYLAN",George Fox ,GFU,1260-3200,1,1,75,75,0,OL,0,0,,,,,,,,,,,,,,,,,,,,,,,,,,,,,,,,,,,,,,,,,,,,,,,,,,,,,,,,,,,,,,,,,,,,,,,,,,,,,,,,,,,,,,,,,,,,,,,,,,,,,,,,,,,,,,,,,,,,,,,,,,,,,,,,0.0,113,78
2026-27,football,Northwest Conference (NWC),nwc,Pacific Lutheran,"Moberg,Caleb",Caleb,Moberg,,1297,"Moberg,Caleb","MOBERG,CALEB",Pacific Lutheran ,PLU,1266-5053,1,0,47,47,0,0,0,0,,,,,,,,,,,,,,,,,,,,,,,,,,,,,,,,,,,,,,,,,,,,,,,,,,,,,,,,,,,,,,,,,,,,,,,,,,,,,,,,,,,,,,,,,,,,,,,,,,,,,,,,,,,,,,,,,,,,,,,,,,,,,,,,0.0,114,78
2026-27,football,Northwest Conference (NWC),nwc,Pacific Lutheran,"Moore,Howie",Howie,Moore,,1297,"Moore,Howie","MOORE,HOWIE",Pacific Lutheran ,PLU,1266-5050,1,0,23,2H,0,0,LB,0,,,,,,,,,,,,,,,,,,,,,,,,,,,,,,,,,,,,,,,,,,,,,,,,,,,,,,,,,,,,,,,,,,,,,,,,,,,,,,,,,,,,,,,,,,,,,,,,,,,,,,,,,,,,,,,,,,,,,,,,,,,,,,,,0.0,115,78
2026-27,football,Northwest Conference (NWC),nwc,Pacific Lutheran,"Morgan,Ryan",Ryan,Morgan,,1297,"Morgan,Ryan","MORGAN,RYAN",Pacific Lutheran ,PLU,1266-3071,1,0,40,40,0,WR,0,0,,,,,,,,,,,,,,,,,,,,,,,,,,,,,,,,,,,,,,,,,,,,,,,,,,,,,,,,,,,,,,,,,,,,,,,,,,,,,,,,,,,,,,,,,,,,,,,,,,,,,,,,,,,,,,,,,,,,,,,,,,,,,,,,0.0,116,78
2026-27,football,Northwest Conference (NWC),nwc,Linfield,"Murphy,Jackson",Jackson,Murphy,,1179,"Murphy,Jackson","MURPHY,JACKSON",Linfield,LIN,1262-11419,1,0,62,62,0,OG,0,0,,,,,,,,,,,,,,,,,,,,,,,,,,,,,,,,,,,,,,,,,,,,,,,,,,,,,,,,,,,,,,,,,,,,,,,,,,,,,,,,,,,,,,,,,,,,,,,,,,,,,,,,,,,,,,,,,,,,,,,,,,,,,,,,0.0,117,77
2026-27,football,Northwest Conference (NWC),nwc,Lewis & Clark,"Murphy,John",John,Murphy,,22235,"Murphy,John","MURPHY,JOHN",Lewis & Clark,L&C,1261-2788,1,1,37,37,0,0,CB,0,,,,,,,,,,,,,,,,,,,,,,,,,,,,,,,,,,,,,,,,,,,,,,,,,,,,,,,,,,,,,,,,,,,,,,,,,,,,,,,,,,,,,,,,,,,,,,,,,,,,,,,,,,,,,,,,,,,,,,,,,,,,,,,,0.0,118,77
2026-27,football,Northwest Conference (NWC),nwc,Pacific Lutheran,"Nauta,Connor",Connor,Nauta,,1297,"Nauta,Connor","NAUTA,CONNOR",Pacific Lutheran ,PLU,1266-4864,1,0,10,0N,0,0,DE,0,,,,,,,,,,,,,,,,,,,,,,,,,,,,,,,,,,,,,,,,,,,,,,,,,,,,,,,,,,,,,,,,,,,,,,,,,,,,,,,,,,,,,,,,,,,,,,,,,,,,,,,,,,,,,,,,,,,,,,,,,,,,,,,,0.0,119,77
2026-27,football,Northwest Conference (NWC),nwc,George Fox,"Neale,Jack",Jack,Neale,,1094,"Neale,Jack","NEALE,JACK",George Fox ,GFU,1260-3202,1,0,44,4A,0,0,LB,0,,,,,,,,,,,,,,,,,,,,,,,,,,,,,,,,,,,,,,,,,,,,,,,,,,,,,,,,,,,,,,,,,,,,,,,,,,,,,,,,,,,,,,,,,,,,,,,,,,,,,,,,,,,,,,,,,,,,,,,,,,,,,,,,0.0,120,77
2026-27,football,Northwest Conference (NWC),nwc,Pacific Lutheran,"Nielsen,Laurits",Laurits,Nielsen,,1297,"Nielsen,Laurits","NIELSEN,LAURITS",Pacific Lutheran ,PLU,1266-4917,1,0,63,63,0,OL,0,0,,,,,,,,,,,,,,,,,,,,,,,,,,,,,,,,,,,,,,,,,,,,,,,,,,,,,,,,,,,,,,,,,,,,,,,,,,,,,,,,,,,,,,,,,,,,,,,,,,,,,,,,,,,,,,,,,,,,,,,,,,,,,,,,0.0,121,77
2026-27,football,Northwest Conference (NWC),nwc,Linfield,"Nowlin,Max",Max,Nowlin,,1179,"Nowlin,Max","NOWLIN,MAX",Linfield,LIN,1262-11624,1,0,16,6Q,0,QB,0,0,,,,,,,,,,,,,,,,,,,,,,,,,,,,,,,,,,,,,,,,,,,,,,,,,,,,,,,,,,,,,,,,,,,,,,,,,,,,,,,,,,,,,,,,,,,,,,,,,,,,,,,,,,,,,,,,,,,,,,,,,,,,,,,,0.0,122,76
2026-27,football,Northwest Conference (NWC),nwc,Willamette,"Orozco,Jake",Jake,Orozco,,785,"Orozco,Jake","OROZCO,JAKE",Willamette,WIL,0,1,0,58,58,0,OL,0,0,,,,,,,,,,,,,,,,,,,,,,,,,,,,,,,,,,,,,,,,,,,,,,,,,,,,,,,,,,,,,,,,,,,,,,,,,,,,,,,,,,,,,,,,,,,,,,,,,,,,,,,,,,,,,,,,,,,,,,,,,,,,,,,,0.0,123,76
2026-27,football,Northwest Conference (NWC),nwc,Lewis & Clark,"Packer,Ramses",Ramses,Packer,,22235,"Packer,Ramses","PACKER,RAMSES",Lewis & Clark,L&C,1261-2501,1,1,71,71,0,OL,0,0,,,,,,,,,,,,,,,,,,,,,,,,,,,,,,,,,,,,,,,,,,,,,,,,,,,,,,,,,,,,,,,,,,,,,,,,,,,,,,,,,,,,,,,,,,,,,,,,,,,,,,,,,,,,,,,,,,,,,,,,,,,,,,,,0.0,124,76
2026-27,football,Northwest Conference (NWC),nwc,Pacific Lutheran,"Peralta,JP",JP,Peralta,,1297,"Peralta,JP","PERALTA,JP",Pacific Lutheran ,PLU,1266-3776,1,1,55,5P,0,OL,0,0,,,,,,,,,,,,,,,,,,,,,,,,,,,,,,,,,,,,,,,,,,,,,,,,,,,,,,,,,,,,,,,,,,,,,,,,,,,,,,,,,,,,,,,,,,,,,,,,,,,,,,,,,,,,,,,,,,,,,,,,,,,,,,,,0.0,125,76
2026-27,football,Northwest Conference (NWC),nwc,Pacific Lutheran,"Pola,Cross",Cross,Pola,,1297,"Pola,Cross","POLA,CROSS",Pacific Lutheran ,PLU,1266-3031,1,0,8,8D,0,0,DB,0,,,,,,,,,,,,,,,,,,,,,,,,,,,,,,,,,,,,,,,,,,,,,,,,,,,,,,,,,,,,,,,,,,,,,,,,,,,,,,,,,,,,,,,,,,,,,,,,,,,,,,,,,,,,,,,,,,,,,,,,,,,,,,,,0.0,126,76
2026-27,football,Northwest Conference (NWC),nwc,Lewis & Clark,"Rajbhandari,Avi",Avi,Rajbhandari,,22235,"Rajbhandari,Avi","RAJBHANDARI,AVI",Lewis & Clark,L&C,1261-2787,1,0,94,94,0,0,0,0,,,,,,,,,,,,,,,,,,,,,,,,,,,,,,,,,,,,,,,,,,,,,,,,,,,,,,,,,,,,,,,,,,,,,,,,,,,,,,,,,,,,,,,,,,,,,,,,,,,,,,3,160,0,0,53.3,,,,,,,,,,,,,,,,,,,,,,0.0,127,76
2026-27,football,Northwest Conference (NWC),nwc,Linfield,"Relling,Dawson",Dawson,Relling,,1179,"Relling,Dawson","RELLING,DAWSON",Linfield,LIN,1262-11652,1,1,56,59,0,OT,0,0,,,,,,,,,,,,,,,,,,,,,,,,,,,,,,,,,,,,,,,,,,,,,,,,,,,,,,,,,,,,,,,,,,,,,,,,,,,,,,,,,,,,,,,,,,,,,,,,,,,,,,,,,,,,,,,,,,,,,,,,,,,,,,,,0.0,128,75
2026-27,football,Northwest Conference (NWC),nwc,Pacific Lutheran,"Rhinelander,Caleb",Caleb,Rhinelander,,1297,"Rhinelander,Caleb","RHINELANDER,CALEB",Pacific Lutheran ,PLU,1266-3779,1,1,64,64,0,OL,0,0,,,,,,,,,,,,,,,,,,,,,,,,,,,,,,,,,,,,,,,,,,,,,,,,,,,,,,,,,,,,,,,,,,,,,,,,,,,,,,,,,,,,,,,,,,,,,,,,,,,,,,,,,,,,,,,,,,,,,,,,,,,,,,,,0.0,129,75
2026-27,football,Northwest Conference (NWC),nwc,Lewis & Clark,"Rivera,Daniel",Daniel,Rivera,,22235,"Rivera,Daniel","RIVERA,DANIEL",Lewis & Clark,L&C,1261-2785,1,0,47,47,0,0,0,0,,,,,,,,,,,,,,,,,,,,,,,,,,,,,,,,,,,,,,,,,,,,,,,,,,,,,,,,,,,,,,,,,,,,,,,,,,,,,,,,,,,,,,,,,,,,,,,,,,,,,,,,,,,,,,,,,,,,,,,,,,,,,,,,0.0,130,75
2026-27,football,Northwest Conference (NWC),nwc,Puget Sound,"Robison,Zac",Zac,Robison,,557,"Robison,Zac","ROBISON,ZAC",Puget Sound,UPS,0,1,1,21,21,0,0,DB,0,,,,,,,,,,,,,,,,,,,,,,,,,,,,,,,,,,,,,,,,,,,,,,,,,,,,,,,,,,,,,,,,,,,,,,,,,,,,,,,,,,,,,,,,,,,,,,,,,,,,,,,,,,,,,,,,,,,,,,,,,,,,,,,,0.0,131,75
2026-27,football,Northwest Conference (NWC),nwc,Pacific Lutheran,"Saleumsay,Kaidyn",Kaidyn,Saleumsay,,1297,"Saleumsay,Kaidyn","SALEUMSAY,KAIDYN",Pacific Lutheran ,PLU,1266-4915,1,0,6,6D,0,0,LB,0,,,,,,,,,,,,,,,,,,,,,,,,,,,,,,,,,,,,,,,,,,,,,,,,,,,,,,,,,,,,,,,,,,,,,,,,,,,,,,,,,,,,,,,,,,,,,,,,,,,,,,,,,,,,,,,,,,,,,,,,,,,,,,,,0.0,132,75
2026-27,football,Northwest Conference (NWC),nwc,Pacific Lutheran,"Santi,Preston",Preston,Santi,,1297,"Santi,Preston","SANTI,PRESTON",Pacific Lutheran ,PLU,1266-4233,1,0,8,8,0,WR,0,0,,,,,,,,,,,,,,,,,,,,,,,,,,,,,,,,,,,,,,,,,,,,,,,,,,,,,,,,,,,,,,,,,,,,,,,,,,,,,,,,,,,,,,,,,,,,,,,,,,,,,,,,,,,,,,,,,,,,,,,,,,,,,,,,0.0,133,75
2026-27,football,Northwest Conference (NWC),nwc,Lewis & Clark,"Sheffler,Ty",Ty,Sheffler,,22235,"Sheffler,Ty","SHEFFLER,TY",Lewis & Clark,L&C,1261-2346,1,1,76,76,0,OL,0,0,,,,,,,,,,,,,,,,,,,,,,,,,,,,,,,,,,,,,,,,,,,,,,,,,,,,,,,,,,,,,,,,,,,,,,,,,,,,,,,,,,,,,,,,,,,,,,,,,,,,,,,,,,,,,,,,,,,,,,,,,,,,,,,,0.0,134,74
2026-27,football,Northwest Conference (NWC),nwc,Pacific Lutheran,"Swan,Shane",Shane,Swan,,1297,"Swan,Shane","SWAN,SHANE",Pacific Lutheran ,PLU,1266-4853,1,1,62,62,0,OL,0,0,,,,,,,,,,,,,,,,,,,,,,,,,,,,,,,,,,,,,,,,,,,,,,,,,,,,,,,,,,,,,,,,,,,,,,,,,,,,,,,,,,,,,,,,,,,,,,,,,,,,,,,,,,,,,,,,,,,,,,,,,,,,,,,,0.0,135,74
2026-27,football,Northwest Conference (NWC),nwc,Puget Sound,"Tasaka,Rees",Rees,Tasaka,,557,"Tasaka,Rees","TASAKA,REES",Puget Sound,UPS,0,1,0,37,37,0,0,0,0,,,,,,,,,,,,,,,,,,,,,,,,,,,,,,,,,,,,,,,,,,,,,,,,,,,,,,,,,,,,,,,,,,,,,,,,,,,,,,,,,,,,,,,,,,,,,,,,,,,,,,,,,,,,,,,,,,,,,,,,,,,,,,,,0.0,136,74
2026-27,football,Northwest Conference (NWC),nwc,Pacific Lutheran,"Thelen,Drew",Drew,Thelen,,1297,"Thelen,Drew","THELEN,DREW",Pacific Lutheran ,PLU,1266-3016,1,0,53,53,0,0,DL,0,,,,,,,,,,,,,,,,,,,,,,,,,,,,,,,,,,,,,,,,,,,,,,,,,,,,,,,,,,,,,,,,,,,,,,,,,,,,,,,,,,,,,,,,,,,,,,,,,,,,,,,,,,,,,,,,,,,,,,,,,,,,,,,,0.0,137,74
2026-27,football,Northwest Conference (NWC),nwc,George Fox,"Tolentino,Dreylen",Dreylen,Tolentino,,1094,"Tolentino,Dreylen","TOLENTINO,DREYLEN",George Fox ,GFU,1260-2834,1,1,4,4,0,WR,0,0,,,,,,,,,,,,,,,,,,,,,,,,,,,,,,,,,,,,,,,,,,,,,,,,,,,,,,,,,,,,,,,,,,,,,,,,,,,,,,,,,,,,,,,,,,,,,,,,,,,,,,,,,,,,,,,,,,,,,,,,,,,,,,,,0.0,138,74
2026-27,football,Northwest Conference (NWC),nwc,Pacific Lutheran,"Toomer Jr.,Anthony",Anthony,Toomer Jr.,,1297,"Toomer Jr.,Anthony","TOOMER JR.,ANTHONY",Pacific Lutheran ,PLU,1266-5045,1,0,11,11,0,0,DB,0,,,,,,,,,,,,,,,,,,,,,,,,,,,,,,,,,,,,,,,,,,,,,,,,,,,,,,,,,,,,,,,,,,,,,,,,,,,,,,,,,,,,,,,,,,,,,,,,,,,,,,,,,,,,,,,,,,,,,,,,,,,,,,,,0.0,139,74
2026-27,football,Northwest Conference (NWC),nwc,George Fox,"Turnbaugh,Mason",Mason,Turnbaugh,,1094,"Turnbaugh,Mason","TURNBAUGH,MASON",George Fox ,GFU,1260-3428,1,0,85,85,0,0,DE,0,,,,,,,,,,,,,,,,,,,,,,,,,,,,,,,,,,,,,,,,,,,,,,,,,,,,,,,,,,,,,,,,,,,,,,,,,,,,,,,,,,,,,,,,,,,,,,,,,,,,,,,,,,,,,,,,,,,,,,,,,,,,,,,,0.0,140,73
2026-27,football,Northwest Conference (NWC),nwc,Pacific Lutheran,"Victor,Illjay",Illjay,Victor,,1297,"Victor,Illjay","VICTOR,ILLJAY",Pacific Lutheran ,PLU,1266-5064,1,0,22,2V,0,0,DB,0,,,,,,,,,,,,,,,,,,,,,,,,,,,,,,,,,,,,,,,,,,,,,,,,,,,,,,,,,,,,,,,,,,,,,,,,,,,,,,,,,,,,,,,,,,,,,,,,,,,,,,,,,,,,,,,,,,,,,,,,,,,,,,,,0.0,141,73
2026-27,football,Northwest Conference (NWC),nwc,Linfield,"Wallace,Jake",Jake,Wallace,,1179,"Wallace,Jake","WALLACE,JAKE",Linfield,LIN,1262-11159,1,1,88,88,0,TE,0,0,,,,,,,,,,,,,,,,,,,,,,,,,,,,,,,,,,,,,,,,,,,,,,,,,,,,,,,,,,,,,,,,,,,,,,,,,,,,,,,,,,,,,,,,,,,,,,,,,,,,,,,,,,,,,,,,,,,,,,,,,,,,,,,,0.0,142,73
2026-27,football,Northwest Conference (NWC),nwc,Puget Sound,"Wani,Daniel",Daniel,Wani,,557,"Wani,Daniel","WANI,DANIEL",Puget Sound,UPS,0,1,1,50,50,0,OL,0,0,,,,,,,,,,,,,,,,,,,,,,,,,,,,,,,,,,,,,,,,,,,,,,,,,,,,,,,,,,,,,,,,,,,,,,,,,,,,,,,,,,,,,,,,,,,,,,,,,,,,,,,,,,,,,,,,,,,,,,,,,,,,,,,,0.0,143,73
2026-27,football,Northwest Conference (NWC),nwc,George Fox,"Williamson,Gabe",Gabe,Williamson,,1094,"Williamson,Gabe","WILLIAMSON,GABE",George Fox ,GFU,1260-3426,1,0,28,28,0,RB,0,0,,,,,,,,,,,,,,,,,,,,,,,,,,,,,,,,,,,,,,,,,,,,,,,,,,,,,,,,,,,,,,,,,,,,,,,,,,,,,,,,,,,,,,,,,,,,,,,,,,,,,,,,,,,,,,,,,,,,,,,,,,,,,,,,0.0,144,73
2026-27,football,Northwest Conference (NWC),nwc,Pacific Lutheran,"Willingham,Tyger",Tyger,Willingham,,1297,"Willingham,Tyger","WILLINGHAM,TYGER",Pacific Lutheran ,PLU,1266-3142,1,0,20,2G,0,0,S,0,,,,,,,,,,,,,,,,,,,,,,,,,,,,,,,,,,,,,,,,,,,,,,,,,,,,,,,,,,,,,,,,,,,,,,,,,,,,,,,,,,,,,,,,,,,,,,,,,,,,,,,,,,,,,,,,,,,,,,,,,,,,,,,,0.0,145,73
2026-27,football,Northwest Conference (NWC),nwc,Lewis & Clark,"Wong,Cody",Cody,Wong,,22235,"Wong,Cody","WONG,CODY",Lewis & Clark,L&C,1261-2500,1,1,62,62,0,OL,0,0,,,,,,,,,,,,,,,,,,,,,,,,,,,,,,,,,,,,,,,,,,,,,,,,,,,,,,,,,,,,,,,,,,,,,,,,,,,,,,,,,,,,,,,,,,,,,,,,,,,,,,,,,,,,,,,,,,,,,,,,,,,,,,,,0.0,146,72
2026-27,football,Northwest Conference (NWC),nwc,Lewis & Clark,"Yankosky,Joseph",Joseph,Yankosky,,22235,"Yankosky,Joseph","YANKOSKY,JOSEPH",Lewis & Clark,L&C,1261-2667,1,0,98,98,0,0,0,0,,,,,,,,,,,,,,,,,,,,,,,,,,,,,,,,,,,,,,,,,,,,,,,,,,,,,,,,,,,,,,,,,,,,,,,,,,,,,,,,,,,,,,,,,,,,,,,,,,,,,,4,190,0,0,47.5,,,,,,,,,,,,,,,,,,,,,,0.0,147,72
2026-27,football,Northwest Conference (NWC),nwc,Puget Sound,"Damasiewicz,Peyton",Peyton,Damasiewicz,,557,"Damasiewicz,Peyton","DAMASIEWICZ,PEYTON",Puget Sound,UPS,0,1,0,7,7A,0,0,LB,0,,,,,,,,0,2,3,5,5,.0,.0,.0,0,0,0,0,0,0,0,0,0,1,0,0,0,0,0,0,,,,,,,,,,,,,,,,,,,,,,,,,,,,,,,,,,,,,,,,,,,,,,,,,,,,,,,,,,,,,,,,,,,,,,,,,,,,,,,,,,,,,,,,,,,,,,,,,-0.011166499137192615,148,72
2026-27,football,Northwest Conference (NWC),nwc,Lewis & Clark,"Strozyk,Cody",Cody,Strozyk,,22235,"Strozyk,Cody","STROZYK,CODY",Lewis & Clark,L&C,1261-2643,1,0,32,32,0,0,DL,0,,,,,,,,0,2,3,5,5,.0,.0,.0,0,0,0,0,0,0,0,0,0,0,0,0,0,0,0,0,,,,,,,,,,,,,,,,,,,,,,,,,,,,,,,,,,,,,,,,,,,,,,,,,,,,,,,,,,,,,,,,,,,,,,,,,,,,,,,,,,,,,,,,,,,,,,,,,-0.011166499137192615,149,72
2026-27,football,Northwest Conference (NWC),nwc,George Fox,"Cabezudo,Vincent",Vincent,Cabezudo,,1094,"Cabezudo,Vincent","CABEZUDO,VINCENT",George Fox ,GFU,1260-2754,1,0,1,1D,0,0,DB,0,,,,,,,,,,,,,,,,,,,,,,,,,,,,,,,,,,,,,,,,,,,,,,,,,,,,,,,,,,,,,,,,,,,,,,,,,,,,,,,,,,,3,10,0,10,3.3,,,,,,,,,,,,,,,,,,,,,,,,,,,,,,,,,,,,,,,,,-0.048903008389015686,150,72
2026-27,football,Northwest Conference (NWC),nwc,Willamette,"Gianni,Nicholas",Nicholas,Gianni,,785,"Gianni,Nicholas","GIANNI,NICHOLAS",Willamette,WIL,0,1,0,35,35,0,0,CB,0,,,,,,,,0,0,0,0,0,.0,.0,.0,0,0,0,0,0,0,0,0,0,0,0,0,0,0,0,0,,,,,,,,,,,,,,,,,,,,,,2,56,1,42,28.0,,0,1,0,0,0,0,0,0,0,6,6,6,,,,,,,,,,,,,,,,,,,,,,,,,,,,,,,,,,,,,,,,,,,,,,,,,,,,,,,,,,-0.11154080237984401,151,72
2026-27,football,Northwest Conference (NWC),nwc,Willamette,"Rodriguez,Javi",Javi,Rodriguez,,785,"Rodriguez,Javi","RODRIGUEZ,JAVI",Willamette,WIL,0,1,0,34,34,0,0,LB,0,,,,,,,,0,2,1,3,3,.5,.0,.0,0,1,0,0,0,0,0,0,0,0,0,0,0,0,0,0,,,,,,,,,,,,,,,,,,,,,,,,,,,,,,,,,,,,,,,,,,,,,,,,,,,,,,,,,,,,,,,,,,,,,,,,,,,,,,,,,,,,,,,,,,,,,,,,,-0.12735266352792954,152,71
2026-27,football,Northwest Conference (NWC),nwc,Lewis & Clark,"Moss,Jayden",Jayden,Moss,,22235,"Moss,Jayden","MOSS,JAYDEN",Lewis & Clark,L&C,1261-2808,1,0,10,1T,0,WR,0,0,,,,,,,,,,,,,,,,,,,,,,,,,,,,,,,,,,,,,,,,,,,,,,,,,,,,,,,,,,,,,,,,,,,,,,,,,,,,,,,,,,,1,6,0,6,6.0,,,,,,,,,,,,,,,,,,,,,,,,,,,,,,,,,,,,,,,,,-0.1294491398532768,153,71
2026-27,football,Northwest Conference (NWC),nwc,George Fox,"Frey,Kaelan",Kaelan,Frey,,1094,"Frey,Kaelan","FREY,KAELAN",George Fox ,GFU,1260-2768,1,1,88,88,0,WR,0,0,,,,,,,,,,,,,,,,,,,,,,,,,,,,,,,,,,,,,,,,,,,,,,,,,,,,,4,44,0,20,11.0,,,,,,,,,,,,,,,,,,,,,,,,,,,,,,,,,,,,,,,,,,,,,,,,,,,,,,,,,,,,,,,,,,,,,,,-0.20363641938033453,154,71
2026-27,football,Northwest Conference (NWC),nwc,Lewis & Clark,"Maehara,Mateo",Mateo,Maehara,,22235,"Maehara,Mateo","MAEHARA,MATEO",Lewis & Clark,L&C,1261-2317,1,1,5,5K,0,WR,0,0,,,,,,,,,,,,,,,,,,,,,,,,,,,,,,,,,,,,,,,,,,,,,,,,,,,,,4,42,0,17,10.5,,,,,,,,,,,,,,,,,,,,,,,,,,,,,,,,,,,,,,,,,,,,,,,,,,,,,,,,,,,,,,,,,,,,,,,-0.24849657779994758,155,71
2026-27,football,Northwest Conference (NWC),nwc,Pacific Lutheran,"Tracy,Sam",Sam,Tracy,,1297,"Tracy,Sam","TRACY,SAM",Pacific Lutheran ,PLU,1266-4921,1,1,9,9,0,WR,0,0,,,,,,,,,,,,,,,,,,,,,,,,,,,,,,,,,,,,,,,,,,,,,,,,,,,,,5,42,0,26,8.4,,,,,,,,,,,,,,,,,,,,,,,,,,,,,,,,,,,,,,,,,,,,,,,,,,,,,,,,,,,,,,,,,,,,,,,-0.24849657779994758,156,71
2026-27,football,Northwest Conference (NWC),nwc,Linfield,"O'Dell,Andrew",Andrew,O'Dell,,1179,"O'Dell,Andrew","O'DELL,ANDREW",Linfield,LIN,1262-11408,1,0,46,,0,0,0,0,,,,,,,,0,0,0,0,0,.0,.0,.0,0,0,0,0,0,0,0,0,0,0,0,0,0,0,0,0,,,,,,,,,,,,,,,,,,,,,,,,,,,,5,0,2,0,0,0,0,0,0,11,11,11,,,,,,,,,,,,,,,,,,,,,,,,,,,,,,,,10,644,0,5,64.4,2,2,37,0,100.0,5,5,0,0,0,0,0,0,0,0,0,0,,,,,-0.29009266916108495,157,71
2026-27,football,Northwest Conference (NWC),nwc,Puget Sound,"James,Josiah",Josiah,James,,557,"James,Josiah","JAMES,JOSIAH",Puget Sound,UPS,0,1,1,80,80,0,WR,0,0,,,,,,,,0,0,0,0,0,.0,.0,.0,0,0,0,0,0,0,0,0,0,0,0,0,0,0,0,0,,,,,,,,,,,,,,,,,,,,1,0,5,95,0,39,19.0,,,,,,,,,,,,,,,,,,,,,,,,,,,,,,,,,,,,,,,,,,,,,,,,,,,,,,,,,,,,,,,,,,,,,,,-0.29703596901464446,158,70
2026-27,football,Northwest Conference (NWC),nwc,Lewis & Clark,"Chavez,JT",JT,Chavez,,22235,"Chavez,JT","CHAVEZ,JT",Lewis & Clark,L&C,1261-2341,1,1,91,91,0,0,DL,0,,,,,,,,0,2,2,4,4,.0,.0,.0,0,0,0,0,0,0,0,0,0,0,0,0,0,0,0,0,,,,,,,,,,,,,,,,,,,,,,,,,,,,,,,,,,,,,,,,,,,,,,,,,,,,,,,,,,,,,,,,,,,,,,,,,,,,,,,,,,,,,,,,,,,,,,,,,-0.30538971203230636,159,70
2026-27,football,Northwest Conference (NWC),nwc,Linfield,"Kaio,Jaydon",Jaydon,Kaio,,1179,"Kaio,Jaydon","KAIO,JAYDON",Linfield,LIN,1262-11643,1,1,41,41,0,0,DE,0,,,,,,,,0,2,2,4,4,.0,.0,.0,0,0,0,0,0,0,0,0,1,0,0,0,0,0,0,0,,,,,,,,,,,,,,,,,,,,,,,,,,,,,,,,,,,,,,,,,,,,,,,,,,,,,,,,,,,,,,,,,,,,,,,,,,,,,,,,,,,,,,,,,,,,,,,,,-0.30538971203230636,160,70
2026-27,football,Northwest Conference (NWC),nwc,Puget Sound,"London-Sadler,Jonathan",Jonathan,London-Sadler,,557,"London-Sadler,Jonathan","LONDON-SADLER,JONATHAN",Puget Sound,UPS,0,1,1,57,57,0,0,DL,0,,,,,,,,0,2,2,4,4,.0,.0,.0,0,0,0,0,0,0,0,0,0,1,0,0,0,0,0,0,,,,,,,,,,,,,,,,,,,,,,,,,,,,,,,,,,,,,,,,,,,,,,,,,,,,,,,,,,,,,,,,,,,,,,,,,,,,,,,,,,,,,,,,,,,,,,,,,-0.30538971203230636,161,70
2026-27,football,Northwest Conference (NWC),nwc,Lewis & Clark,"Murrin,Charlie",Charlie,Murrin,,22235,"Murrin,Charlie","MURRIN,CHARLIE",Lewis & Clark,L&C,1261-2325,1,1,28,28,0,0,LB,0,,,,,,,,0,3,1,4,4,.0,.0,.0,0,0,0,0,0,0,0,0,0,0,0,0,0,0,0,0,,,,,,,,,,,,,,,,,,,,,,,,,,,,,,,,,,,,,,,,,,,,,,,,,,,,,,,,,,,,,,,,,,,,,,,,,,,,,,,,,,,,,,,,,,,,,,,,,-0.30538971203230636,162,70
2026-27,football,Northwest Conference (NWC),nwc,Pacific Lutheran,"Young,Kyson",Kyson,Young,,1297,"Young,Kyson","YOUNG,KYSON",Pacific Lutheran ,PLU,1266-4234,1,0,92,92,0,0,DT,0,,,,,,,,0,1,3,4,4,.0,.0,.0,0,0,0,0,0,0,0,0,0,1,0,0,0,0,0,0,,,,,,,,,,,,,,,,,,,,,,,,,,,,,,,,,,,,,,,,,,,,,,,,,,,,,,,,,,,,,,,,,,,,,,,,,,,,,,,,,,,,,,,,,,,,,,,,,-0.30538971203230636,163,70
2026-27,football,Northwest Conference (NWC),nwc,Puget Sound,"Whitfield,Dillon",Dillon,Whitfield,,557,"Whitfield,Dillon","WHITFIELD,DILLON",Puget Sound,UPS,0,1,1,88,88,0,WR,0,0,,,,,,,,,,,,,,,,,,,,,,,,,,,,,,,,,,,,,,,,,,,,,,,,,,,,,4,37,0,17,9.3,,,,,,,,,,,,,,,,,,,,,,,,,,,,,,,,,,,,,,,,,,,,,,,,,,,,,,,,,,,,,,,,,,,,,,,-0.36064697384898026,164,69
2026-27,football,Northwest Conference (NWC),nwc,Willamette,"Frick,Kyle",Kyle,Frick,,785,"Frick,Kyle","FRICK,KYLE",Willamette,WIL,0,1,0,43,43,0,0,0,0,,,,,,,,,,,,,,,,,,,,,,,,,,,,,,,,,,,,,,,,,,,,,,,,,,,,,,,,,,,,,,,,,,,,,,,,,,,,,,,,,,,,,,,,,,,,,4,115,44,0,0,0,0,0,28.8,,,,,,,,,,,,,,,,,,,,,,,,,,,-0.40409745272867015,165,69
2026-27,football,Northwest Conference (NWC),nwc,Pacific Lutheran,"Meade,Connor",Connor,Meade,,1297,"Meade,Connor","MEADE,CONNOR",Pacific Lutheran ,PLU,1266-3189,1,1,4,4,0,WR,0,0,,,,,,,,0,0,0,0,0,.0,.0,.0,0,0,0,0,0,0,0,0,0,0,0,0,0,0,0,0,,,,,,,1,8,8,0,0,8,8.0,8.0,1,35,0,35,35.0,1,0,7,80,1,22,11.4,,0,1,0,0,0,0,0,0,0,6,6,6,,,,,,,,,,,,,1,-3,0,0,-3.0,,,,,,,,,,,,,,,,,,,,,,,,,,,,,,,,,,,,,,,,,-0.43413814336728385,166,69
2026-27,football,Northwest Conference (NWC),nwc,Pacific Lutheran,"Samia,Marcus",Marcus,Samia,,1297,"Samia,Marcus","SAMIA,MARCUS",Pacific Lutheran ,PLU,1266-3772,1,0,1,1,0,RB,0,0,,,,,,,,,,,,,,,,,,,,,,,,,,,,,,,,,,,,,,,,,,,,,,1,7,0,7,7.0,,,,,,,,,,,,,,,,,,,,,,,,,,,,,,,,,,,,,,,,,,,,,,,,,,,,,,,,,,,,,,,,,,,,,,,,,,,,,,-0.4892964116518783,167,69
2026-27,football,Northwest Conference (NWC),nwc,Lewis & Clark,"Walker,Julius",Julius,Walker,,22235,"Walker,Julius","WALKER,JULIUS",Lewis & Clark,L&C,1261-2349,1,1,8,8Q,0,TE,0,0,,,,,,,,,,,,,,,,,,,,,,,,,,,,,,,,,,,,,,,,,,,,,,,,,,,,,2,31,0,16,15.5,,,,,,,,,,,,,,,,,,,,,,,,,,,,,,,,,,,,,,,,,,,,,,,,,,,,,,,,,,,,,,,,,,,,,,,-0.49522744910781946,168,69
2026-27,football,Northwest Conference (NWC),nwc,Lewis & Clark,"Quartaroli,Enzo",Enzo,Quartaroli,,22235,"Quartaroli,Enzo","QUARTAROLI,ENZO",Lewis & Clark,L&C,1261-2489,1,0,21,21,0,0,DB,0,,,,,,,,0,0,0,0,0,.0,.0,.0,0,0,0,0,0,0,0,1,0,0,0,0,0,0,0,1,,,,,,,,,,,,,,,,,,,,,,,,,,,,,,,,,,,,,,,,,,,,,,,,,,,,,,,,,,,,,,,,,,,,,,,,,,,,,,,,,,,,,,,,,,,,,,,,,-0.5045271818366346,169,69
2026-27,football,Northwest Conference (NWC),nwc,Linfield,"Swygard,Jace",Jace,Swygard,,1179,"Swygard,Jace","SWYGARD,JACE",Linfield,LIN,1262-11180,1,0,87,87,0,TE,0,0,,,,,,,,0,0,0,0,0,.0,.0,.0,0,0,0,0,0,0,0,0,0,0,0,0,0,0,0,0,,,,,,,0,0,0,0,1,0,.0,.0,,,,,,,,2,12,1,8,6.0,,0,2,0,0,0,0,0,0,0,12,12,12,,,,,,,,,,,,,,,,,,,,,,,,,,,,,,,,,,,,,,,,,,,,,,,,,,,,,,,,,,-0.5747685561325024,170,68
2026-27,football,Northwest Conference (NWC),nwc,Puget Sound,"Boehl,Conner",Conner,Boehl,,557,"Boehl,Conner","BOEHL,CONNER",Puget Sound,UPS,0,1,1,11,1I,0,0,DL,0,,,,,,,,0,2,1,3,3,.0,.0,.0,0,0,0,0,0,0,0,0,0,0,0,0,0,0,0,0,,,,,,,,,,,,,,,,,,,,,,,,,,,,,,,,,,,,,,,,,,,,,,,,,,,,,,,,,,,,,,,,,,,,,,,,,,,,,,,,,,,,,,,,,,,,,,,,,-0.59961292492742,171,68
2026-27,football,Northwest Conference (NWC),nwc,George Fox,"Cate,Ethan",Ethan,Cate,,1094,"Cate,Ethan","CATE,ETHAN",George Fox ,GFU,1260-2755,1,0,23,2E,0,0,DB,0,,,,,,,,0,2,1,3,3,.0,.0,.0,0,0,0,0,0,0,0,0,0,0,0,0,0,0,0,0,,,,,,,,,,,,,,,,,,,,,,,,,,,,,,,,,,,,,,,,,,,,,,,,,,,,,,,,,,,,,,,,,,,,,,,,,,,,,,,,,,,,,,,,,,,,,,,,,-0.59961292492742,172,68
2026-27,football,Northwest Conference (NWC),nwc,George Fox,"Franco,Elijah",Elijah,Franco,,1094,"Franco,Elijah","FRANCO,ELIJAH",George Fox ,GFU,1260-3437,1,0,18,1B,0,0,LB,0,,,,,,,,0,2,1,3,3,.0,.0,.0,0,0,0,0,0,0,0,0,0,1,0,0,0,0,0,0,,,,,,,,,,,,,,,,,,,,,,,,,,,,,,,,,,,,,,,,,,,,,,,,,,,,,,,,,,,,,,,,,,,,,,,,,,,,,,,,,,,,,,,,,,,,,,,,,-0.59961292492742,173,68
2026-27,football,Northwest Conference (NWC),nwc,Linfield,"Highberger,Aidan",Aidan,Highberger,,1179,"Highberger,Aidan","HIGHBERGER,AIDAN",Linfield,LIN,1262-11410,1,0,90,90,0,0,DT,0,,,,,,,,0,0,3,3,3,.0,.0,.0,0,0,0,0,0,0,0,0,0,0,0,0,0,0,0,0,,,,,,,,,,,,,,,,,,,,,,,,,,,,,,,,,,,,,,,,,,,,,,,,,,,,,,,,,,,,,,,,,,,,,,,,,,,,,,,,,,,,,,,,,,,,,,,,,-0.59961292492742,174,68
2026-27,football,Northwest Conference (NWC),nwc,Linfield,"Kaio,Iloa",Iloa,Kaio,,1179,"Kaio,Iloa","KAIO,ILOA",Linfield,LIN,1262-11626,1,1,1,1D,0,0,S,0,,,,,,,,0,1,2,3,3,.0,.0,.0,0,0,0,0,0,0,0,0,0,0,0,0,0,0,0,0,,,,,,,,,,,,,,,,,,,,,,,,,,,,,,,,,,,,,,,,,,,,,,,,,,,,,,,,,,,,,,,,,,,,,,,,,,,,,,,,,,,,,,,,,,,,,,,,,-0.59961292492742,175,67
2026-27,football,Northwest Conference (NWC),nwc,Willamette,"Marfil,Jaydon",Jaydon,Marfil,,785,"Marfil,Jaydon","MARFIL,JAYDON",Willamette,WIL,0,1,0,12,12,0,0,LB,0,,,,,,,,0,1,2,3,3,.0,.0,.0,0,0,0,0,0,0,0,0,0,0,0,0,0,0,0,0,,,,,,,,,,,,,,,,,,,,,,,,,,,,,,,,,,,,,,,,,,,,,,,,,,,,,,,,,,,,,,,,,,,,,,,,,,,,,,,,,,,,,,,,,,,,,,,,,-0.59961292492742,176,67
2026-27,football,Northwest Conference (NWC),nwc,George Fox,"Petaia,Mika",Mika,Petaia,,1094,"Petaia,Mika","PETAIA,MIKA",George Fox ,GFU,1260-3717,1,1,42,4Z,0,0,LB,0,,,,,,,,0,2,1,3,3,.0,.0,.0,0,0,0,0,0,0,0,0,0,0,0,0,0,0,0,0,,,,,,,,,,,,,,,,,,,,,,,,,,,,,,,,,,,,,,,,,,,,,,,,,,,,,,,,,,,,,,,,,,,,,,,,,,,,,,,,,,,,,,,,,,,,,,,,,-0.59961292492742,177,67
2026-27,football,Northwest Conference (NWC),nwc,Linfield,"Reink,Hudson",Hudson,Reink,,1179,"Reink,Hudson","REINK,HUDSON",Linfield,LIN,1262-11388,1,1,6,6,0,0,LB,0,,,,,,,,0,1,2,3,3,.0,.0,.0,0,0,0,0,0,0,0,0,0,0,0,0,0,0,0,0,,,,,,,,,,,,,,,,,,,,,,,,,,,,,,,,,,,,,,,,,,,,,,,,,,,,,,,,,,,,,,,,,,,,,,,,,,,,,,,,,,,,,,,,,,,,,,,,,-0.59961292492742,178,67
2026-27,football,Northwest Conference (NWC),nwc,Pacific Lutheran,"Taylor-Wells,Mason",Mason,Taylor-Wells,,1297,"Taylor-Wells,Mason","TAYLOR-WELLS,MASON",Pacific Lutheran ,PLU,1266-3023,1,0,37,37,0,0,LB,0,,,,,,,,0,2,1,3,3,.0,.0,.0,0,0,0,0,0,0,0,0,0,0,0,0,0,0,0,0,,,,,,,,,,,,,,,,,,,,,,,,,,,,,,,,,,,,,,,,,,,,,,,,,,,,,,,,,,,,,,,,,,,,,,,,,,,,,,,,,,,,,,,,,,,,,,,,,-0.59961292492742,179,67
2026-27,football,Northwest Conference (NWC),nwc,George Fox,"Rembisz,Ben",Ben,Rembisz,,1094,"Rembisz,Ben","REMBISZ,BEN",George Fox ,GFU,1260-2811,1,0,40,40,0,0,0,0,,,,,,,,0,0,0,0,0,.0,.0,.0,0,0,0,0,0,0,0,0,0,0,0,0,0,0,0,0,,,,,,,,,,,,,,,,,,,,,,,,,,,,3,0,2,0,0,0,0,0,0,9,9,9,,,,,,,,,,,,,,,,,,,,,,,,,,,,,,,,,,,,,2,3,32,0,66.7,3,3,0,0,0,0,0,0,0,0,0,0,,,,,-0.612638118257524,180,67
2026-27,football,Northwest Conference (NWC),nwc,Willamette,"Ford,Colby",Colby,Ford,,785,"Ford,Colby","FORD,COLBY",Willamette,WIL,0,1,0,18,18,0,RB,0,0,,,,,,,,0,0,0,0,0,.0,.0,.0,0,0,0,0,0,0,0,0,0,0,0,0,0,0,0,0,,,,,,,3,10,10,0,1,4,3.3,10.0,,,,,,,,,,,,,,0,1,0,0,0,0,0,0,0,6,6,6,,,,,,,,,,,,,,,,,,,,,,,,,,,,,,,,,,,,,,,,,,,,,,,,,,,,,,,,,,-0.625898034227657,181,66
2026-27,football,Northwest Conference (NWC),nwc,Linfield,"Meddaugh,Dane",Dane,Meddaugh,,1179,"Meddaugh,Dane","MEDDAUGH,DANE",Linfield,LIN,1262-11143,1,1,2,2,0,WR,0,0,,,,,,,,,,,,,,,,,,,,,,,,,,,,,,,,,,,,,,,,,,,,,,,,,,,,,2,25,0,17,12.5,,,,,,,,,,,,,,,,,,,,,,,,,,,,,,,,,,,,,,,,,,,,,,,,,,,,,,,,,,,,,,,,,,,,,,,-0.6298079243666588,182,66
2026-27,football,Northwest Conference (NWC),nwc,Lewis & Clark,"Kleppin,Jacob",Jacob,Kleppin,,22235,"Kleppin,Jacob","KLEPPIN,JACOB",Lewis & Clark,L&C,1261-2338,1,0,35,35,0,0,LB,0,,,,,,,,0,0,1,1,1,.5,.0,.0,0,1,2,0,0,0,0,0,0,0,0,0,0,0,0,0,,,,,,,,,,,,,,,,,,,,,,,,,,,,,,,,,,,,,,,,,,,,,,,,,,,,,,,,,,,,,,,,,,,,,,,,,,,,,,,,,,,,,,,,,,,,,,,,,-0.7157990893181568,183,66
2026-27,football,Northwest Conference (NWC),nwc,Willamette,"Finlay,Robbie",Robbie,Finlay,,785,"Finlay,Robbie","FINLAY,ROBBIE",Willamette,WIL,0,1,0,1,1,0,WR,0,0,,,,,,,,,,,,,,,,,,,,,,,,,,,,,,,,,,,,,,,,,,,,,,,,,,,,,2,20,0,19,10.0,,,,,,,,,,,,,,,,,,,,,,,,,,,,,,,,,,,,,,,,,,,,,,,,,,,,,,,,,,,,,,,,,,,,,,,-0.7419583204156914,184,66
2026-27,football,Northwest Conference (NWC),nwc,Linfield,"Crenshaw,Brady",Brady,Crenshaw,,1179,"Crenshaw,Brady","CRENSHAW,BRADY",Linfield,LIN,1262-11149,1,1,3,3,0,0,S,0,,,,,,,,0,1,2,3,3,.0,.0,.0,0,0,0,0,0,0,0,0,0,0,0,0,0,0,0,0,,,,,,,,,,,,,,,1,25,0,25,25.0,,,,,,,,,,,,,,,,,,,,,,,,,,,,,,,,,,,,,,,,,,,,,,,,,,,,,,,,,,,,,,,,,,,,,,,,,,,,,,-0.7462114607141697,185,66
2026-27,football,Northwest Conference (NWC),nwc,George Fox,"Chisinga Jr.,Bupe",Bupe,Chisinga Jr.,,1094,"Chisinga Jr.,Bupe","CHISINGA JR.,BUPE",George Fox ,GFU,1260-2754,-2,0,1,1,0,WR,0,0,,,,,,,,,,,,,,,,,,,,,,,,,,,,,,,,,,,,,,2,-2,0,2,0,0,-1.0,1.0,,,,,,,,2,72,0,36,36.0,,,,,,,,,,,,,,,,,,,,,,,,,,,,,,,,,,,,,,,,,,,,,,,,,,,,,,,,,,,,,,,,,,,,,,,-0.7472624530924872,186,66
2026-27,football,Northwest Conference (NWC),nwc,Puget Sound,"Reed,Matt",Matt,Reed,,557,"Reed,Matt","REED,MATT",Puget Sound,UPS,0,1,1,5,5,0,RB,0,0,,,,,,,,,,,,,,,,,,,,,,,,,,,,,,,,,,,,,,11,42,47,5,0,8,3.8,42.0,1,37,0,37,37.0,,,1,3,0,3,3.0,,,,,,,,,,,,,,,,,,,,,,,,,,,,,,,,,,,,,,,,,,,,,,,,,,,,,,,,,,,,,,,,,,,,,,,-0.7492404929915266,187,65
2026-27,football,Northwest Conference (NWC),nwc,Pacific Lutheran,"Budd,Jaxon",Jaxon,Budd,,1297,"Budd,Jaxon","BUDD,JAXON",Pacific Lutheran ,PLU,1266-5066,1,0,7,7X,0,QB,0,0,,,,,,,,,,,,,,,,,,,,,,,,,,,,,,,,,,,,,,1,10,10,0,0,10,10.0,10.0,,,,,,,,,,,,,,,,,,,,,,,,,,,,,,,,,,,,,,,,,,,,,,,,,,,,,,,,,,,,,,,,,,,,,,,,,,,,,,,,,,,-0.772441694099206,188,65
2026-27,football,Northwest Conference (NWC),nwc,George Fox,"Iokia,Sheyden",Sheyden,Iokia,,1094,"Iokia,Sheyden","IOKIA,SHEYDEN",George Fox ,GFU,1260-2792,1,0,32,32,0,TE,0,0,,,,,,,,,,,,,,,,,,,,,,,,,,,,,,,,,,,,,,,,,,,,,,,,,,,,,3,17,0,8,5.7,,,,,,,,,,,,,,,,,,,,,,,,,,,,,,,,,,,,,,,,,,,,,,,,,,,,,,,,,,,,,,,,,,,,,,,-0.809248558045111,189,65
2026-27,football,Northwest Conference (NWC),nwc,Willamette,"Uribe,Masen",Masen,Uribe,,785,"Uribe,Masen","URIBE,MASEN",Willamette,WIL,0,1,0,28,28,0,RB,0,0,,,,,,,,,,,,,,,,,,,,,,,,,,,,,,,,,,,,,,4,8,9,1,0,4,2.0,8.0,,,,,,,,,,,,,,,,,,,,,,,,,,,,,,,,,,,,,,,,,,,,,,,,,,,,,,,,,,,,,,,,,,,,,,,,,,,,,,,,,,,-0.8389794536804609,190,65
2026-27,football,Northwest Conference (NWC),nwc,Puget Sound,"Williams,Kasey",Kasey,Williams,,557,"Williams,Kasey","WILLIAMS,KASEY",Puget Sound,UPS,0,1,1,13,13,0,WR,0,0,,,,,,,,,,,,,,,,,,,,,,,,,,,,,,,,,,,,,,,,,,,,,,,,,,,,,2,15,0,10,7.5,,,,,,,,,,,,,,,,,,,,,,,,,,,,,,,,,,,,,,,,,,,,,,,,,,,,,,,,,,,,,,,,,,,,,,,-0.8541087164647241,191,65
2026-27,football,Northwest Conference (NWC),nwc,Lewis & Clark,"Cruz,Rio",Rio,Cruz,,22235,"Cruz,Rio","CRUZ,RIO",Lewis & Clark,L&C,1261-2627,1,1,18,18,0,WR,0,0,,,,,,,,,,,,,,,,,,,,,,,,,,,,,,,,,,,,,,,,,,,,,,,,,,,,,1,14,0,14,14.0,,,,,,,,,,,,,,,,,,,,,,,,,,,,,,,,,,,,,,,,,,,,,,,,,,,,,,,,,,,,,,,,,,,,,,,-0.8765387956745305,192,65
2026-27,football,Northwest Conference (NWC),nwc,Willamette,"Robinson,Jordan",Jordan,Robinson,,785,"Robinson,Jordan","ROBINSON,JORDAN",Willamette,WIL,0,1,0,2,2,0,WR,0,0,,,,,,,,,,,,,,,,,,,,,,,,,,,,,,,,,,,,,,,,,,,,,,,,,,,,,1,14,0,14,14.0,,,,,,,,,,,,,,,,,,,,,,,,,,,,,,,,,,,,,,,,,,,,,,,,,,,,,,,,,,,,,,,,,,,,,,,-0.8765387956745305,193,64
2026-27,football,Northwest Conference (NWC),nwc,George Fox,"Barrett,Will",Will,Barrett,,1094,"Barrett,Will","BARRETT,WILL",George Fox ,GFU,1260-3691,1,0,53,5E,0,0,DE,0,,,,,,,,0,1,1,2,2,.0,.0,.0,0,0,0,0,0,0,0,0,0,0,0,0,0,0,0,0,,,,,,,,,,,,,,,,,,,,,,,,,,,,,,,,,,,,,,,,,,,,,,,,,,,,,,,,,,,,,,,,,,,,,,,,,,,,,,,,,,,,,,,,,,,,,,,,,-0.8938361378225337,194,64
2026-27,football,Northwest Conference (NWC),nwc,Lewis & Clark,"Chang,Kahiau",Kahiau,Chang,,22235,"Chang,Kahiau","CHANG,KAHIAU",Lewis & Clark,L&C,1261-2177,1,1,95,95,0,0,DL,0,,,,,,,,0,0,2,2,2,.0,.0,.0,0,0,0,0,0,0,0,0,0,0,0,0,0,0,0,0,,,,,,,,,,,,,,,,,,,,,,,,,,,,,,,,,,,,,,,,,,,,,,,,,,,,,,,,,,,,,,,,,,,,,,,,,,,,,,,,,,,,,,,,,,,,,,,,,-0.8938361378225337,195,64
2026-27,football,Northwest Conference (NWC),nwc,Linfield,"Christensen,Lake",Lake,Christensen,,1179,"Christensen,Lake","CHRISTENSEN,LAKE",Linfield,LIN,1262-11648,1,0,15,15,0,0,LB,0,,,,,,,,0,1,1,2,2,.0,.0,.0,0,0,0,0,0,0,0,0,0,0,0,0,0,0,0,0,,,,,,,,,,,,,,,,,,,,,,,,,,,,,,,,,,,,,,,,,,,,,,,,,,,,,,,,,,,,,,,,,,,,,,,,,,,,,,,,,,,,,,,,,,,,,,,,,-0.8938361378225337,196,64
2026-27,football,Northwest Conference (NWC),nwc,Puget Sound,"Eliu,Chaesten",Chaesten,Eliu,,557,"Eliu,Chaesten","ELIU,CHAESTEN",Puget Sound,UPS,0,1,0,94,94,0,0,DL,0,,,,,,,,0,1,1,2,2,.0,.0,.0,0,0,0,0,0,0,0,0,0,0,0,0,0,0,0,0,,,,,,,,,,,,,,,,,,,,,,,,,,,,,,,,,,,,,,,,,,,,,,,,,,,,,,,,,,,,,,,,,,,,,,,,,,,,,,,,,,,,,,,,,,,,,,,,,-0.8938361378225337,197,64
2026-27,football,Northwest Conference (NWC),nwc,Pacific Lutheran,"Frank,Will",Will,Frank,,1297,"Frank,Will","FRANK,WILL",Pacific Lutheran ,PLU,1266-3482,1,1,26,2W,0,0,CB,0,,,,,,,,0,1,1,2,2,.0,.0,.0,0,0,0,0,0,0,0,0,0,0,0,0,0,0,0,0,,,,,,,,,,,,,,,,,,,,,,,,,,,,,,,,,,,,,,,,,,,,,,,,,,,,,,,,,,,,,,,,,,,,,,,,,,,,,,,,,,,,,,,,,,,,,,,,,-0.8938361378225337,198,64
2026-27,football,Northwest Conference (NWC),nwc,Pacific Lutheran,"Leapaga,Maka",Maka,Leapaga,,1297,"Leapaga,Maka","LEAPAGA,MAKA",Pacific Lutheran ,PLU,1266-5112,1,0,19,19,0,0,DB,0,,,,,,,,0,1,1,2,2,.0,.0,.0,0,0,0,0,0,0,0,0,0,0,0,0,0,0,0,0,,,,,,,,,,,,,,,,,,,,,,,,,,,,,,,,,,,,,,,,,,,,,,,,,,,,,,,,,,,,,,,,,,,,,,,,,,,,,,,,,,,,,,,,,,,,,,,,,-0.8938361378225337,199,63
2026-27,football,Northwest Conference (NWC),nwc,George Fox,"Paikuli,Makana",Makana,Paikuli,,1094,"Paikuli,Makana","PAIKULI,MAKANA",George Fox ,GFU,1260-3434,1,1,98,98,0,0,DE,0,,,,,,,,0,2,0,2,2,.0,.0,.0,0,0,0,0,0,0,0,0,0,1,0,0,0,0,0,0,,,,,,,,,,,,,,,,,,,,,,,,,,,,,,,,,,,,,,,,,,,,,,,,,,,,,,,,,,,,,,,,,,,,,,,,,,,,,,,,,,,,,,,,,,,,,,,,,-0.8938361378225337,200,63
2026-27,football,Northwest Conference (NWC),nwc,Puget Sound,"Phifer,Traevon",Traevon,Phifer,,557,"Phifer,Traevon","PHIFER,TRAEVON",Puget Sound,UPS,0,1,1,48,48,0,0,LB,0,,,,,,,,0,1,1,2,2,.0,.0,.0,0,0,0,0,0,0,0,0,0,0,0,0,0,0,0,0,,,,,,,,,,,,,,,,,,,,,,,,,,,,,,,,,,,,,,,,,,,,,,,,,,,,,,,,,,,,,,,,,,,,,,,,,,,,,,,,,,,,,,,,,,,,,,,,,-0.8938361378225337,201,63
2026-27,football,Northwest Conference (NWC),nwc,George Fox,"Raever,Kaden",Kaden,Raever,,1094,"Raever,Kaden","RAEVER,KADEN",George Fox ,GFU,1260-2809,1,1,99,99,0,0,DL,0,,,,,,,,0,2,0,2,2,.0,.0,.0,0,0,0,0,0,0,0,0,0,0,0,0,0,0,0,0,,,,,,,,,,,,,,,,,,,,,,,,,,,,,,,,,,,,,,,,,,,,,,,,,,,,,,,,,,,,,,,,,,,,,,,,,,,,,,,,,,,,,,,,,,,,,,,,,-0.8938361378225337,202,63
2026-27,football,Northwest Conference (NWC),nwc,Willamette,"Schaan,Brycen",Brycen,Schaan,,785,"Schaan,Brycen","SCHAAN,BRYCEN",Willamette,WIL,0,1,0,44,44,0,0,LB,0,,,,,,,,0,2,0,2,2,.0,.0,.0,0,0,0,0,0,0,0,0,0,0,0,0,0,0,0,0,,,,,,,,,,,,,,,,,,,,,,,,,,,,,,,,,,,,,,,,,,,,,,,,,,,,,,,,,,,,,,,,,,,,,,,,,,,,,,,,,,,,,,,,,,,,,,,,,-0.8938361378225337,203,63
2026-27,football,Northwest Conference (NWC),nwc,Puget Sound,"Shankle,Tyler",Tyler,Shankle,,557,"Shankle,Tyler","SHANKLE,TYLER",Puget Sound,UPS,0,1,0,13,1E,0,0,DB,0,,,,,,,,0,1,1,2,2,.0,.0,.0,0,0,0,0,0,0,0,0,0,0,0,0,0,0,0,0,,,,,,,,,,,,,,,,,,,,,,,,,,,,,,,,,,,,,,,,,,,,,,,,,,,,,,,,,,,,,,,,,,,,,,,,,,,,,,,,,,,,,,,,,,,,,,,,,-0.8938361378225337,204,63
2026-27,football,Northwest Conference (NWC),nwc,George Fox,"Tua,Jonah",Jonah,Tua,,1094,"Tua,Jonah","TUA,JONAH",George Fox ,GFU,1260-3729,1,0,25,2S,0,0,DE,0,,,,,,,,0,2,0,2,2,.0,.0,.0,0,0,0,0,0,0,0,0,0,0,0,0,0,0,0,0,,,,,,,,,,,,,,,,,,,,,,,,,,,,,,,,,,,,,,,,,,,,,,,,,,,,,,,,,,,,,,,,,,,,,,,,,,,,,,,,,,,,,,,,,,,,,,,,,-0.8938361378225337,205,62
2026-27,football,Northwest Conference (NWC),nwc,Willamette,"Delgado,Jonjon",Jonjon,Delgado,,785,"Delgado,Jonjon","DELGADO,JONJON",Willamette,WIL,0,1,0,0,0,0,0,DB,0,,,,,,,,0,1,0,1,1,.0,.0,.0,0,0,0,0,0,0,0,0,0,0,0,0,1,21,0,0,,,,,,,,,,,,,,,,,,,,0,0,,,,,,,,,,,,,,,,,,,,,,,,,,,,,,,,,,,,,,,,,,,,,,,,,,,,,,,,,,,,,,,,,,,,,,,,1,21,0,21,-0.9431103764393296,206,62
2026-27,football,Northwest Conference (NWC),nwc,Pacific Lutheran,"Felipe,Ha'aheo",Ha'aheo,Felipe,,1297,"Felipe,Ha'aheo","FELIPE,HA'AHEO",Pacific Lutheran ,PLU,1266-5101,1,0,82,32,0,WR,0,0,,,,,,,,,,,,,,,,,,,,,,,,,,,,,,,,,,,,,,,,,,,,,,,,,,,,,1,11,0,11,11.0,,,,,,,,,,,,,,,,,,,,,,,,,,,,,,,,,,,,,,,,,,,,,,,,,,,,,,,,,,,,,,,,,,,,,,,-0.9438290333039503,207,62
2026-27,football,Northwest Conference (NWC),nwc,Puget Sound,"Dominguez,Dominic",Dominic,Dominguez,,557,"Dominguez,Dominic","DOMINGUEZ,DOMINIC",Puget Sound,UPS,0,1,0,26,26,0,WR,0,0,,,,,,,,,,,,,,,,,,,,,,,,,,,,,,,,,,,,,,,,,,,,,,,,,,,,,1,10,0,10,10.0,,,,,,,,,,,,,,,,,,,,,,,,,,,,,,,,,,,,,,,,,,,,,,,,,,,,,,,,,,,,,,,,,,,,,,,-0.9662591125137567,208,62
2026-27,football,Northwest Conference (NWC),nwc,Linfield,"Bareng,Jayce",Jayce,Bareng,,1179,"Bareng,Jayce","BARENG,JAYCE",Linfield,LIN,1262-11618,1,1,9,9F,0,WR,0,0,,,,,,,,,,,,,,,,,,,,,,,,,,,,,,,,,,,,,,,,,,,,,,,,,,,,,0,0,0,0,.0,,,,,,,,,,,,,,0,0,7,1,7,0,1,1,488.8,7.00,7.00,7.0,2,21,0,16,10.5,,,,,,,,,,,,,,,,,,,,,,,,,,,,,,,,,,,,,,,,,-0.9988304945017557,209,62
2026-27,football,Northwest Conference (NWC),nwc,Linfield,"Pfeifer,Jackson",Jackson,Pfeifer,,1179,"Pfeifer,Jackson","PFEIFER,JACKSON",Linfield,LIN,1262-11151,1,0,1,1,0,RB,0,0,,,,,,,,,,,,,,,,,,,,,,,,,,,,,,,,,,,,,,1,3,3,0,0,3,3.0,3.0,,,,,,,,,,,,,,,,,,,,,,,,,,,,,,,,,,,,,,,,,,,,,,,,,,,,,,,,,,,,,,,,,,,,,,,,,,,,,,,,,,,-1.0053238526335981,210,62
2026-27,football,Northwest Conference (NWC),nwc,Lewis & Clark,"Mercado,Danzel",Danzel,Mercado,,22235,"Mercado,Danzel","MERCADO,DANZEL",Lewis & Clark,L&C,1261-2662,1,0,19,19,0,WR,0,0,,,,,,,,,,,,,,,,,,,,,,,,,,,,,,,,,,,,,,,,,,,,,,,,,,,,,1,8,0,8,8.0,,,,,,,,,,,,,,,,,,,,,,,,,,,,,,,,,,,,,,,,,,,,,,,,,,,,,,,,,,,,,,,,,,,,,,,-1.0111192709333698,211,61
2026-27,football,Northwest Conference (NWC),nwc,Pacific Lutheran,"Harvey,Evan",Evan,Harvey,,1297,"Harvey,Evan","HARVEY,EVAN",Pacific Lutheran ,PLU,1266-4912,1,0,0,0K,0,0,0,0,,,,,,,,0,0,0,0,0,.0,.0,.0,0,0,0,0,0,0,0,0,0,0,0,0,0,0,0,0,,,,,,,,,,,,,,,,,,,,,,,,,,,,4,0,1,0,0,0,0,0,0,7,7,7,,,,,,,,,,,,,,,,,,,,,,,,,,,,,,,,7,343,1,0,49.0,1,1,37,0,100.0,5,4,0,0,0,0,0,0,0,0,0,0,,,,,-1.0249395919960382,212,61
2026-27,football,Northwest Conference (NWC),nwc,George Fox,"McDonald,Declan",Declan,McDonald,,1094,"McDonald,Declan","MCDONALD,DECLAN",George Fox ,GFU,1260-3199,1,0,35,35,0,RB,0,0,,,,,,,,,,,,,,,,,,,,,,,,,,,,,,,,,,,,,,1,1,1,0,0,1,1.0,1.0,,,,,,,,,,,,,,,,,,,,,,,,,,,,,,,,,,,,,,,,,,,,,,,,,,,,,,,,,,,,,,,,,,,,,,,,,,,,,,,,,,,-1.0718616122148532,213,61
2026-27,football,Northwest Conference (NWC),nwc,George Fox,"Lee,Chavis",Chavis,Lee,,1094,"Lee,Chavis","LEE,CHAVIS",George Fox ,GFU,1260-2797,1,0,8,8,0,WR,0,0,,,,,,,,,,,,,,,,,,,,,,,,,,,,,,,,,,,,,,,,,,,,,,,,,,,,,1,5,0,5,5.0,,,,,,,,,,,,,,,,,,,,,,,,,,,,,,,,,,,,,,,,,,,,,,,,,,,,,,,,,,,,,,,,,,,,,,,-1.0784095085627894,214,61
2026-27,football,Northwest Conference (NWC),nwc,Willamette,"Butler,Aidan",Aidan,Butler,,785,"Butler,Aidan","BUTLER,AIDAN",Willamette,WIL,0,1,0,7,7,0,WR,0,0,,,,,,,,0,0,0,0,0,.0,.0,.0,0,0,0,0,0,0,0,0,0,0,0,0,0,0,0,0,,,,,,,,,,,,,,,,,,,,1,0,1,60,0,60,60.0,,,,,,,,,,,,,,,,,,,,,,,,,,,,,,,,,,,,,,,,,,,,,,,,,,,,,,,,,,,,,,,,,,,,,,,-1.0820887413578728,215,61
2026-27,football,Northwest Conference (NWC),nwc,Lewis & Clark,"Case,Austin",Austin,Case,,22235,"Case,Austin","CASE,AUSTIN",Lewis & Clark,L&C,1261-2799,1,0,85,8B,0,WR,0,0,,,,,,,,0,0,0,0,0,.0,.0,.0,0,0,0,0,0,0,0,0,0,0,0,0,0,0,0,0,,,,,,,,,,,,,,,,,,,,1,0,,,,,,,,,,,,,,,,,,,,,,,,,,,,,,,1,20,0,20,20.0,,,,,,,,,,,,,,,,,,,,,,,,,,,,,,,,,,,,,,,,,-1.0848712690628062,216,61
2026-27,football,Northwest Conference (NWC),nwc,Puget Sound,"Wilson,Jonah",Jonah,Wilson,,557,"Wilson,Jonah","WILSON,JONAH",Puget Sound,UPS,0,1,0,24,24,0,0,LB,0,,,,,,,,,,,,,,,,,,,,,,,,,,,,,,,,,,,,,,1,-1,0,1,0,0,-1.0,-1.0,,,,,,,,,,,,,,,,,,,,,,,,,,,,,,,,,,,,,,,,,,,,,,,,,,,,,,,,,,,,,,,,,,,,,,,,,,,,,,,,,,,-1.1383993717961083,217,60
2026-27,football,Northwest Conference (NWC),nwc,Linfield,"Lien,River",River,Lien,,1179,"Lien,River","LIEN,RIVER",Linfield,LIN,1262-11619,1,0,10,1Q,0,QB,0,0,,,,,,,,,,,,,,,,,,,,,,,,,,,,,,,,,,,,,,1,-2,0,2,0,0,-2.0,-2.0,,,,,,,,,,,,,,,,,,,,,,,,,,,,,,,,,,,,,,,,,,,,,,,,,,,,,,,,,,,,,,,,,,,,,,,,,,,,,,,,,,,-1.1716682515867356,218,60
2026-27,football,Northwest Conference (NWC),nwc,Pacific Lutheran,"Anduha,Deegan",Deegan,Anduha,,1297,"Anduha,Deegan","ANDUHA,DEEGAN",Pacific Lutheran ,PLU,1266-5113,1,0,16,16,0,0,DB,0,,,,,,,,0,0,1,1,1,.0,.0,.0,0,0,0,0,0,0,0,0,0,0,0,0,0,0,0,0,,,,,,,,,,,,,,,,,,,,,,,,,,,,,,,,,,,,,,,,,,,,,,,,,,,,,,,,,,,,,,,,,,,,,,,,,,,,,,,,,,,,,,,,,,,,,,,,,-1.1880593507176473,219,60
2026-27,football,Northwest Conference (NWC),nwc,Lewis & Clark,"Antoque,Mana",Mana,Antoque,,22235,"Antoque,Mana","ANTOQUE,MANA",Lewis & Clark,L&C,1261-2803,1,0,14,14,0,0,LB,0,,,,,,,,0,0,1,1,1,.0,.0,.0,0,0,0,0,0,0,0,0,0,0,0,0,0,0,0,0,,,,,,,,,,,,,,,,,,,,,,,,,,,,,,,,,,,,,,,,,,,,,,,,,,,,,,,,,,,,,,,,,,,,,,,,,,,,,,,,,,,,,,,,,,,,,,,,,-1.1880593507176473,220,60
2026-27,football,Northwest Conference (NWC),nwc,George Fox,"Assink,Kuyper",Kuyper,Assink,,1094,"Assink,Kuyper","ASSINK,KUYPER",George Fox ,GFU,1260-3119,1,1,95,9S,0,0,DE,0,,,,,,,,0,1,0,1,1,.0,.0,.0,0,0,0,0,0,0,0,0,0,2,0,0,0,0,0,0,,,,,,,,,,,,,,,,,,,,,,,,,,,,,,,,,,,,,,,,,,,,,,,,,,,,,,,,,,,,,,,,,,,,,,,,,,,,,,,,,,,,,,,,,,,,,,,,,-1.1880593507176473,221,60
2026-27,football,Northwest Conference (NWC),nwc,Linfield,"Bailey,Cougar",Cougar,Bailey,,1179,"Bailey,Cougar","BAILEY,COUGAR",Linfield,LIN,1262-11411,1,0,50,50,0,0,DE,0,,,,,,,,0,1,0,1,1,.0,.0,.0,0,0,0,0,0,0,0,0,0,0,0,0,0,0,0,0,,,,,,,,,,,,,,,,,,,,,,,,,,,,,,,,,,,,,,,,,,,,,,,,,,,,,,,,,,,,,,,,,,,,,,,,,,,,,,,,,,,,,,,,,,,,,,,,,-1.1880593507176473,222,60
2026-27,football,Northwest Conference (NWC),nwc,Pacific Lutheran,"Benson,Madden",Madden,Benson,,1297,"Benson,Madden","BENSON,MADDEN",Pacific Lutheran ,PLU,1266-3457,1,0,25,25,0,0,DB,0,,,,,,,,0,1,0,1,1,.0,.0,.0,0,0,0,0,0,0,0,0,0,0,0,1,0,0,0,0,,,,,,,,,,,,,,,,,,,,,,,,,,,,,,,,,,,,,,,,,,,,,,,,,,,,,,,,,,,,,,,,,,,,,,,,,,,,,,,,,,,,,,,,,,,,,,,,,-1.1880593507176473,223,59
2026-27,football,Northwest Conference (NWC),nwc,George Fox,"Boyea,Justin",Justin,Boyea,,1094,"Boyea,Justin","BOYEA,JUSTIN",George Fox ,GFU,1260-3126,1,0,47,47,0,0,DL,0,,,,,,,,0,1,0,1,1,.0,.0,.0,0,0,0,0,0,0,0,0,0,0,0,0,0,0,0,0,,,,,,,,,,,,,,,,,,,,,,,,,,,,,,,,,,,,,,,,,,,,,,,,,,,,,,,,,,,,,,,,,,,,,,,,,,,,,,,,,,,,,,,,,,,,,,,,,-1.1880593507176473,224,59
2026-27,football,Northwest Conference (NWC),nwc,Pacific Lutheran,"Charrier,Andrew",Andrew,Charrier,,1297,"Charrier,Andrew","CHARRIER,ANDREW",Pacific Lutheran ,PLU,1266-4923,1,0,9,9Q,0,0,DB,0,,,,,,,,0,1,0,1,1,.0,.0,.0,0,0,0,0,0,0,0,0,0,0,0,0,0,0,0,0,,,,,,,,,,,,,,,,,,,,,,,,,,,,,,,,,,,,,,,,,,,,,,,,,,,,,,,,,,,,,,,,,,,,,,,,,,,,,,,,,,,,,,,,,,,,,,,,,-1.1880593507176473,225,59
2026-27,football,Northwest Conference (NWC),nwc,Lewis & Clark,"Cortez,Quincy",Quincy,Cortez,,22235,"Cortez,Quincy","CORTEZ,QUINCY",Lewis & Clark,L&C,1261-2648,1,0,38,38,0,0,DL,0,,,,,,,,0,0,1,1,1,.0,.0,.0,0,0,0,0,0,0,0,0,0,0,0,0,0,0,0,0,,,,,,,,,,,,,,,,,,,,,,,,,,,,,,,,,,,,,,,,,,,,,,,,,,,,,,,,,,,,,,,,,,,,,,,,,,,,,,,,,,,,,,,,,,,,,,,,,-1.1880593507176473,226,59
2026-27,football,Northwest Conference (NWC),nwc,Lewis & Clark,"Crockett,Zaren",Zaren,Crockett,,22235,"Crockett,Zaren","CROCKETT,ZAREN",Lewis & Clark,L&C,1261-2321,1,0,2,2C,0,0,DB,0,,,,,,,,0,0,1,1,1,.0,.0,.0,0,0,0,0,0,0,0,0,0,0,0,0,0,0,0,0,,,,,,,,,,,,,,,,,,,,,,,,,,,,,,,,,,,,,,,,,,,,,,,,,,,,,,,,,,,,,,,,,,,,,,,,,,,,,,,,,,,,,,,,,,,,,,,,,-1.1880593507176473,227,59
2026-27,football,Northwest Conference (NWC),nwc,Linfield,"Deibele,Benson",Benson,Deibele,,1179,"Deibele,Benson","DEIBELE,BENSON",Linfield,LIN,1262-11416,1,1,57,57,0,0,DT,0,,,,,,,,0,0,1,1,1,.0,.0,.0,0,0,0,0,0,0,0,0,0,0,0,0,0,0,0,0,,,,,,,,,,,,,,,,,,,,,,,,,,,,,,,,,,,,,,,,,,,,,,,,,,,,,,,,,,,,,,,,,,,,,,,,,,,,,,,,,,,,,,,,,,,,,,,,,-1.1880593507176473,228,58
2026-27,football,Northwest Conference (NWC),nwc,Pacific Lutheran,"Downey,Landen",Landen,Downey,,1297,"Downey,Landen","DOWNEY,LANDEN",Pacific Lutheran ,PLU,1266-4925,1,0,32,3W,0,0,LB,0,,,,,,,,0,1,0,1,1,.0,.0,.0,0,0,0,0,0,0,0,0,0,0,0,0,0,0,0,0,,,,,,,,,,,,,,,,,,,,,,,,,,,,,,,,,,,,,,,,,,,,,,,,,,,,,,,,,,,,,,,,,,,,,,,,,,,,,,,,,,,,,,,,,,,,,,,,,-1.1880593507176473,229,58
2026-27,football,Northwest Conference (NWC),nwc,Linfield,"Erickson,Gabe",Gabe,Erickson,,1179,"Erickson,Gabe","ERICKSON,GABE",Linfield,LIN,1262-11185,1,1,99,99,0,0,DT,0,,,,,,,,0,0,1,1,1,.0,.0,.0,0,0,0,0,0,0,0,0,0,0,0,0,0,0,0,0,,,,,,,,,,,,,,,,,,,,,,,,,,,,,,,,,,,,,,,,,,,,,,,,,,,,,,,,,,,,,,,,,,,,,,,,,,,,,,,,,,,,,,,,,,,,,,,,,-1.1880593507176473,230,58
2026-27,football,Northwest Conference (NWC),nwc,Puget Sound,"Goin,Joey",Joey,Goin,,557,"Goin,Joey","GOIN,JOEY",Puget Sound,UPS,0,1,0,23,23,0,0,DB,0,,,,,,,,0,1,0,1,1,.0,.0,.0,0,0,0,0,0,0,0,0,0,0,0,0,0,0,0,0,,,,,,,,,,,,,,,,,,,,,,,,,,,,,,,,,,,,,,,,,,,,,,,,,,,,,,,,,,,,,,,,,,,,,,,,,,,,,,,,,,,,,,,,,,,,,,,,,-1.1880593507176473,231,58
2026-27,football,Northwest Conference (NWC),nwc,Lewis & Clark,"Griffin,Luke",Luke,Griffin,,22235,"Griffin,Luke","GRIFFIN,LUKE",Lewis & Clark,L&C,1261-2625,1,0,8,8P,0,0,DB,0,,,,,,,,0,1,0,1,1,.0,.0,.0,0,0,0,0,0,0,0,0,0,0,0,0,0,0,0,0,,,,,,,,,,,,,,,,,,,,,,,,,,,,,,,,,,,,,,,,,,,,,,,,,,,,,,,,,,,,,,,,,,,,,,,,,,,,,,,,,,,,,,,,,,,,,,,,,-1.1880593507176473,232,58
2026-27,football,Northwest Conference (NWC),nwc,Puget Sound,"Hedges,Jaden",Jaden,Hedges,,557,"Hedges,Jaden","HEDGES,JADEN",Puget Sound,UPS,0,1,0,19,19,0,QB,0,0,,,,,,,,0,0,1,1,1,.0,.0,.0,0,0,0,0,0,0,0,0,0,0,0,0,0,0,0,0,,,,,,,,,,,,,,,,,,,,,,,,,,,,,,,,,,,,,,,,,,,,,,,,,,,,,,,,,,,,,,,,,,,,,,,,,,,,,,,,,,,,,,,,,,,,,,,,,-1.1880593507176473,233,58
2026-27,football,Northwest Conference (NWC),nwc,Lewis & Clark,"Heimuli,Tevita",Tevita,Heimuli,,22235,"Heimuli,Tevita","HEIMULI,TEVITA",Lewis & Clark,L&C,1261-2806,1,1,42,42,0,0,DL,0,,,,,,,,0,1,0,1,1,.0,.0,.0,0,0,0,0,0,0,0,0,0,2,0,0,0,0,0,0,,,,,,,,,,,,,,,,,,,,,,,,,,,,,,,,,,,,,,,,,,,,,,,,,,,,,,,,,,,,,,,,,,,,,,,,,,,,,,,,,,,,,,,,,,,,,,,,,-1.1880593507176473,234,57
2026-27,football,Northwest Conference (NWC),nwc,George Fox,"Jantes,Izzy",Izzy,Jantes,,1094,"Jantes,Izzy","JANTES,IZZY",George Fox ,GFU,1260-3442,1,0,34,3A,0,0,LB,0,,,,,,,,0,0,1,1,1,.0,.0,.0,0,0,0,0,0,0,0,0,0,0,0,0,0,0,0,0,,,,,,,,,,,,,,,,,,,,,,,,,,,,,,,,,,,,,,,,,,,,,,,,,,,,,,,,,,,,,,,,,,,,,,,,,,,,,,,,,,,,,,,,,,,,,,,,,-1.1880593507176473,235,57
2026-27,football,Northwest Conference (NWC),nwc,Linfield,"Jenkins,TraMayne",TraMayne,Jenkins,,1179,"Jenkins,TraMayne","JENKINS,TRAMAYNE",Linfield,LIN,1262-11832,1,0,5,5D,0,0,DL,0,,,,,,,,0,0,1,1,1,.0,.0,.0,0,0,0,0,0,0,0,0,0,0,0,0,0,0,0,0,,,,,,,,,,,,,,,,,,,,,,,,,,,,,,,,,,,,,,,,,,,,,,,,,,,,,,,,,,,,,,,,,,,,,,,,,,,,,,,,,,,,,,,,,,,,,,,,,-1.1880593507176473,236,57
2026-27,football,Northwest Conference (NWC),nwc,Lewis & Clark,"Koo,Ethan",Ethan,Koo,,22235,"Koo,Ethan","KOO,ETHAN",Lewis & Clark,L&C,1261-2618,1,0,5,5J,0,0,LB,0,,,,,,,,0,1,0,1,1,.0,.0,.0,0,0,0,0,0,0,0,0,0,0,0,0,0,0,0,0,,,,,,,,,,,,,,,,,,,,,,,,,,,,,,,,,,,,,,,,,,,,,,,,,,,,,,,,,,,,,,,,,,,,,,,,,,,,,,,,,,,,,,,,,,,,,,,,,-1.1880593507176473,237,57
2026-27,football,Northwest Conference (NWC),nwc,Lewis & Clark,"Lecours,Xander",Xander,Lecours,,22235,"Lecours,Xander","LECOURS,XANDER",Lewis & Clark,L&C,1261-2663,1,0,15,15,0,WR,0,0,,,,,,,,0,0,1,1,1,.0,.0,.0,0,0,0,0,0,0,0,0,0,0,0,0,0,0,0,0,,,,,,,,,,,,,,,,,,,,,,,,,,,,,,,,,,,,,,,,,,,,,,,,,,,,,,,,,,,,,,,,,,,,,,,,,,,,,,,,,,,,,,,,,,,,,,,,,-1.1880593507176473,238,57
2026-27,football,Northwest Conference (NWC),nwc,George Fox,"Lubisich,Noah",Noah,Lubisich,,1094,"Lubisich,Noah","LUBISICH,NOAH",George Fox ,GFU,1260-3192,1,0,97,97,0,0,DL,0,,,,,,,,0,0,1,1,1,.0,.0,.0,0,0,0,0,0,0,0,0,0,0,0,0,0,0,0,0,,,,,,,,,,,,,,,,,,,,,,,,,,,,,,,,,,,,,,,,,,,,,,,,,,,,,,,,,,,,,,,,,,,,,,,,,,,,,,,,,,,,,,,,,,,,,,,,,-1.1880593507176473,239,57
2026-27,football,Northwest Conference (NWC),nwc,George Fox,"Maxwell,Will",Will,Maxwell,,1094,"Maxwell,Will","MAXWELL,WILL",George Fox ,GFU,1260-3710,1,0,93,93,0,0,DE,0,,,,,,,,0,0,1,1,1,.0,.0,.0,0,0,0,0,0,0,0,0,0,0,0,0,0,0,0,0,,,,,,,,,,,,,,,,,,,,,,,,,,,,,,,,,,,,,,,,,,,,,,,,,,,,,,,,,,,,,,,,,,,,,,,,,,,,,,,,,,,,,,,,,,,,,,,,,-1.1880593507176473,240,56
2026-27,football,Northwest Conference (NWC),nwc,Pacific Lutheran,"Nachor,Paliku",Paliku,Nachor,,1297,"Nachor,Paliku","NACHOR,PALIKU",Pacific Lutheran ,PLU,1266-5042,1,0,17,1P,0,0,DB,0,,,,,,,,0,1,0,1,1,.0,.0,.0,0,0,0,0,0,0,0,0,0,0,0,0,0,0,0,0,,,,,,,,,,,,,,,,,,,,,,,,,,,,,,,,,,,,,,,,,,,,,,,,,,,,,,,,,,,,,,,,,,,,,,,,,,,,,,,,,,,,,,,,,,,,,,,,,-1.1880593507176473,241,56
2026-27,football,Northwest Conference (NWC),nwc,Pacific Lutheran,"Nash,Devon",Devon,Nash,,1297,"Nash,Devon","NASH,DEVON",Pacific Lutheran ,PLU,1266-3768,1,0,50,5N,0,0,DT,0,,,,,,,,0,0,1,1,1,.0,.0,.0,0,0,0,0,0,0,0,0,0,0,0,0,0,0,0,0,,,,,,,,,,,,,,,,,,,,,,,,,,,,,,,,,,,,,,,,,,,,,,,,,,,,,,,,,,,,,,,,,,,,,,,,,,,,,,,,,,,,,,,,,,,,,,,,,-1.1880593507176473,242,56
2026-27,football,Northwest Conference (NWC),nwc,Linfield,"Nguyen,Sunny",Sunny,Nguyen,,1179,"Nguyen,Sunny","NGUYEN,SUNNY",Linfield,LIN,1262-11833,1,0,10,,0,0,CB,0,,,,,,,,0,1,0,1,1,.0,.0,.0,0,0,0,0,0,0,0,0,0,0,0,0,0,0,0,0,,,,,,,,,,,,,,,,,,,,,,,,,,,,,,,,,,,,,,,,,,,,,,,,,,,,,,,,,,,,,,,,,,,,,,,,,,,,,,,,,,,,,,,,,,,,,,,,,-1.1880593507176473,243,56
2026-27,football,Northwest Conference (NWC),nwc,George Fox,"Ortilla,Gabriel",Gabriel,Ortilla,,1094,"Ortilla,Gabriel","ORTILLA,GABRIEL",George Fox ,GFU,1260-3441,1,0,35,3S,0,0,LB,0,,,,,,,,0,1,0,1,1,.0,.0,.0,0,0,0,0,0,0,0,0,0,0,0,0,0,0,0,0,,,,,,,,,,,,,,,,,,,,,,,,,,,,,,,,,,,,,,,,,,,,,,,,,,,,,,,,,,,,,,,,,,,,,,,,,,,,,,,,,,,,,,,,,,,,,,,,,-1.1880593507176473,244,56
2026-27,football,Northwest Conference (NWC),nwc,Lewis & Clark,"Panu,Owen",Owen,Panu,,22235,"Panu,Owen","PANU,OWEN",Lewis & Clark,L&C,1261-2626,1,0,16,16,0,0,LB,0,,,,,,,,0,0,1,1,1,.0,.0,.0,0,0,0,0,0,0,0,0,0,0,0,0,0,0,0,0,,,,,,,,,,,,,,,,,,,,,,,,,,,,,,,,,,,,,,,,,,,,,,,,,,,,,,,,,,,,,,,,,,,,,,,,,,,,,,,,,,,,,,,,,,,,,,,,,-1.1880593507176473,245,56
2026-27,football,Northwest Conference (NWC),nwc,Lewis & Clark,"Perez,Jordan",Jordan,Perez,,22235,"Perez,Jordan","PEREZ,JORDAN",Lewis & Clark,L&C,1261-2629,1,0,97,97,0,0,DL,0,,,,,,,,0,1,0,1,1,.0,.0,.0,0,0,0,0,0,0,0,0,0,0,0,0,0,0,0,0,,,,,,,,,,,,,,,,,,,,,,,,,,,,,,,,,,,,,,,,,,,,,,,,,,,,,,,,,,,,,,,,,,,,,,,,,,,,,,,,,,,,,,,,,,,,,,,,,-1.1880593507176473,246,55
2026-27,football,Northwest Conference (NWC),nwc,George Fox,"Siamani,Kona",Kona,Siamani,,1094,"Siamani,Kona","SIAMANI,KONA",George Fox ,GFU,1260-3725,1,0,21,2I,0,0,DB,0,,,,,,,,0,0,1,1,1,.0,.0,.0,0,0,0,0,0,0,0,0,0,0,0,0,0,0,0,0,,,,,,,,,,,,,,,,,,,,,,,,,,,,,,,,,,,,,,,,,,,,,,,,,,,,,,,,,,,,,,,,,,,,,,,,,,,,,,,,,,,,,,,,,,,,,,,,,-1.1880593507176473,247,55
2026-27,football,Northwest Conference (NWC),nwc,Puget Sound,"Wallace,Gregory",Gregory,Wallace,,557,"Wallace,Gregory","WALLACE,GREGORY",Puget Sound,UPS,0,1,1,4,4,0,0,LB,0,,,,,,,,0,1,0,1,1,.0,.0,.0,0,0,0,0,0,0,0,0,0,0,0,0,0,0,0,0,,,,,,,,,,,,,,,,,,,,,,,,,,,,,,,,,,,,,,,,,,,,,,,,,,,,,,,,,,,,,,,,,,,,,,,,,,,,,,,,,,,,,,,,,,,,,,,,,-1.1880593507176473,248,55
2026-27,football,Northwest Conference (NWC),nwc,Puget Sound,"Waxham,Bryce",Bryce,Waxham,,557,"Waxham,Bryce","WAXHAM,BRYCE",Puget Sound,UPS,0,1,1,92,92,0,0,DL,0,,,,,,,,0,0,1,1,1,.0,.0,.0,0,0,0,0,0,0,0,0,0,0,0,0,0,0,0,0,,,,,,,,,,,,,,,,,,,,,,,,,,,,,,,,,,,,,,,,,,,,,,,,,,,,,,,,,,,,,,,,,,,,,,,,,,,,,,,,,,,,,,,,,,,,,,,,,-1.1880593507176473,249,55
2026-27,football,Northwest Conference (NWC),nwc,George Fox,"Gonzales,Raiden",Raiden,Gonzales,,1094,"Gonzales,Raiden","GONZALES,RAIDEN",George Fox ,GFU,1260-2770,1,1,80,80,0,TE,0,0,,,,,,,,,,,,,,,,,,,,,,,,,,,,,,,,,,,,,,,,,,,,,,,,,,,,,0,0,0,0,.0,,,,,,,,,,,,,,,,,,,,,,,,,,,,,,,,,,,,,,,,,,,,,,,,,,,,,,,,,,,,,,,,,,,,,,,-1.1905599046118223,250,55
2026-27,football,Northwest Conference (NWC),nwc,Willamette,"LaPlante,Mason",Mason,LaPlante,,785,"LaPlante,Mason","LAPLANTE,MASON",Willamette,WIL,0,1,0,87,87,0,TE,0,0,,,,,,,,,,,,,,,,,,,,,,,,,,,,,,,,,,,,,,,,,,,,,,,,,,,,,0,0,0,0,.0,,,,,,,,,,,,,,,,,,,,,,,,,,,,,,,,,,,,,,,,,,,,,,,,,,,,,,,,,,,,,,,,,,,,,,,-1.1905599046118223,251,55
2026-27,football,Northwest Conference (NWC),nwc,Pacific Lutheran,"Wood,Jake",Jake,Wood,,1297,"Wood,Jake","WOOD,JAKE",Pacific Lutheran ,PLU,1266-3007,1,1,21,21,0,TE,0,0,,,,,,,,,,,,,,,,,,,,,,,,,,,,,,,,,,,,,,,,,,,,,,,,,,,,,0,0,0,0,.0,,,,,,,,,,,,,,,,,,,,,,,,,,,,,,,,,,,,,,,,,,,,,,,,,,,,,,,,,,,,,,,,,,,,,,,-1.1905599046118223,252,54
2026-27,football,Northwest Conference (NWC),nwc,Puget Sound,"Hutton,Billy",Billy,Hutton,,557,"Hutton,Billy","HUTTON,BILLY",Puget Sound,UPS,0,1,0,6,6,0,WR,0,0,,,,,,,,,,,,,,,,,,,,,,,,,,,,,,,,,,,,,,,,,,,,,,,,,,,,,1,-1,0,0,-1.0,,,,,,,,,,,,,,,,,,,,,,,,,,,,,,,,,,,,,,,,,,,,,,,,,,,,,,,,,,,,,,,,,,,,,,,-1.2129899838216287,253,54
2026-27,football,Northwest Conference (NWC),nwc,Willamette,"Speakthunder,Brison",Brison,Speakthunder,,785,"Speakthunder,Brison","SPEAKTHUNDER,BRISON",Willamette,WIL,0,1,0,15,15,0,0,DB,0,,,,,,,,0,0,0,0,0,.0,.0,.0,0,0,0,0,0,0,0,0,0,0,0,0,0,0,0,0,,,,,,,,,,,,,,,,,,,,,,0,1,1,1,.0,,0,1,0,0,0,0,0,0,0,6,6,6,,,,,,,,,,,,,,,,,,,,,,,,,,,,,,,,,,,,,,,,,,,,,,,,,,,,,,,,,,-1.3451951589192035,254,54
2026-27,football,Northwest Conference (NWC),nwc,Linfield,"Anderson,Scott",Scott,Anderson,,1179,"Anderson,Scott","ANDERSON,SCOTT",Linfield,LIN,1262-6403,1,0,8,8A,0,0,LB,0,,,,,,,,0,0,0,0,0,.0,.0,.0,0,0,0,0,0,0,0,0,0,1,0,0,0,0,0,0,,,,,,,,,,,,,,,,,,,,,,,,,,,,,,,,,,,,,,,,,,,,,,,,,,,,,,,,,,,,,,,,,,,,,,,,,,,,,,,,,,,,,,,,,,,,,,,,,-1.482282563612761,255,54
2026-27,football,Northwest Conference (NWC),nwc,George Fox,"Self-Gomes-Kealakai,Tyven",Tyven,Self-Gomes-Kealakai,,1094,"Self-Gomes-Kealakai,Tyven","SELF-GOMES-KEALAKAI,TYVEN",George Fox ,GFU,1260-3724,1,0,91,91,0,0,DT,0,,,,,,,,0,0,0,0,0,.0,.0,.0,0,0,0,0,0,0,0,0,0,1,0,0,0,0,0,0,,,,,,,,,,,,,,,,,,,,,,,,,,,,,,,,,,,,,,,,,,,,,,,,,,,,,,,,,,,,,,,,,,,,,,,,,,,,,,,,,,,,,,,,,,,,,,,,,-1.482282563612761,256,54
2026-27,football,Northwest Conference (NWC),nwc,Puget Sound,"Granberry III,Drake",Drake,Granberry III,,557,"Granberry III,Drake","GRANBERRY III,DRAKE",Puget Sound,UPS,0,1,1,15,15,0,WR,0,0,,,,,,,,0,0,0,0,0,.0,.0,.0,0,0,0,0,0,0,0,0,0,0,0,0,0,0,0,0,,,,,,,,,,,,,,,,,,,,,,2,52,0,45,26.0,,0,0,0,0,0,1,0,0,0,2,2,2,,,,,,,,,,,,,,,,,,,,,,,,,,,,,,,,,,,,,,,,,,,,,,,,,,,,,,,,,,-1.506478349314643,257,54
2026-27,football,Northwest Conference (NWC),nwc,Willamette,"Ho'Omanawanui,Micah",Micah,Ho'Omanawanui,,785,"Ho'Omanawanui,Micah","HO'OMANAWANUI,MICAH",Willamette,WIL,0,1,0,8,8,0,QB,0,0,,,,,,,,,,,,,,,,,,,,,,,,,,,,,,,,,,,,,,2,3,3,0,0,3,1.5,3.0,,,,,,,,,,,,,,,,,,,,,,,,,,0,0,42,1,127,0,19,9,120.9,6.68,14.11,127.0,,,,,,,,,,,,,,,,,,,,,,,,,,,,,,,,,,,,,,,,,,,,,,-1.5191385830811746,258,53
2026-27,football,Northwest Conference (NWC),nwc,George Fox,"Chisanga Jr.,Bupe",Bupe,Chisanga Jr.,,1094,"Chisanga Jr.,Bupe","CHISANGA JR.,BUPE",George Fox ,GFU,1260-3698,1,0,1,1,0,WR,0,0,,,,,,,,,,,,,,,,,,,,,,,,,,,,,,,,,,,,,,1,-1,0,1,0,0,-1.0,-1.0,,,,,,,,1,36,0,36,36.0,,,,,,,,,,,,,,,,,,,,,,,,,,,,,,,,,,,,,,,,,,,,,,,,,,,,,,,,,,,,,,,,,,,,,,,-1.521476424854895,259,53
2026-27,football,Northwest Conference (NWC),nwc,Puget Sound,"Dukes Jr,De'Andre",De'Andre,Dukes Jr,,557,"Dukes Jr,De'Andre","DUKES JR,DE'ANDRE",Puget Sound,UPS,0,1,0,2,2G,0,RB,0,0,,,,,,,,0,0,0,0,0,.0,.0,.0,0,0,0,0,0,0,0,0,0,0,0,0,0,0,0,0,,,,,,,6,0,7,7,1,5,.0,.0,2,27,0,18,13.5,,,3,29,0,16,9.7,,0,1,0,0,0,0,0,0,0,6,6,6,,,,,,,,,,,,,,,,,,,,,,,,,,,,,,,,,,,,,,,,,,,,,,,,,,,,,,,,,,-1.6071954336853216,260,53
2026-27,football,Northwest Conference (NWC),nwc,Puget Sound,"Johnson,Willis",Willis,Johnson,,557,"Johnson,Willis","JOHNSON,WILLIS",Puget Sound,UPS,0,1,0,36,36,0,RB,0,0,,,,,,,,0,0,0,0,0,.0,.0,.0,0,0,0,0,0,0,0,0,0,0,0,0,0,0,0,0,,,,,,,5,20,20,0,0,8,4.0,20.0,,,,,,1,0,,,,,,,,,,,,,,,,,,,,,,,,,,,,,,,,,,,,,,,,,,,,,,,,,,,,,,,,,,,,,,,,,,,,,,,,,,,,-1.6770864855273742,261,53
2026-27,football,Northwest Conference (NWC),nwc,Puget Sound,"Brewster,Will",Will,Brewster,,557,"Brewster,Will","BREWSTER,WILL",Puget Sound,UPS,0,1,0,14,14,0,WR,0,0,,,,,,,,0,3,0,3,3,.0,.0,.0,0,0,0,0,0,0,0,0,0,0,0,0,0,0,0,0,,,,,,,,,,,,,,,,,,,,,,1,5,0,5,5.0,,,,,,,,,,,,,,,,,,,,,,,,,,,,,,,,,,,,,,,,,,,,,,,,,,,,,,,,,,,,,,,,,,,,,,,-1.6780224334902094,262,53
2026-27,football,Northwest Conference (NWC),nwc,Lewis & Clark,"Simril,Sam",Sam,Simril,,22235,"Simril,Sam","SIMRIL,SAM",Lewis & Clark,L&C,1261-2619,1,1,12,1Y,0,QB,0,0,,,,,,,,,,,,,,,,,,,,,,,,,,,,,,,,,,,,,,,,,,,,,,,,,,,,,,,,,,,,,,,,,,,,,,,0,0,17,0,73,0,9,6,134.8,8.11,12.17,73.0,,,,,,,,,,,,,,,,,,,,,,,,,,,,,,,,,,,,,,,,,,,,,,-1.7182346519494909,263,53
2026-27,football,Northwest Conference (NWC),nwc,Pacific Lutheran,"Kinch,Brock",Brock,Kinch,,1297,"Kinch,Brock","KINCH,BROCK",Pacific Lutheran ,PLU,1266-3774,1,1,23,23,0,RB,0,0,,,,,,,,,,,,,,,,,,,,,,,,,,,,,,,,,,,,,,14,14,16,2,0,4,1.0,14.0,,,,,,,,1,2,0,2,2.0,,,,,,,,,,,,,,,,,,,,,,,,,,,,,,,,,,,,,,,,,,,,,,,,,,,,,,,,,,,,,,,,,,,,,,,-1.7850659211289053,264,52
2026-27,football,Northwest Conference (NWC),nwc,Willamette,"Little,Jerrick",Jerrick,Little,,785,"Little,Jerrick","LITTLE,JERRICK",Willamette,WIL,0,1,0,3,3,0,RB,0,0,,,,,,,,0,1,0,1,1,.0,.0,.0,0,0,0,0,0,0,0,0,0,0,0,0,0,0,0,0,,,,,,,8,17,17,0,0,5,2.1,17.0,,,,,,,,7,49,0,14,7.0,,,,,,,,,,,,,,,,,,,,,,,,,,,,,,,,,,,,,,,,,,,,,,,,,,,,,,,,,,,,,,,,,,,,,,,-1.8191049096137624,265,52
2026-27,football,Northwest Conference (NWC),nwc,Pacific Lutheran,"Sum,Darius",Darius,Sum,,1297,"Sum,Darius","SUM,DARIUS",Pacific Lutheran ,PLU,1266-5103,1,0,27,2S,0,WR,0,0,,,,,,,,,,,,,,,,,,,,,,,,,,,,,,,,,,,,,,3,2,5,3,0,5,.7,2.0,,,,,,,,3,18,0,12,6.0,,,,,,,,,,,,,,,,,,,,,,,,,,,,,,,,,,,,,,,,,,,,,,,,,,,,,,,,,,,,,,,,,,,,,,,-1.8254112112595302,266,52
2026-27,football,Northwest Conference (NWC),nwc,Willamette,"Mckee,Rory",Rory,Mckee,,785,"Mckee,Rory","MCKEE,RORY",Willamette,WIL,0,1,0,16,16,0,0,0,0,,,,,,,,0,0,0,0,0,.0,.0,.0,0,0,0,0,0,0,0,0,0,0,0,0,0,0,0,0,,,,,,,,,,,,,,,,,,,,,,,,,,,,2,0,1,0,0,0,0,0,0,5,5,5,,,,,,,,,,,,,,,,,,,,,,,1,29,29,0,0,0,0,0,29.0,5,235,2,0,47.0,1,2,39,0,50.0,3,2,0,0,0,0,0,0,0,0,0,0,,,,,-1.9060896844764474,267,52
2026-27,football,Northwest Conference (NWC),nwc,George Fox,"Land,Tucker",Tucker,Land,,1094,"Land,Tucker","LAND,TUCKER",George Fox ,GFU,1260-3427,1,0,7,7,0,RB,0,0,,,,,,,,0,0,0,0,0,.0,.0,.0,0,0,0,0,0,0,0,0,0,0,0,0,0,0,0,0,,,,,,,2,1,7,6,0,7,.5,1.0,,,,,,,,1,22,1,22,22.0,,0,1,0,0,0,0,0,0,0,6,6,6,,,,,,,,,,,,,,,,,,,,,,,,,,,,,,,,,,,,,,,,,,,,,,,,,,,,,,,,,,-1.9460251077281194,268,52
2026-27,football,Northwest Conference (NWC),nwc,Puget Sound,"Anaya,Steven",Steven,Anaya,,557,"Anaya,Steven","ANAYA,STEVEN",Puget Sound,UPS,0,1,1,2,2A,0,0,DB,0,,,,,,,,0,1,0,1,1,.0,.0,.0,0,0,0,0,0,0,0,0,0,0,0,0,0,0,0,0,,,,,,,1,2,2,0,0,2,2.0,2.0,,,,,,,,,,,,,,,,,,,,,,,,,,,,,,,,,,,,,,,,,,,,,,,,,,,,,,,,,,,,,,,,,,,,,,,,,,,,,,,,,,,-2.2266520831418726,269,52
2026-27,football,Northwest Conference (NWC),nwc,Willamette,"Romero,Elijah",Elijah,Romero,,785,"Romero,Elijah","ROMERO,ELIJAH",Willamette,WIL,0,1,0,13,13,0,WR,0,0,,,,,,,,0,0,0,0,0,.0,.0,.0,0,0,0,0,0,0,0,0,0,0,0,0,0,0,0,0,,,,,,,,,,,,,,,,,,,,1,0,2,14,0,8,7.0,,,,,,,,,,,,,,,,,,,,,,,,,,2,-7,0,0,-3.5,,,,,,,,,,,,,,,,,,,,,,,,,,,,,,,,,,,,,,,,,-2.5050964521210988,270,51
2026-27,football,Northwest Conference (NWC),nwc,George Fox,"Snyder,Brody",Brody,Snyder,,1094,"Snyder,Brody","SNYDER,BRODY",George Fox ,GFU,1260-3214,1,1,21,21,0,RB,0,0,,,,,,,,0,0,0,0,0,.0,.0,.0,0,0,0,0,0,0,0,0,0,0,0,0,0,0,0,0,,,,,,,10,75,81,6,0,47,7.5,75.0,,,,,,1,1,2,11,0,10,5.5,,,,,,,,,,,,,,,,,,,,,,,,,,,,,,,,,,,,,,,,,,,,,,,,,,,,,,,,,,,,,,,,,,,,,,,-2.505769950295039,271,51
2026-27,football,Northwest Conference (NWC),nwc,Pacific Lutheran,"Mahaffey,Anthony",Anthony,Mahaffey,,1297,"Mahaffey,Anthony","MAHAFFEY,ANTHONY",Pacific Lutheran ,PLU,1266-3013,1,0,13,3Q,0,QB,0,0,,,,,,,,,,,,,,,,,,,,,,,,,,,,,,,,,,,,,,2,21,21,0,0,16,10.5,21.0,,,,,,,,,,,,,,,,,,,,,,,,,,0,0,12,0,22,0,4,4,146.2,5.50,5.50,22.0,,,,,,,,,,,,,,,,,,,,,,,,,,,,,,,,,,,,,,,,,,,,,,-2.5759348639926882,272,51
2026-27,football,Northwest Conference (NWC),nwc,Lewis & Clark,"Koo,Trevor",Trevor,Koo,,22235,"Koo,Trevor","KOO,TREVOR",Lewis & Clark,L&C,1261-2511,1,0,99,99,0,0,0,0,,,,,,,,0,0,0,0,0,.0,.0,.0,0,0,0,0,0,0,0,0,0,0,0,0,0,0,0,0,,,,,,,,,,,,,,,,,,,,,,,,,,,,6,0,0,0,0,0,0,0,0,6,6,6,,,,,,,,,,,,,,,,,,,,,,,,,,,,,,,,,,,,,0,0,0,0,.0,6,6,0,0,0,0,0,0,0,0,0,0,,,,,-2.7283914670725506,273,51
2026-27,football,Northwest Conference (NWC),nwc,Willamette,"Rivas,Xavier",Xavier,Rivas,,785,"Rivas,Xavier","RIVAS,XAVIER",Willamette,WIL,0,1,0,22,22,0,0,DE,0,,,,,,,,0,1,0,1,1,.0,.0,.0,0,0,0,0,0,0,0,0,0,0,0,0,0,0,0,0,,,,,,,8,12,16,4,0,8,1.5,12.0,,,,,,,,2,11,0,8,5.5,,,,,,,,,,,,,,,,,,,,,,,,,,,,,,,,,,,,,,,,,,,,,,,,,,,,,,,,,,,,,,,,,,,,,,,-2.8377923185395484,274,51
2026-27,football,Northwest Conference (NWC),nwc,Puget Sound,"Goeglein,Thomas",Thomas,Goeglein,,557,"Goeglein,Thomas","GOEGLEIN,THOMAS",Puget Sound,UPS,0,1,0,98,98,0,0,0,0,,,,,,,,0,0,0,0,0,.0,.0,.0,0,0,0,0,0,0,0,0,0,0,0,0,0,0,0,0,,,,,,,,,,,,,,,,,,,,,,,,,,,,1,0,0,0,0,0,0,0,0,1,1,1,,,,,,,,,,,,,,,,,,,,,,,2,38,38,0,0,0,0,0,19.0,2,114,0,0,57.0,0,0,0,0,.0,2,1,0,0,0,0,0,0,0,0,0,0,,,,,-3.487730901884196,275,51
2026-27,football,Northwest Conference (NWC),nwc,Willamette,"Hews,Lukas",Lukas,Hews,,785,"Hews,Lukas","HEWS,LUKAS",Willamette,WIL,0,1,0,17,17,0,QB,0,0,,,,,,,,0,0,0,0,0,.0,.0,.0,0,0,0,0,0,0,0,0,0,0,0,0,0,0,0,0,,,,,,,3,-9,0,9,0,0,-3.0,-9.0,,,,,,1,0,,,,,,,,,,,,,,,,,,,3,1,61,1,161,1,27,12,99.3,5.96,13.42,161.0,,,,,,,,,,,,,,,,,,,,,,,,,,,,,,,,,,,,,,,,,,,,,,-3.963840342964286,276,50
2026-27,football,Northwest Conference (NWC),nwc,Lewis & Clark,"Leggett,MJ",MJ,Leggett,,22235,"Leggett,MJ","LEGGETT,MJ",Lewis & Clark,L&C,1261-2630,1,0,4,4H,0,RB,0,0,,,,,,,,0,0,0,0,0,.0,.0,.0,0,0,0,0,0,0,0,0,0,0,0,0,0,0,0,0,,,,,,,2,2,6,4,0,6,1.0,2.0,2,30,0,30,15.0,1,1,,,,,,,,,,,,,,,,,,,,,,,,,,,,,,,,,,,,,,,,,,,,,,,,,,,,,,,,,,,,,,,,,,,,,,,,,,,,-4.041973823086662,277,50
