season,sport,conference,conference_code,team,player_name,first_name,last_name,position,team_code,name,checkname,team_name,team_id,sdrm_id,games_played,games_started,uniform,year,code,matches_played,attack_stats_hitting_pct,attack_stats_attempts,attack_stats_errors,attack_stats_kills,set_stats_assists,set_stats_errors,set_stats_attempts,set_stats_set_pct,serve_stats_aces,serve_stats_errors,serve_stats_attempts,serve_stats_serve_pct,defense_stats_defense_pct,defense_stats_attempts,defense_stats_receptions,defense_stats_digs,block_stats_total,block_stats_errors,block_stats_assists,block_stats_solos,misc_stats_points,misc_stats_ball_handling_errors,per_set_stats_kills,per_set_stats_assists,per_set_stats_digs,per_set_stats_blocks,per_set_stats_aces,per_set_stats_points,attack_stats,set_stats,serve_stats,defense_stats,block_stats,misc_stats
2026-27,wvball,Presidents Athletic Conference (PAC),pac,Grove City,"Harris, Sarah",Sarah,Harris,,265,"Harris, Sarah","HARRIS, SARAH",Grove City,GRO,1314-4367,14,5,4,0,4,0,.500,4,0,2,49,1,133,0,3,4,32,0,0,0,0,21,0,0,0,0,5,0,0.14,3.50,1.50,0.00,0.21,0.36,,,,,,
2026-27,wvball,Presidents Athletic Conference (PAC),pac,Grove City,"Klusch, Kendra",Kendra,Klusch,,265,"Klusch, Kendra","KLUSCH, KENDRA",Grove City,GRO,1314-4369,14,5,13,0,13,0,.328,58,6,25,1,0,7,0,1,4,42,0,0,1,0,15,17,0,7,10,39.5,0,1.79,0.07,1.07,1.21,0.07,2.82,,,,,,
2026-27,wvball,Presidents Athletic Conference (PAC),pac,Grove City,"Lagaras, Lily",Lily,Lagaras,,265,"Lagaras, Lily","LAGARAS, LILY",Grove City,GRO,1314-4370,14,5,19,0,19,0,.150,60,12,21,0,0,3,0,0,0,0,0,0,2,0,7,6,1,3,3,25.5,0,1.50,0.00,0.50,0.43,0.00,1.82,,,,,,
2026-27,wvball,Presidents Athletic Conference (PAC),pac,Grove City,"Dorst, Alayna",Alayna,Dorst,,265,"Dorst, Alayna","DORST, ALAYNA",Grove City,GRO,1314-4372,14,5,18,0,18,0,.215,79,9,26,6,0,16,0,6,1,49,0,0,60,1,25,1,0,1,0,32.5,0,1.86,0.43,1.79,0.07,0.43,2.32,,,,,,
2026-27,wvball,Presidents Athletic Conference (PAC),pac,Grove City,"Pool, Lilly",Lilly,Pool,,265,"Pool, Lilly","POOL, LILLY",Grove City,GRO,1314-4542,12,3,11,0,11,0,.367,30,3,14,0,0,3,0,0,0,1,0,0,0,0,3,15,2,11,4,23.5,0,1.17,0.00,0.25,1.25,0.00,1.96,,,,,,
2026-27,wvball,Presidents Athletic Conference (PAC),pac,Grove City,"Wojtala, Lilly",Lilly,Wojtala,,265,"Wojtala, Lilly","WOJTALA, LILLY",Grove City,GRO,1314-4751,12,0,10,0,10,0,.333,3,0,1,9,1,43,0,4,5,48,0,0,44,1,50,0,0,0,0,5,0,0.08,0.75,4.17,0.00,0.33,0.42,,,,,,
2026-27,wvball,Presidents Athletic Conference (PAC),pac,Grove City,"Porta, Eliana",Eliana,Porta,,265,"Porta, Eliana","PORTA, ELIANA",Grove City,GRO,1314-4748,5,1,1,0,1,0,.000,4,1,1,19,0,27,0,7,1,21,0,0,0,0,4,0,0,0,0,8,0,0.20,3.80,0.80,0.00,1.40,1.60,,,,,,
2026-27,wvball,Presidents Athletic Conference (PAC),pac,Grove City,"Atwood, Annie",Annie,Atwood,,265,"Atwood, Annie","ATWOOD, ANNIE",Grove City,GRO,1314-4744,7,1,2,0,2,0,.189,37,6,13,1,1,3,0,2,2,9,0,0,8,2,4,0,0,0,0,15,0,1.86,0.14,0.57,0.00,0.29,2.14,,,,,,
2026-27,wvball,Presidents Athletic Conference (PAC),pac,Grove City,"D'Ippolito, Ella",Ella,D'Ippolito,,265,"D'Ippolito, Ella","D'IPPOLITO, ELLA",Grove City,GRO,1314-4749,4,0,6,0,6,0,.563,16,1,10,0,0,0,0,1,0,3,0,0,1,0,2,0,0,0,0,11,0,2.50,0.00,0.50,0.00,0.25,2.75,,,,,,
2026-27,wvball,Presidents Athletic Conference (PAC),pac,Grove City,"Manfull, Brooke",Brooke,Manfull,,265,"Manfull, Brooke","MANFULL, BROOKE",Grove City,GRO,1314-4745,15,0,9,0,9,0,.556,18,1,11,63,5,164,0,13,6,90,0,0,1,0,27,0,0,0,0,24,0,0.73,4.20,1.80,0.00,0.87,1.60,,,,,,
2026-27,wvball,Presidents Athletic Conference (PAC),pac,Grove City,"Hart, Sarah",Sarah,Hart,,265,"Hart, Sarah","HART, SARAH",Grove City,GRO,1314-4752,13,0,15,0,15,0,.246,69,9,26,4,0,7,0,1,0,11,0,0,22,0,14,6,0,5,1,30.5,0,2.00,0.31,1.08,0.46,0.08,2.35,,,,,,
2026-27,wvball,Presidents Athletic Conference (PAC),pac,Grove City,"Garrett, Caitlyn",Caitlyn,Garrett,,265,"Garrett, Caitlyn","GARRETT, CAITLYN",Grove City,GRO,1314-4746,4,0,17,0,17,0,.200,20,2,6,0,0,0,0,0,0,0,0,0,0,0,4,1,0,1,0,6.5,0,1.50,0.00,1.00,0.25,0.00,1.63,,,,,,
2026-27,wvball,Presidents Athletic Conference (PAC),pac,Grove City,"Johncour, Cassidy",Cassidy,Johncour,,265,"Johncour, Cassidy","JOHNCOUR, CASSIDY",Grove City,GRO,1314-4747,3,0,8,0,8,0,.250,4,1,2,0,0,0,0,0,0,1,0,0,0,0,0,0,0,0,0,2,0,0.67,0.00,0.00,0.00,0.00,0.67,,,,,,
2026-27,wvball,Presidents Athletic Conference (PAC),pac,Grove City,"Ripple, Taylor",Taylor,Ripple,,265,"Ripple, Taylor","RIPPLE, TAYLOR",Grove City,GRO,1314-4753,14,0,7,0,7,0,.302,53,3,19,0,0,10,0,0,0,0,0,0,2,0,4,11,1,8,3,26,0,1.36,0.00,0.29,0.79,0.00,1.86,,,,,,
2026-27,wvball,Presidents Athletic Conference (PAC),pac,Grove City,"Riordan, Reagan",Reagan,Riordan,,265,"Riordan, Reagan","RIORDAN, REAGAN",Grove City,GRO,1314-4987,13,0,31,0,31,0,.000,1,0,0,10,0,17,0,4,1,27,0,0,16,2,21,0,0,0,0,4,0,0.00,0.77,1.62,0.00,0.31,0.31,,,,,,
2026-27,wvball,Presidents Athletic Conference (PAC),pac,Grove City,"Bookmiller, Sarah",Sarah,Bookmiller,,265,"Bookmiller, Sarah","BOOKMILLER, SARAH",Grove City,GRO,1314-4988,4,1,12,0,12,0,.000,1,0,0,0,0,0,0,0,0,2,0,0,6,1,3,0,0,0,0,0,0,0.00,0.00,0.75,0.00,0.00,0.00,,,,,,
2026-27,wvball,Presidents Athletic Conference (PAC),pac,Grove City,"Hatzikian, Evelyn",Evelyn,Hatzikian,,265,"Hatzikian, Evelyn","HATZIKIAN, EVELYN",Grove City,GRO,1314-4989,0,0,16,0,16,0,,,,,,,,,,,,,,,,,,,,,,,0,0,0,0,0,0,,,,,,
2026-27,wvball,Presidents Athletic Conference (PAC),pac,Grove City,"Penola, Caitlin",Caitlin,Penola,,265,"Penola, Caitlin","PENOLA, CAITLIN",Grove City,GRO,1314-4990,15,4,22,0,22,0,.261,23,4,10,3,0,17,0,11,1,56,0,0,40,3,34,0,0,0,0,21,0,0.67,0.20,2.27,0.00,0.73,1.40,,,,,,
2026-27,wvball,Presidents Athletic Conference (PAC),pac,Hiram,"Burdette, Tori",Tori,Burdette,,281,"Burdette, Tori","BURDETTE, TORI",Hiram,Hiram,1217-2226,16,0,8,0,8,0,.000,2,0,0,3,0,13,0,2,0,13,0,0,14,4,12,0,0,0,0,2,0,0.00,0.19,0.75,0.00,0.13,0.13,,,,,,
2026-27,wvball,Presidents Athletic Conference (PAC),pac,Hiram,"Wenzel, Sydney",Sydney,Wenzel,,281,"Wenzel, Sydney","WENZEL, SYDNEY",Hiram,Hiram,1217-2233,12,3,26,0,26,0,-.041,49,16,14,3,0,7,0,0,0,0,0,0,0,0,3,1,0,1,0,14.5,0,1.17,0.25,0.25,0.08,0.00,1.21,,,,,,
2026-27,wvball,Presidents Athletic Conference (PAC),pac,Hiram,"Dean, Delaney",Delaney,Dean,,281,"Dean, Delaney","DEAN, DELANEY",Hiram,Hiram,1217-2448,0,0,11,0,11,0,,,,,,,,,,,,,,,,,,,,,,,0,0,0,0,0,0,,,,,,
2026-27,wvball,Presidents Athletic Conference (PAC),pac,Hiram,"Smotek, Sofia",Sofia,Smotek,,281,"Smotek, Sofia","SMOTEK, SOFIA",Hiram,Hiram,1217-2449,18,7,16,0,16,0,.220,218,31,79,10,3,42,0,5,8,76,0,0,107,4,43,2,0,1,1,85.5,0,4.39,0.56,2.39,0.11,0.28,4.75,,,,,,
2026-27,wvball,Presidents Athletic Conference (PAC),pac,Hiram,"Nelson, Mia",Mia,Nelson,,281,"Nelson, Mia","NELSON, MIA",Hiram,Hiram,1217-2450,17,3,18,0,18,0,.154,13,1,3,70,3,208,0,0,0,0,0,0,1,0,26,0,0,0,0,3,1,0.18,4.12,1.53,0.00,0.00,0.18,,,,,,
2026-27,wvball,Presidents Athletic Conference (PAC),pac,Hiram,"Goetz, Olivia",Olivia,Goetz,,281,"Goetz, Olivia","GOETZ, OLIVIA",Hiram,Hiram,1217-2453,0,0,2,0,2,0,,,,,,,,,,,,,,,,,,,,,,,0,0,0,0,0,0,,,,,,
2026-27,wvball,Presidents Athletic Conference (PAC),pac,Hiram,"Winfield, Erin",Erin,Winfield,,281,"Winfield, Erin","WINFIELD, ERIN",Hiram,Hiram,1217-2455,17,7,6,0,6,0,-.029,35,6,5,6,2,14,0,5,5,67,0,0,0,0,14,3,1,3,0,11.5,1,0.29,0.35,0.82,0.18,0.29,0.68,,,,,,
2026-27,wvball,Presidents Athletic Conference (PAC),pac,Hiram,"Weems, Angelina",Angelina,Weems,,281,"Weems, Angelina","WEEMS, ANGELINA",Hiram,Hiram,1217-2456,0,0,29,0,29,0,,,,,,,,,,,,,,,,,,,,,,,0,0,0,0,0,0,,,,,,
2026-27,wvball,Presidents Athletic Conference (PAC),pac,Hiram,"Dustman, Madison",Madison,Dustman,,281,"Dustman, Madison","DUSTMAN, MADISON",Hiram,Hiram,1217-2457,5,0,19,0,19,0,.053,19,2,3,1,2,5,0,0,0,0,0,0,0,0,1,1,0,1,0,3.5,0,0.60,0.20,0.20,0.20,0.00,0.70,,,,,,
2026-27,wvball,Presidents Athletic Conference (PAC),pac,Hiram,"Riley, Maggie",Maggie,Riley,,281,"Riley, Maggie","RILEY, MAGGIE",Hiram,Hiram,1217-2438,18,4,14,0,14,0,.218,110,20,44,3,2,16,0,11,5,85,0,0,0,0,37,2,1,2,0,56,0,2.44,0.17,2.06,0.11,0.61,3.11,,,,,,
2026-27,wvball,Presidents Athletic Conference (PAC),pac,Hiram,"Chiang, Megan",Megan,Chiang,,281,"Chiang, Megan","CHIANG, MEGAN",Hiram,Hiram,1217-2454,18,7,20,0,20,0,.218,170,21,58,6,1,32,0,10,6,74,0,0,109,2,81,4,0,3,1,70.5,0,3.22,0.33,4.50,0.22,0.56,3.92,,,,,,
2026-27,wvball,Presidents Athletic Conference (PAC),pac,Hiram,"Guyette, Abigail",Abigail,Guyette,,281,"Guyette, Abigail","GUYETTE, ABIGAIL",Hiram,Hiram,1217-2632,0,0,13,0,13,0,,,,,,,,,,,,,,,,,,,,,,,0,0,0,0,0,0,,,,,,
2026-27,wvball,Presidents Athletic Conference (PAC),pac,Hiram,"Crist, Ella",Ella,Crist,,281,"Crist, Ella","CRIST, ELLA",Hiram,Hiram,1217-2686,0,0,3,0,3,0,,,,,,,,,,,,,,,,,,,,,,,0,0,0,0,0,0,,,,,,
2026-27,wvball,Presidents Athletic Conference (PAC),pac,Hiram,"Rumskey, Addyson",Addyson,Rumskey,,281,"Rumskey, Addyson","RUMSKEY, ADDYSON",Hiram,Hiram,1217-2687,1,0,23,0,23,0,-.333,3,1,0,0,0,0,0,0,0,0,0,0,0,0,0,1,0,1,0,0.5,1,0.00,0.00,0.00,1.00,0.00,0.50,,,,,,
2026-27,wvball,Presidents Athletic Conference (PAC),pac,Hiram,"Petrulis, Madelyn",Madelyn,Petrulis,,281,"Petrulis, Madelyn","PETRULIS, MADELYN",Hiram,Hiram,1217-2688,0,0,4,0,4,0,,,,,,,,,,,,,,,,,,,,,,,0,0,0,0,0,0,,,,,,
2026-27,wvball,Presidents Athletic Conference (PAC),pac,Hiram,"Cavey, Tessa",Tessa,Cavey,,281,"Cavey, Tessa","CAVEY, TESSA",Hiram,Hiram,1217-2689,0,0,22,0,22,0,,,,,,,,,,,,,,,,,,,,,,,0,0,0,0,0,0,,,,,,
2026-27,wvball,Presidents Athletic Conference (PAC),pac,Hiram,"Pylant, Hailie",Hailie,Pylant,,281,"Pylant, Hailie","PYLANT, HAILIE",Hiram,Hiram,1217-2690,0,0,7,0,7,0,,,,,,,,,,,,,,,,,,,,,,,0,0,0,0,0,0,,,,,,
2026-27,wvball,Presidents Athletic Conference (PAC),pac,Hiram,"Karasek, Izzy",Izzy,Karasek,,281,"Karasek, Izzy","KARASEK, IZZY",Hiram,Hiram,1217-2691,2,0,1,0,1,0,-1.000,1,1,0,2,1,5,0,0,0,0,0,0,7,0,5,0,0,0,0,0.0,0,0.00,1.00,2.50,0.00,0.00,0.00,,,,,,
2026-27,wvball,Presidents Athletic Conference (PAC),pac,Hiram,"Volpe, Rebecca",Rebecca,Volpe,,281,"Volpe, Rebecca","VOLPE, REBECCA",Hiram,Hiram,1217-2693,18,7,28,0,28,0,.381,42,5,21,1,0,11,0,0,0,3,0,0,1,0,5,9,0,5,4,27.5,0,1.17,0.06,0.28,0.50,0.00,1.53,,,,,,
2026-27,wvball,Presidents Athletic Conference (PAC),pac,Hiram,"English, Jacey",Jacey,English,,281,"English, Jacey","ENGLISH, JACEY",Hiram,Hiram,1217-2694,15,0,5,0,5,0,-.167,6,1,0,16,0,61,0,1,1,34,0,0,90,2,62,0,0,0,0,1,0,0.00,1.07,4.13,0.00,0.07,0.07,,,,,,
2026-27,wvball,Presidents Athletic Conference (PAC),pac,Hiram,"Johnson, Courtney",Courtney,Johnson,,281,"Johnson, Courtney","JOHNSON, COURTNEY",Hiram,Hiram,1217-2685,18,4,17,0,17,0,.171,41,0,7,104,3,326,0,4,1,61,0,0,1,0,38,1,0,1,0,11.5,0,0.39,5.78,2.11,0.06,0.22,0.64,,,,,,
2026-27,wvball,Presidents Athletic Conference (PAC),pac,Hiram,"Neville, Maddie",Maddie,Neville,,281,"Neville, Maddie","NEVILLE, MADDIE",Hiram,Hiram,1217-2692,0,0,10,0,10,0,,,,,,,,,,,,,,,,,,,,,,,0,0,0,0,0,0,,,,,,
2026-27,wvball,Presidents Athletic Conference (PAC),pac,Chatham,"Gesner, Becca",Becca,Gesner,,10972,"Gesner, Becca","GESNER, BECCA",Chatham,CHA,0,13,7,18,0,18,0,.092,98,17,26,0,0,11,0,0,0,0,0,0,0,0,7,3,0,0,3,29,0,2.00,0.00,0.54,0.23,0.00,2.23,,,,,,
2026-27,wvball,Presidents Athletic Conference (PAC),pac,Chatham,"Bateman, Zoie",Zoie,Bateman,,10972,"Bateman, Zoie","BATEMAN, ZOIE",Chatham,CHA,0,9,5,8,0,8,0,.182,55,9,19,0,0,7,0,0,0,2,0,0,9,1,1,1,0,1,0,19.5,0,2.11,0.00,0.11,0.11,0.00,2.17,,,,,,
2026-27,wvball,Presidents Athletic Conference (PAC),pac,Chatham,"Watson, Paige",Paige,Watson,,10972,"Watson, Paige","WATSON, PAIGE",Chatham,CHA,0,11,3,23,0,23,0,.054,37,8,10,2,1,7,0,0,0,0,0,0,3,0,2,5,0,5,0,12.5,0,0.91,0.18,0.18,0.45,0.00,1.14,,,,,,
2026-27,wvball,Presidents Athletic Conference (PAC),pac,Chatham,"Atkinson, Annelese",Annelese,Atkinson,,10972,"Atkinson, Annelese","ATKINSON, ANNELESE",Chatham,CHA,0,10,0,10,0,10,0,.024,42,11,12,0,2,4,0,0,0,1,0,0,0,0,1,5,0,4,1,15,0,1.20,0.00,0.10,0.50,0.00,1.50,,,,,,
2026-27,wvball,Presidents Athletic Conference (PAC),pac,Chatham,"Bowers, Alexia",Alexia,Bowers,,10972,"Bowers, Alexia","BOWERS, ALEXIA",Chatham,CHA,0,4,2,7,0,7,0,.000,15,5,5,0,0,0,0,0,2,6,0,0,10,3,0,1,0,0,1,6,0,1.25,0.00,0.00,0.25,0.00,1.50,,,,,,
2026-27,wvball,Presidents Athletic Conference (PAC),pac,Chatham,"Roberts, Maddy",Maddy,Roberts,,10972,"Roberts, Maddy","ROBERTS, MADDY",Chatham,CHA,0,13,7,3,0,3,0,.067,90,18,24,4,0,23,0,7,3,44,0,0,85,8,40,3,0,1,2,33.5,0,1.85,0.31,3.08,0.23,0.54,2.58,,,,,,
2026-27,wvball,Presidents Athletic Conference (PAC),pac,Chatham,"Dougherty, Kelly",Kelly,Dougherty,,10972,"Dougherty, Kelly","DOUGHERTY, KELLY",Chatham,CHA,0,13,0,4,0,4,0,-.200,5,1,0,12,1,50,0,5,2,37,0,0,77,7,46,0,0,0,0,5,0,0.00,0.92,3.54,0.00,0.38,0.38,,,,,,
2026-27,wvball,Presidents Athletic Conference (PAC),pac,Chatham,"Solfronk, Annika",Annika,Solfronk,,10972,"Solfronk, Annika","SOLFRONK, ANNIKA",Chatham,CHA,0,1,0,17,0,17,0,.000,1,0,0,0,0,0,0,0,1,1,0,0,2,1,0,0,0,0,0,0,0,0.00,0.00,0.00,0.00,0.00,0.00,,,,,,
2026-27,wvball,Presidents Athletic Conference (PAC),pac,Chatham,"Mleczko, Vanessa",Vanessa,Mleczko,,10972,"Mleczko, Vanessa","MLECZKO, VANESSA",Chatham,CHA,0,12,4,12,0,12,0,.077,39,8,11,1,0,12,0,5,4,35,0,0,56,3,18,2,0,0,2,18,1,0.92,0.08,1.50,0.17,0.42,1.50,,,,,,
2026-27,wvball,Presidents Athletic Conference (PAC),pac,Chatham,"Eisenhard, Raelyn",Raelyn,Eisenhard,,10972,"Eisenhard, Raelyn","EISENHARD, RAELYN",Chatham,CHA,0,0,0,22,0,22,0,,,,,,,,,,,,,,,,,,,,,,,0,0,0,0,0,0,,,,,,
2026-27,wvball,Presidents Athletic Conference (PAC),pac,Chatham,"White, Evelyn",Evelyn,White,,10972,"White, Evelyn","WHITE, EVELYN",Chatham,CHA,0,12,7,1,0,1,0,.327,49,5,21,1,0,7,0,1,0,10,0,0,0,0,2,2,0,1,1,23.5,0,1.75,0.08,0.17,0.17,0.08,1.96,,,,,,
2026-27,wvball,Presidents Athletic Conference (PAC),pac,Chatham,"Aquilio, Natalie",Natalie,Aquilio,,10972,"Aquilio, Natalie","AQUILIO, NATALIE",Chatham,CHA,0,0,0,15,0,15,0,,,,,,,,,,,,,,,,,,,,,,,0,0,0,0,0,0,,,,,,
2026-27,wvball,Presidents Athletic Conference (PAC),pac,Chatham,"McBride, Mackenna",Mackenna,McBride,,10972,"McBride, Mackenna","MCBRIDE, MACKENNA",Chatham,CHA,0,4,0,14,0,14,0,.000,0,0,0,3,0,8,0,0,0,0,0,0,15,1,4,0,0,0,0,0.0,0,0.00,0.75,1.00,0.00,0.00,0.00,,,,,,
2026-27,wvball,Presidents Athletic Conference (PAC),pac,Chatham,"Grace, Erin",Erin,Grace,,10972,"Grace, Erin","GRACE, ERIN",Chatham,CHA,0,1,0,19,0,19,0,.000,0,0,0,0,0,0,0,0,0,0,0,0,0,0,0,0,0,0,0,0,0,0.00,0.00,0.00,0.00,0.00,0.00,,,,,,
2026-27,wvball,Presidents Athletic Conference (PAC),pac,Chatham,"Balint, Maren",Maren,Balint,,10972,"Balint, Maren","BALINT, MAREN",Chatham,CHA,0,0,0,20,0,20,0,,,,,,,,,,,,,,,,,,,,,,,0,0,0,0,0,0,,,,,,
2026-27,wvball,Presidents Athletic Conference (PAC),pac,Chatham,"Schwind, Delaney",Delaney,Schwind,,10972,"Schwind, Delaney","SCHWIND, DELANEY",Chatham,CHA,0,13,0,25,0,25,0,.000,5,0,0,47,6,156,0,3,6,36,0,0,1,0,21,0,0,0,0,3,0,0.00,3.62,1.62,0.00,0.23,0.23,,,,,,
2026-27,wvball,Presidents Athletic Conference (PAC),pac,Chatham,"Giannetta, Kate",Kate,Giannetta,,10972,"Giannetta, Kate","GIANNETTA, KATE",Chatham,CHA,0,13,7,0,0,0,0,.346,26,2,11,59,2,201,0,9,6,57,0,0,1,0,25,0,0,0,0,20,0,0.85,4.54,1.92,0.00,0.69,1.54,,,,,,
2026-27,wvball,Presidents Athletic Conference (PAC),pac,Chatham,"Kuffner, Celia",Celia,Kuffner,,10972,"Kuffner, Celia","KUFFNER, CELIA",Chatham,CHA,0,0,0,21,0,21,0,,,,,,,,,,,,,,,,,,,,,,,0,0,0,0,0,0,,,,,,
2026-27,wvball,Presidents Athletic Conference (PAC),pac,Chatham,"Stull, Kaylie",Kaylie,Stull,,10972,"Stull, Kaylie","STULL, KAYLIE",Chatham,CHA,0,3,0,5,0,5,0,.000,0,0,0,0,0,1,0,0,2,10,0,0,0,0,0,0,0,0,0,0.0,0,0.00,0.00,0.00,0.00,0.00,0.00,,,,,,
2026-27,wvball,Presidents Athletic Conference (PAC),pac,Chatham,"Popeck, Brooke",Brooke,Popeck,,10972,"Popeck, Brooke","POPECK, BROOKE",Chatham,CHA,0,0,0,24,0,24,0,,,,,,,,,,,,,,,,,,,,,,,0,0,0,0,0,0,,,,,,
2026-27,wvball,Presidents Athletic Conference (PAC),pac,Chatham,"Hunter, Scarlett",Scarlett,Hunter,,10972,"Hunter, Scarlett","HUNTER, SCARLETT",Chatham,CHA,0,4,0,11,0,11,0,1.000,1,0,1,0,1,3,0,0,0,9,0,0,8,2,8,0,0,0,0,1,0,0.25,0.00,2.00,0.00,0.00,0.25,,,,,,
2026-27,wvball,Presidents Athletic Conference (PAC),pac,Chatham,"Gledhill, Polly",Polly,Gledhill,,10972,"Gledhill, Polly","GLEDHILL, POLLY",Chatham,CHA,0,0,0,13,0,13,0,,,,,,,,,,,,,,,,,,,,,,,0,0,0,0,0,0,,,,,,
2026-27,wvball,Presidents Athletic Conference (PAC),pac,Chatham,"Moore, Mackenzie",Mackenzie,Moore,,10972,"Moore, Mackenzie","MOORE, MACKENZIE",Chatham,CHA,0,5,0,2,0,2,0,.000,0,0,0,0,0,2,0,3,0,17,0,0,0,0,0,0,0,0,0,3,0,0.00,0.00,0.00,0.00,0.60,0.60,,,,,,
2026-27,wvball,Presidents Athletic Conference (PAC),pac,Chatham,"Szymusiak, Kristin",Kristin,Szymusiak,,10972,"Szymusiak, Kristin","SZYMUSIAK, KRISTIN",Chatham,CHA,0,0,0,6,0,6,0,,,,,,,,,,,,,,,,,,,,,,,0,0,0,0,0,0,,,,,,
2026-27,wvball,Presidents Athletic Conference (PAC),pac,Chatham,"McNeal, Sahara",Sahara,McNeal,,10972,"McNeal, Sahara","MCNEAL, SAHARA",Chatham,CHA,0,0,0,16,0,16,0,,,,,,,,,,,,,,,,,,,,,,,0,0,0,0,0,0,,,,,,
2026-27,wvball,Presidents Athletic Conference (PAC),pac,Chatham,"Burnette-Vice, Emma",Emma,Burnette-Vice,,10972,"Burnette-Vice, Emma","BURNETTE-VICE, EMMA",Chatham,CHA,0,0,0,9,0,9,0,,,,,,,,,,,,,,,,,,,,,,,0,0,0,0,0,0,,,,,,
2026-27,wvball,Presidents Athletic Conference (PAC),pac,Westminster,"Davis, Anna-Kate",Anna-Kate,Davis,,1451,"Davis, Anna-Kate","DAVIS, ANNA-KATE",Westminster,WES,1320-4919,17,3,24,0,24,0,.231,13,1,4,68,2,154,0,10,2,74,0,0,1,0,39,0,0,0,0,14,0,0.24,4.00,2.29,0.00,0.59,0.82,,,,,,
2026-27,wvball,Presidents Athletic Conference (PAC),pac,Westminster,"Shadle, Maggie",Maggie,Shadle,,1451,"Shadle, Maggie","SHADLE, MAGGIE",Westminster,WES,1320-4925,12,3,2,0,2,0,.000,0,0,0,0,0,1,0,0,0,3,0,0,5,1,5,0,0,0,0,0,0,0.00,0.00,0.42,0.00,0.00,0.00,,,,,,
2026-27,wvball,Presidents Athletic Conference (PAC),pac,Westminster,"Trent, Olivia",Olivia,Trent,,1451,"Trent, Olivia","TRENT, OLIVIA",Westminster,WES,1320-4922,17,6,7,0,7,0,.139,165,27,50,7,0,14,0,1,0,63,0,0,88,5,43,2,2,0,2,53,0,2.94,0.41,2.53,0.12,0.06,3.12,,,,,,
2026-27,wvball,Presidents Athletic Conference (PAC),pac,Westminster,"Reid, Zoie",Zoie,Reid,,1451,"Reid, Zoie","REID, ZOIE",Westminster,WES,1320-5595,12,2,11,0,11,0,.148,81,17,29,0,1,6,0,3,4,19,0,0,35,4,6,1,0,1,0,32.5,0,2.42,0.00,0.50,0.08,0.25,2.71,,,,,,
2026-27,wvball,Presidents Athletic Conference (PAC),pac,Westminster,"O'Brien, Morgan",Morgan,O'Brien,,1451,"O'Brien, Morgan","O'BRIEN, MORGAN",Westminster,WES,1320-5205,19,6,4,0,4,0,.186,113,19,40,79,3,130,0,11,7,64,0,0,1,1,43,4,0,3,1,53.5,0,2.11,4.16,2.26,0.21,0.58,2.82,,,,,,
2026-27,wvball,Presidents Athletic Conference (PAC),pac,Westminster,"McCosby, Emma",Emma,McCosby,,1451,"McCosby, Emma","MCCOSBY, EMMA",Westminster,WES,1320-5203,0,0,22,0,22,0,,,,,,,,,,,,,,,,,,,,,,,0,0,0,0,0,0,,,,,,
2026-27,wvball,Presidents Athletic Conference (PAC),pac,Westminster,"Gecina, Brooke",Brooke,Gecina,,1451,"Gecina, Brooke","GECINA, BROOKE",Westminster,WES,1320-5200,17,0,20,0,20,0,.133,15,2,4,3,0,24,0,2,3,44,0,0,90,5,91,0,0,0,0,6,0,0.24,0.18,5.35,0.00,0.12,0.35,,,,,,
2026-27,wvball,Presidents Athletic Conference (PAC),pac,Westminster,"Hershberger, Dakota",Dakota,Hershberger,,1451,"Hershberger, Dakota","HERSHBERGER, DAKOTA",Westminster,WES,1320-5724,16,0,21,0,21,0,.253,83,10,31,1,0,3,0,0,0,0,0,0,2,1,5,4,0,3,1,33.5,0,1.94,0.06,0.31,0.25,0.00,2.09,,,,,,
2026-27,wvball,Presidents Athletic Conference (PAC),pac,Westminster,"Coleman, Kaiya",Kaiya,Coleman,,1451,"Coleman, Kaiya","COLEMAN, KAIYA",Westminster,WES,1320-5721,1,0,28,0,28,0,.000,1,0,0,0,0,0,0,0,0,0,0,0,0,0,0,0,0,0,0,0,0,0.00,0.00,0.00,0.00,0.00,0.00,,,,,,
2026-27,wvball,Presidents Athletic Conference (PAC),pac,Westminster,"Albers, Halle",Halle,Albers,,1451,"Albers, Halle","ALBERS, HALLE",Westminster,WES,1320-5431,19,0,1,0,1,0,.000,3,0,0,2,0,5,0,9,1,51,0,0,65,4,47,0,0,0,0,9,0,0.00,0.11,2.47,0.00,0.47,0.47,,,,,,
2026-27,wvball,Presidents Athletic Conference (PAC),pac,Westminster,"Anthony, Kylie",Kylie,Anthony,,1451,"Anthony, Kylie","ANTHONY, KYLIE",Westminster,WES,1320-5432,14,4,6,0,6,0,.100,100,16,26,1,0,1,0,3,0,10,0,0,35,1,8,0,1,0,0,29,0,1.86,0.07,0.57,0.00,0.21,2.07,,,,,,
2026-27,wvball,Presidents Athletic Conference (PAC),pac,Westminster,"Markun, Lexi",Lexi,Markun,,1451,"Markun, Lexi","MARKUN, LEXI",Westminster,WES,1320-5486,0,0,12,0,12,0,,,,,,,,,,,,,,,,,,,,,,,0,0,0,0,0,0,,,,,,
2026-27,wvball,Presidents Athletic Conference (PAC),pac,Westminster,"Commons, Ava",Ava,Commons,,1451,"Commons, Ava","COMMONS, AVA",Westminster,WES,1320-5434,8,0,16,0,16,0,.333,3,0,1,27,2,79,0,3,3,25,0,0,1,0,10,0,0,0,0,4,0,0.13,3.38,1.25,0.00,0.38,0.50,,,,,,
2026-27,wvball,Presidents Athletic Conference (PAC),pac,Westminster,"Mason, Julia",Julia,Mason,,1451,"Mason, Julia","MASON, JULIA",Westminster,WES,1320-5717,1,0,3,0,3,0,.000,0,0,0,2,0,2,0,0,0,0,0,0,0,0,0,0,0,0,0,0,0,0.00,2.00,0.00,0.00,0.00,0.00,,,,,,
2026-27,wvball,Presidents Athletic Conference (PAC),pac,Westminster,"Hayden, Grace",Grace,Hayden,,1451,"Hayden, Grace","HAYDEN, GRACE",Westminster,WES,1320-5713,0,0,5,0,5,0,,,,,,,,,,,,,,,,,,,,,,,0,0,0,0,0,0,,,,,,
2026-27,wvball,Presidents Athletic Conference (PAC),pac,Westminster,"Bishop, Suzie",Suzie,Bishop,,1451,"Bishop, Suzie","BISHOP, SUZIE",Westminster,WES,1320-5712,0,0,8,0,8,0,,,,,,,,,,,,,,,,,,,,,,,0,0,0,0,0,0,,,,,,
2026-27,wvball,Presidents Athletic Conference (PAC),pac,Westminster,"Renner, Jenna",Jenna,Renner,,1451,"Renner, Jenna","RENNER, JENNA",Westminster,WES,1320-5719,4,0,9,0,9,0,.333,9,1,4,0,0,1,0,0,0,0,0,0,0,0,2,0,0,0,0,4,0,1.00,0.00,0.50,0.00,0.00,1.00,,,,,,
2026-27,wvball,Presidents Athletic Conference (PAC),pac,Westminster,"Hayes, Sarah",Sarah,Hayes,,1451,"Hayes, Sarah","HAYES, SARAH",Westminster,WES,1320-5720,0,0,10,0,10,0,,,,,,,,,,,,,,,,,,,,,,,0,0,0,0,0,0,,,,,,
2026-27,wvball,Presidents Athletic Conference (PAC),pac,Westminster,"Boda, Alex",Alex,Boda,,1451,"Boda, Alex","BODA, ALEX",Westminster,WES,1320-5715,0,0,13,0,13,0,,,,,,,,,,,,,,,,,,,,,,,0,0,0,0,0,0,,,,,,
2026-27,wvball,Presidents Athletic Conference (PAC),pac,Westminster,"Strenk, Stephanie",Stephanie,Strenk,,1451,"Strenk, Stephanie","STRENK, STEPHANIE",Westminster,WES,1320-5716,19,6,14,0,14,0,.143,28,5,9,2,0,3,0,0,1,1,0,0,1,0,7,2,0,2,0,10,0,0.47,0.11,0.37,0.11,0.00,0.53,,,,,,
2026-27,wvball,Presidents Athletic Conference (PAC),pac,Westminster,"Seaman, Violet",Violet,Seaman,,1451,"Seaman, Violet","SEAMAN, VIOLET",Westminster,WES,1320-5714,19,6,17,0,17,0,.225,40,6,15,1,0,6,0,6,8,54,0,0,1,0,16,7,0,5,2,25.5,0,0.79,0.05,0.84,0.37,0.32,1.34,,,,,,
2026-27,wvball,Presidents Athletic Conference (PAC),pac,Westminster,"Revel, Gabriella",Gabriella,Revel,,1451,"Revel, Gabriella","REVEL, GABRIELLA",Westminster,WES,1320-5722,0,0,31,0,31,0,,,,,,,,,,,,,,,,,,,,,,,0,0,0,0,0,0,,,,,,
2026-27,wvball,Presidents Athletic Conference (PAC),pac,Westminster,"Coriano, Jayda",Jayda,Coriano,,1451,"Coriano, Jayda","CORIANO, JAYDA",Westminster,WES,1320-5723,0,0,25,0,25,0,,,,,,,,,,,,,,,,,,,,,,,0,0,0,0,0,0,,,,,,
2026-27,wvball,Presidents Athletic Conference (PAC),pac,Westminster,"Defrank, Amara",Amara,Defrank,,1451,"Defrank, Amara","DEFRANK, AMARA",Westminster,WES,1320-5452,0,0,26,0,26,0,,,,,,,,,,,,,,,,,,,,,,,0,0,0,0,0,0,,,,,,
2026-27,wvball,Presidents Athletic Conference (PAC),pac,Westminster,"Sherred, JayLynn",JayLynn,Sherred,,1451,"Sherred, JayLynn","SHERRED, JAYLYNN",Westminster,WES,1320-5718,0,0,29,0,29,0,,,,,,,,,,,,,,,,,,,,,,,0,0,0,0,0,0,,,,,,
2026-27,wvball,Presidents Athletic Conference (PAC),pac,Allegheny,"Akbas, Duru",Duru,Akbas,,19,"Akbas, Duru","AKBAS, DURU",Allegheny,All,0,18,0,3,0,3,0,.000,9,0,0,26,2,78,0,6,6,62,0,0,116,13,86,0,0,0,0,6,0,0.00,1.44,4.78,0.00,0.33,0.33,,,,,,
2026-27,wvball,Presidents Athletic Conference (PAC),pac,Allegheny,"Fatola, Skyler",Skyler,Fatola,,19,"Fatola, Skyler","FATOLA, SKYLER",Allegheny,All,0,18,7,11,0,11,0,.292,65,15,34,1,1,5,0,0,0,0,0,0,0,0,4,16,1,14,2,43,0,1.89,0.06,0.22,0.89,0.00,2.39,,,,,,
2026-27,wvball,Presidents Athletic Conference (PAC),pac,Allegheny,"Beers, Carly",Carly,Beers,,19,"Beers, Carly","BEERS, CARLY",Allegheny,All,0,18,0,19,0,19,0,.076,79,17,23,0,0,5,0,0,0,0,0,0,3,0,5,2,0,2,0,24,0,1.28,0.00,0.28,0.11,0.00,1.33,,,,,,
2026-27,wvball,Presidents Athletic Conference (PAC),pac,Allegheny,"Brunn, Kendall",Kendall,Brunn,,19,"Brunn, Kendall","BRUNN, KENDALL",Allegheny,All,0,18,7,0,0,0,0,.148,61,12,21,1,0,10,0,1,3,39,0,0,8,0,8,8,1,7,1,26.5,0,1.17,0.06,0.44,0.44,0.06,1.47,,,,,,
2026-27,wvball,Presidents Athletic Conference (PAC),pac,Allegheny,"Pepperman, Carlee",Carlee,Pepperman,,19,"Pepperman, Carlee","PEPPERMAN, CARLEE",Allegheny,All,0,18,7,7,0,7,0,.138,94,13,26,4,1,27,0,11,4,91,0,0,142,10,43,4,1,4,0,39,0,1.44,0.22,2.39,0.22,0.61,2.17,,,,,,
2026-27,wvball,Presidents Athletic Conference (PAC),pac,Allegheny,"Johnson, Bella",Bella,Johnson,,19,"Johnson, Bella","JOHNSON, BELLA",Allegheny,All,0,18,7,5,0,5,0,.000,6,1,1,1,0,6,0,0,0,0,0,0,60,9,9,0,0,0,0,1,0,0.06,0.06,0.50,0.00,0.00,0.06,,,,,,
2026-27,wvball,Presidents Athletic Conference (PAC),pac,Allegheny,"Miller, Joanna",Joanna,Miller,,19,"Miller, Joanna","MILLER, JOANNA",Allegheny,All,0,17,7,10,0,10,0,.000,12,1,1,76,7,232,0,4,2,56,0,0,3,1,28,1,0,1,0,5.5,0,0.06,4.47,1.65,0.06,0.24,0.32,,,,,,
2026-27,wvball,Presidents Athletic Conference (PAC),pac,Allegheny,"Quirarte, Isabella",Isabella,Quirarte,,19,"Quirarte, Isabella","QUIRARTE, ISABELLA",Allegheny,All,0,1,0,14,0,14,0,.000,0,0,0,0,0,0,0,0,0,0,0,0,0,0,0,0,0,0,0,0.0,0,0.00,0.00,0.00,0.00,0.00,0.00,,,,,,
2026-27,wvball,Presidents Athletic Conference (PAC),pac,Allegheny,"Rosado Roldán, Valeria",Valeria,Rosado Roldán,,19,"Rosado Roldán, Valeria","ROSADO ROLDáN, VALERIA",Allegheny,All,0,9,0,16,0,16,0,.000,0,0,0,1,0,2,0,0,1,10,0,0,0,0,1,0,0,0,0,0,0,0.00,0.11,0.11,0.00,0.00,0.00,,,,,,
2026-27,wvball,Presidents Athletic Conference (PAC),pac,Allegheny,"Mendez, Reilly",Reilly,Mendez,,19,"Mendez, Reilly","MENDEZ, REILLY",Allegheny,All,0,3,0,26,0,26,0,.000,17,6,6,0,0,1,0,0,0,0,0,0,1,0,0,2,0,2,0,7.0,0,2.00,0.00,0.00,0.67,0.00,2.33,,,,,,
2026-27,wvball,Presidents Athletic Conference (PAC),pac,Allegheny,"Negrón, Yazmín",Yazmín,Negrón,,19,"Negrón, Yazmín","NEGRóN, YAZMíN",Allegheny,All,0,1,0,27,0,27,0,.000,0,0,0,0,0,0,0,0,0,1,0,0,2,1,0,0,0,0,0,0.0,0,0.00,0.00,0.00,0.00,0.00,0.00,,,,,,
2026-27,wvball,Presidents Athletic Conference (PAC),pac,Allegheny,"Keefer, Kaelyn",Kaelyn,Keefer,,19,"Keefer, Kaelyn","KEEFER, KAELYN",Allegheny,All,0,0,0,2,0,2,0,,,,,,,,,,,,,,,,,,,,,,,0,0,0,0,0,0,,,,,,
2026-27,wvball,Presidents Athletic Conference (PAC),pac,Allegheny,"Godzich, Sophia",Sophia,Godzich,,19,"Godzich, Sophia","GODZICH, SOPHIA",Allegheny,All,0,0,0,1,0,1,0,,,,,,,,,,,,,,,,,,,,,,,0,0,0,0,0,0,,,,,,
2026-27,wvball,Presidents Athletic Conference (PAC),pac,Allegheny,"Smetana, Jillian",Jillian,Smetana,,19,"Smetana, Jillian","SMETANA, JILLIAN",Allegheny,All,0,18,0,20,0,20,0,.163,135,23,45,1,1,12,0,0,6,40,0,0,14,0,11,7,1,7,0,48.5,0,2.50,0.06,0.61,0.39,0.00,2.69,,,,,,
2026-27,wvball,Presidents Athletic Conference (PAC),pac,Allegheny,"Rish, Marissa",Marissa,Rish,,19,"Rish, Marissa","RISH, MARISSA",Allegheny,All,0,18,7,21,0,21,0,.176,108,22,41,77,7,251,0,7,8,54,0,0,8,0,45,7,1,7,0,51.5,0,2.28,4.28,2.50,0.39,0.39,2.86,,,,,,
2026-27,wvball,Presidents Athletic Conference (PAC),pac,Allegheny,"Bruner, Kate",Kate,Bruner,,19,"Bruner, Kate","BRUNER, KATE",Allegheny,All,0,3,0,24,0,24,0,.000,0,0,0,0,0,0,0,2,1,6,0,0,3,0,2,0,0,0,0,2,0,0.00,0.00,0.67,0.00,0.67,0.67,,,,,,
2026-27,wvball,Presidents Athletic Conference (PAC),pac,Allegheny,"Wicker, Jalyssa",Jalyssa,Wicker,,19,"Wicker, Jalyssa","WICKER, JALYSSA",Allegheny,All,0,0,0,17,0,17,0,,,,,,,,,,,,,,,,,,,,,,,0,0,0,0,0,0,,,,,,
2026-27,wvball,Presidents Athletic Conference (PAC),pac,Allegheny,"Northrup, Ande",Ande,Northrup,,19,"Northrup, Ande","NORTHRUP, ANDE",Allegheny,All,0,5,0,6,0,6,0,.000,0,0,0,0,0,0,0,2,1,12,0,0,2,0,2,0,0,0,0,2,0,0.00,0.00,0.40,0.00,0.40,0.40,,,,,,
2026-27,wvball,Presidents Athletic Conference (PAC),pac,Allegheny,",",,,,19,", ",", ",Allegheny,All,1213-4101,0,0,17,0,17,0,,,,,,,,,,,,,,,,,,,,,,,0,0,0,0,0,0,,,,,,
2026-27,wvball,Presidents Athletic Conference (PAC),pac,Allegheny,",",,,,19,", ",", ",Allegheny,All,1213-4102,3,0,6,0,6,0,.000,0,0,0,0,0,0,0,0,0,6,0,0,0,0,0,0,0,0,0,0.0,0,0.00,0.00,0.00,0.00,0.00,0.00,,,,,,
2026-27,wvball,Presidents Athletic Conference (PAC),pac,W&J,"Anzevino, Bella",Bella,Anzevino,,751,"Anzevino, Bella","ANZEVINO, BELLA",W&J,WJC,1318-2544,14,0,3,0,3,0,.000,0,0,0,1,0,4,0,0,0,1,0,0,35,5,17,0,0,0,0,0,0,0.00,0.07,1.21,0.00,0.00,0.00,,,,,,
2026-27,wvball,Presidents Athletic Conference (PAC),pac,W&J,"Leadbitter, Gabby",Gabby,Leadbitter,,751,"Leadbitter, Gabby","LEADBITTER, GABBY",W&J,WJC,1318-2545,12,0,6,0,6,0,.000,0,0,0,2,0,8,0,0,0,1,0,0,28,3,12,0,0,0,0,0,0,0.00,0.17,1.00,0.00,0.00,0.00,,,,,,
2026-27,wvball,Presidents Athletic Conference (PAC),pac,W&J,"Moorhouse, Brielle",Brielle,Moorhouse,,751,"Moorhouse, Brielle","MOORHOUSE, BRIELLE",W&J,WJC,1318-2546,17,7,7,0,7,0,.000,15,1,1,65,3,234,0,6,2,72,0,0,0,0,43,0,0,0,0,7,1,0.06,3.82,2.53,0.00,0.35,0.41,,,,,,
2026-27,wvball,Presidents Athletic Conference (PAC),pac,W&J,"Benz, Rian",Rian,Benz,,751,"Benz, Rian","BENZ, RIAN",W&J,WJC,1318-2547,17,9,8,0,8,0,.175,143,21,46,3,0,18,0,3,1,52,0,0,93,11,30,1,0,1,0,49.5,0,2.71,0.18,1.76,0.06,0.18,2.91,,,,,,
2026-27,wvball,Presidents Athletic Conference (PAC),pac,W&J,"Little, Sophie",Sophie,Little,,751,"Little, Sophie","LITTLE, SOPHIE",W&J,WJC,1318-2549,0,0,31,0,31,0,,,,,,,,,,,,,,,,,,,,,,,0,0,0,0,0,0,,,,,,
2026-27,wvball,Presidents Athletic Conference (PAC),pac,W&J,"Oldham, Abby",Abby,Oldham,,751,"Oldham, Abby","OLDHAM, ABBY",W&J,WJC,1318-2553,16,10,19,0,19,0,.259,58,5,20,1,0,5,0,0,0,0,0,0,0,0,2,12,1,11,1,26.5,0,1.25,0.06,0.13,0.75,0.00,1.66,,,,,,
2026-27,wvball,Presidents Athletic Conference (PAC),pac,W&J,"Watson, Anna",Anna,Watson,,751,"Watson, Anna","WATSON, ANNA",W&J,WJC,1318-2554,0,0,5,0,5,0,,,,,,,,,,,,,,,,,,,,,,,0,0,0,0,0,0,,,,,,
2026-27,wvball,Presidents Athletic Conference (PAC),pac,W&J,"Trn, Alyssa",Alyssa,Trn,,751,"Trn, Alyssa","TRN, ALYSSA",W&J,WJC,1318-2777,1,0,1,0,1,0,-1.000,2,2,0,0,0,1,0,0,0,0,0,0,0,0,0,0,0,0,0,0,0,0.00,0.00,0.00,0.00,0.00,0.00,,,,,,
2026-27,wvball,Presidents Athletic Conference (PAC),pac,W&J,"Padovano, Emma",Emma,Padovano,,751,"Padovano, Emma","PADOVANO, EMMA",W&J,WJC,1318-2778,12,2,9,0,9,0,.083,36,7,10,0,0,4,0,0,0,0,0,0,3,0,7,6,2,6,0,13,0,0.83,0.00,0.58,0.50,0.00,1.08,,,,,,
2026-27,wvball,Presidents Athletic Conference (PAC),pac,W&J,"Bottiglieri, Isabella",Isabella,Bottiglieri,,751,"Bottiglieri, Isabella","BOTTIGLIERI, ISABELLA",W&J,WJC,1318-3133,17,3,4,0,4,0,.273,11,1,4,71,4,230,0,6,7,59,0,0,1,0,42,0,0,0,0,10,1,0.24,4.18,2.47,0.00,0.35,0.59,,,,,,
2026-27,wvball,Presidents Athletic Conference (PAC),pac,W&J,"Sirianni, Jordan",Jordan,Sirianni,,751,"Sirianni, Jordan","SIRIANNI, JORDAN",W&J,WJC,1318-3134,7,1,10,0,10,0,-.333,3,1,0,0,0,1,0,1,2,13,0,0,23,8,6,0,0,0,0,1,0,0.00,0.00,0.86,0.00,0.14,0.14,,,,,,
2026-27,wvball,Presidents Athletic Conference (PAC),pac,W&J,"Dagen, Cali",Cali,Dagen,,751,"Dagen, Cali","DAGEN, CALI",W&J,WJC,1318-3135,16,10,14,0,14,0,.062,145,39,48,1,1,13,0,5,5,53,0,0,82,10,24,3,1,2,1,55,0,3.00,0.06,1.50,0.19,0.31,3.44,,,,,,
2026-27,wvball,Presidents Athletic Conference (PAC),pac,W&J,"Stossel, Stella",Stella,Stossel,,751,"Stossel, Stella","STOSSEL, STELLA",W&J,WJC,1318-3136,3,3,17,0,17,0,-.133,15,4,2,0,0,2,0,0,0,0,0,0,0,0,1,0,0,0,0,2,0,0.67,0.00,0.33,0.00,0.00,0.67,,,,,,
2026-27,wvball,Presidents Athletic Conference (PAC),pac,W&J,"Allen, Sydney",Sydney,Allen,,751,"Allen, Sydney","ALLEN, SYDNEY",W&J,WJC,1318-3137,17,0,21,0,21,0,-.045,22,2,1,22,1,80,0,8,3,65,0,0,70,3,85,0,0,0,0,9,0,0.06,1.29,5.00,0.00,0.47,0.53,,,,,,
2026-27,wvball,Presidents Athletic Conference (PAC),pac,W&J,"Jacobs, Lola",Lola,Jacobs,,751,"Jacobs, Lola","JACOBS, LOLA",W&J,WJC,1318-3138,17,10,23,0,23,0,.216,88,10,29,1,1,8,0,5,3,51,0,0,0,0,8,11,0,11,0,39.5,0,1.71,0.06,0.47,0.65,0.29,2.32,,,,,,
2026-27,wvball,Presidents Athletic Conference (PAC),pac,W&J,"Altman, Ayla",Ayla,Altman,,751,"Altman, Ayla","ALTMAN, AYLA",W&J,WJC,1318-3649,1,0,26,0,26,0,.000,0,0,0,0,0,0,0,0,0,0,0,0,1,1,2,0,0,0,0,0,0,0.00,0.00,2.00,0.00,0.00,0.00,,,,,,
2026-27,wvball,Presidents Athletic Conference (PAC),pac,W&J,"Adams, Kenna",Kenna,Adams,,751,"Adams, Kenna","ADAMS, KENNA",W&J,WJC,1318-3470,2,0,18,0,18,0,-.500,6,4,1,0,0,2,0,0,0,1,0,0,2,0,0,1,0,1,0,1.5,0,0.50,0.00,0.00,0.50,0.00,0.75,,,,,,
2026-27,wvball,Presidents Athletic Conference (PAC),pac,W&J,"Fetchik, Aubrey",Aubrey,Fetchik,,751,"Fetchik, Aubrey","FETCHIK, AUBREY",W&J,WJC,1318-3468,7,0,12,0,12,0,.032,31,5,6,0,0,4,0,0,0,0,0,0,0,0,1,6,0,6,0,9,0,0.86,0.00,0.14,0.86,0.00,1.29,,,,,,
2026-27,wvball,Presidents Athletic Conference (PAC),pac,W&J,"Gale, Morgan",Morgan,Gale,,751,"Gale, Morgan","GALE, MORGAN",W&J,WJC,1318-3471,0,0,22,0,22,0,,,,,,,,,,,,,,,,,,,,,,,0,0,0,0,0,0,,,,,,
2026-27,wvball,Presidents Athletic Conference (PAC),pac,W&J,"Hatzel, Kaelyn",Kaelyn,Hatzel,,751,"Hatzel, Kaelyn","HATZEL, KAELYN",W&J,WJC,1318-3467,0,0,2,0,2,0,,,,,,,,,,,,,,,,,,,,,,,0,0,0,0,0,0,,,,,,
2026-27,wvball,Presidents Athletic Conference (PAC),pac,W&J,"McKnight, Eva",Eva,McKnight,,751,"McKnight, Eva","MCKNIGHT, EVA",W&J,WJC,1318-3469,14,5,15,0,15,0,.143,28,6,10,0,0,2,0,0,0,0,0,0,0,0,2,9,2,8,1,15,0,0.71,0.00,0.14,0.64,0.00,1.07,,,,,,
2026-27,wvball,Presidents Athletic Conference (PAC),pac,W&J,"Dorsey, Callie",Callie,Dorsey,,751,"Dorsey, Callie","DORSEY, CALLIE",W&J,WJC,1318-3139,0,0,11,0,11,0,,,,,,,,,,,,,,,,,,,,,,,0,0,0,0,0,0,,,,,,
2026-27,wvball,Presidents Athletic Conference (PAC),pac,Franciscan,"Miller, Tessa",Tessa,Miller,,30069,"Miller, Tessa","MILLER, TESSA",Franciscan,FRN,2047-2515,12,5,1,0,1,0,-.100,20,3,1,0,0,3,0,0,0,0,0,0,0,0,0,3,0,2,1,3,0,0.08,0.00,0.00,0.25,0.00,0.25,,,,,,
2026-27,wvball,Presidents Athletic Conference (PAC),pac,Franciscan,"Smart, Meg",Meg,Smart,,30069,"Smart, Meg","SMART, MEG",Franciscan,FRN,2047-2514,9,2,8,0,8,0,.333,9,0,3,22,4,102,0,2,3,13,0,0,0,0,11,0,0,0,0,5,0,0.33,2.44,1.22,0.00,0.22,0.56,,,,,,
2026-27,wvball,Presidents Athletic Conference (PAC),pac,Franciscan,"Heisler, Therese",Therese,Heisler,,30069,"Heisler, Therese","HEISLER, THERESE",Franciscan,FRN,2047-2516,12,1,3,0,3,0,.129,31,4,8,0,0,2,0,0,0,0,0,0,0,0,2,2,0,2,0,9,0,0.67,0.00,0.17,0.17,0.00,0.75,,,,,,
2026-27,wvball,Presidents Athletic Conference (PAC),pac,Franciscan,"Guard, Anna",Anna,Guard,,30069,"Guard, Anna","GUARD, ANNA",Franciscan,FRN,2047-3167,14,5,2,0,2,0,.215,121,19,45,6,1,25,0,4,5,47,0,0,47,1,33,3,0,3,0,50.5,1,3.21,0.43,2.36,0.21,0.29,3.61,,,,,,
2026-27,wvball,Presidents Athletic Conference (PAC),pac,Franciscan,"Clyde, Sarah",Sarah,Clyde,,30069,"Clyde, Sarah","CLYDE, SARAH",Franciscan,FRN,2047-2684,13,5,14,0,14,0,.073,41,9,12,2,0,7,0,0,0,0,0,0,0,0,4,7,0,5,2,16.5,1,0.92,0.15,0.31,0.54,0.00,1.27,,,,,,
2026-27,wvball,Presidents Athletic Conference (PAC),pac,Franciscan,"Brandwein, Julia",Julia,Brandwein,,30069,"Brandwein, Julia","BRANDWEIN, JULIA",Franciscan,FRN,2047-2683,2,0,9,0,9,0,.000,1,0,0,6,0,14,0,0,1,5,0,0,0,0,0,0,0,0,0,0,0,0.00,3.00,0.00,0.00,0.00,0.00,,,,,,
2026-27,wvball,Presidents Athletic Conference (PAC),pac,Franciscan,"Hickey, Kaitlan",Kaitlan,Hickey,,30069,"Hickey, Kaitlan","HICKEY, KAITLAN",Franciscan,FRN,2047-2678,14,0,10,0,10,0,.000,9,0,0,15,0,57,0,5,7,60,0,0,72,5,75,0,0,0,0,5,0,0.00,1.07,5.36,0.00,0.36,0.36,,,,,,
2026-27,wvball,Presidents Athletic Conference (PAC),pac,Franciscan,"Fox, Emma",Emma,Fox,,30069,"Fox, Emma","FOX, EMMA",Franciscan,FRN,2047-2930,1,0,21,0,21,0,.000,0,0,0,0,0,1,0,0,0,0,0,0,0,0,0,1,0,1,0,0.5,0,0.00,0.00,0.00,1.00,0.00,0.50,,,,,,
2026-27,wvball,Presidents Athletic Conference (PAC),pac,Franciscan,"Hickey, Logan",Logan,Hickey,,30069,"Hickey, Logan","HICKEY, LOGAN",Franciscan,FRN,2047-2926,14,5,20,0,20,0,.287,157,12,57,4,1,23,0,1,0,36,0,0,104,7,44,4,1,1,3,61.5,1,4.07,0.29,3.14,0.29,0.07,4.39,,,,,,
2026-27,wvball,Presidents Athletic Conference (PAC),pac,Franciscan,"Linklater, Caroline",Caroline,Linklater,,30069,"Linklater, Caroline","LINKLATER, CAROLINE",Franciscan,FRN,2047-2928,14,4,24,0,24,0,.088,57,11,16,1,1,9,0,0,2,23,0,0,10,1,5,3,0,2,1,18,0,1.14,0.07,0.36,0.21,0.00,1.29,,,,,,
2026-27,wvball,Presidents Athletic Conference (PAC),pac,Franciscan,"Rook, Julia",Julia,Rook,,30069,"Rook, Julia","ROOK, JULIA",Franciscan,FRN,2047-2927,13,0,6,0,6,0,.000,1,0,0,0,0,0,0,5,5,38,0,0,2,0,6,0,0,0,0,5,0,0.00,0.00,0.46,0.00,0.38,0.38,,,,,,
2026-27,wvball,Presidents Athletic Conference (PAC),pac,Franciscan,"Peters, Monika",Monika,Peters,,30069,"Peters, Monika","PETERS, MONIKA",Franciscan,FRN,2047-3164,8,2,4,0,4,0,-.250,4,1,0,35,3,110,0,3,4,28,0,0,0,0,18,0,0,0,0,3,0,0.00,4.38,2.25,0.00,0.38,0.38,,,,,,
2026-27,wvball,Presidents Athletic Conference (PAC),pac,Franciscan,"Zitkovic, Hollyann",Hollyann,Zitkovic,,30069,"Zitkovic, Hollyann","ZITKOVIC, HOLLYANN",Franciscan,FRN,2047-3169,4,0,5,0,5,0,.000,0,0,0,0,0,1,0,1,1,6,0,0,0,0,0,0,0,0,0,1,0,0.00,0.00,0.00,0.00,0.25,0.25,,,,,,
2026-27,wvball,Presidents Athletic Conference (PAC),pac,Franciscan,"Plunkett, Sydney Wilson",Sydney Wilson,Plunkett,,30069,"Plunkett, Sydney Wilson","PLUNKETT, SYDNEY WILSON",Franciscan,FRN,2047-3165,3,0,7,0,7,0,.000,0,0,0,0,0,1,0,2,1,5,0,0,1,0,1,0,0,0,0,2.0,0,0.00,0.00,0.33,0.00,0.67,0.67,,,,,,
2026-27,wvball,Presidents Athletic Conference (PAC),pac,Franciscan,"Anderson, Reese",Reese,Anderson,,30069,"Anderson, Reese","ANDERSON, REESE",Franciscan,FRN,2047-3161,12,1,22,0,22,0,.133,15,1,3,43,1,139,0,1,4,20,0,0,0,0,16,1,0,0,1,5,1,0.25,3.58,1.33,0.08,0.08,0.42,,,,,,
2026-27,wvball,Presidents Athletic Conference (PAC),pac,Franciscan,"Miller, Lucy",Lucy,Miller,,30069,"Miller, Lucy","MILLER, LUCY",Franciscan,FRN,2047-3163,2,0,23,0,23,0,.000,0,0,0,0,0,0,0,0,0,1,0,0,0,0,0,0,0,0,0,0.0,0,0.00,0.00,0.00,0.00,0.00,0.00,,,,,,
2026-27,wvball,Presidents Athletic Conference (PAC),pac,Franciscan,"Ryan, McKenna",McKenna,Ryan,,30069,"Ryan, McKenna","RYAN, MCKENNA",Franciscan,FRN,2047-3166,4,0,25,0,25,0,.364,11,0,4,1,0,2,0,0,0,0,0,0,1,0,2,0,0,0,0,4,0,1.00,0.25,0.50,0.00,0.00,1.00,,,,,,
2026-27,wvball,Presidents Athletic Conference (PAC),pac,Franciscan,"Strouble, Charlotte",Charlotte,Strouble,,30069,"Strouble, Charlotte","STROUBLE, CHARLOTTE",Franciscan,FRN,2047-3168,5,0,26,0,26,0,.000,0,0,0,0,0,3,0,1,1,4,0,0,13,0,4,0,0,0,0,1,0,0.00,0.00,0.80,0.00,0.20,0.20,,,,,,
2026-27,wvball,Presidents Athletic Conference (PAC),pac,Franciscan,"Howald, Aly",Aly,Howald,,30069,"Howald, Aly","HOWALD, ALY",Franciscan,FRN,0,0,0,16,0,16,0,,,,,,,,,,,,,,,,,,,,,,,0,0,0,0,0,0,,,,,,
2026-27,wvball,Presidents Athletic Conference (PAC),pac,Saint Vincent,"Eagler, Madie",Madie,Eagler,,30064,"Eagler, Madie","EAGLER, MADIE",Saint Vincent,F-30064,1315-4075,14,5,16,0,16,0,.152,33,3,8,68,9,261,0,3,5,25,0,0,2,0,8,1,1,0,1,12,0,0.57,4.86,0.57,0.07,0.21,0.86,,,,,,
2026-27,wvball,Presidents Athletic Conference (PAC),pac,Saint Vincent,"George, Sabrina",Sabrina,George,,30064,"George, Sabrina","GEORGE, SABRINA",Saint Vincent,F-30064,1315-4307,14,5,27,0,27,0,.098,51,11,16,0,0,11,0,10,11,49,0,0,2,0,11,7,0,2,5,32,0,1.14,0.00,0.79,0.50,0.71,2.29,,,,,,
2026-27,wvball,Presidents Athletic Conference (PAC),pac,Saint Vincent,"Goldstein, Maria",Maria,Goldstein,,30064,"Goldstein, Maria","GOLDSTEIN, MARIA",Saint Vincent,F-30064,1315-4308,14,5,11,0,11,0,-.071,14,2,1,2,1,16,0,10,8,71,0,0,54,3,33,0,0,0,0,11,0,0.07,0.14,2.36,0.00,0.71,0.79,,,,,,
2026-27,wvball,Presidents Athletic Conference (PAC),pac,Saint Vincent,"Marino, Mikena",Mikena,Marino,,30064,"Marino, Mikena","MARINO, MIKENA",Saint Vincent,F-30064,1315-4312,6,0,25,0,25,0,.000,0,0,0,0,0,0,0,0,0,0,0,0,1,0,0,0,0,0,0,0,0,0.00,0.00,0.00,0.00,0.00,0.00,,,,,,
2026-27,wvball,Presidents Athletic Conference (PAC),pac,Saint Vincent,"Siwula, Aubrey",Aubrey,Siwula,,30064,"Siwula, Aubrey","SIWULA, AUBREY",Saint Vincent,F-30064,1315-4315,14,5,3,0,3,0,.070,143,23,33,10,3,39,0,4,4,57,0,0,90,8,51,3,0,1,2,39.5,0,2.36,0.71,3.64,0.21,0.29,2.82,,,,,,
2026-27,wvball,Presidents Athletic Conference (PAC),pac,Saint Vincent,"Williams, Meegan",Meegan,Williams,,30064,"Williams, Meegan","WILLIAMS, MEEGAN",Saint Vincent,F-30064,1315-4318,14,5,18,0,18,0,.160,163,27,53,4,2,32,0,2,3,37,0,0,51,0,47,7,0,1,6,61.5,0,3.79,0.29,3.36,0.50,0.14,4.39,,,,,,
2026-27,wvball,Presidents Athletic Conference (PAC),pac,Saint Vincent,"McCracken, Brenna",Brenna,McCracken,,30064,"McCracken, Brenna","MCCRACKEN, BRENNA",Saint Vincent,F-30064,1315-4488,14,0,4,0,4,0,-.125,8,1,0,11,2,41,0,2,6,28,0,0,74,4,61,0,0,0,0,2,0,0.00,0.79,4.36,0.00,0.14,0.14,,,,,,
2026-27,wvball,Presidents Athletic Conference (PAC),pac,Saint Vincent,"Green, Bailey",Bailey,Green,,30064,"Green, Bailey","GREEN, BAILEY",Saint Vincent,F-30064,1315-4487,10,0,8,0,8,0,-.167,6,1,0,19,3,104,0,3,2,23,0,0,0,0,11,0,0,0,0,3,0,0.00,1.90,1.10,0.00,0.30,0.30,,,,,,
2026-27,wvball,Presidents Athletic Conference (PAC),pac,Saint Vincent,"Estremera, Jolina",Jolina,Estremera,,30064,"Estremera, Jolina","ESTREMERA, JOLINA",Saint Vincent,F-30064,1315-4620,0,0,5,0,5,0,,,,,,,,,,,,,,,,,,,,,,,0,0,0,0,0,0,,,,,,
2026-27,wvball,Presidents Athletic Conference (PAC),pac,Saint Vincent,"Schutz, Ashlynn",Ashlynn,Schutz,,30064,"Schutz, Ashlynn","SCHUTZ, ASHLYNN",Saint Vincent,F-30064,1315-4489,14,5,20,0,20,0,-.029,34,8,7,4,2,9,0,1,2,3,0,0,0,0,6,4,0,1,3,11.5,0,0.50,0.29,0.43,0.29,0.07,0.82,,,,,,
2026-27,wvball,Presidents Athletic Conference (PAC),pac,Saint Vincent,"Strickland, Allison",Allison,Strickland,,30064,"Strickland, Allison","STRICKLAND, ALLISON",Saint Vincent,F-30064,1315-4490,0,0,26,0,26,0,,,,,,,,,,,,,,,,,,,,,,,0,0,0,0,0,0,,,,,,
2026-27,wvball,Presidents Athletic Conference (PAC),pac,Saint Vincent,"VanSlander, Rachael",Rachael,VanSlander,,30064,"VanSlander, Rachael","VANSLANDER, RACHAEL",Saint Vincent,F-30064,1315-4626,0,0,2,0,2,0,,,,,,,,,,,,,,,,,,,,,,,0,0,0,0,0,0,,,,,,
2026-27,wvball,Presidents Athletic Conference (PAC),pac,Saint Vincent,"Stone, Hannah",Hannah,Stone,,30064,"Stone, Hannah","STONE, HANNAH",Saint Vincent,F-30064,1315-4625,14,0,9,0,9,0,.034,58,12,14,1,1,7,0,0,0,0,0,0,0,0,4,1,0,1,0,14.5,0,1.00,0.07,0.29,0.07,0.00,1.04,,,,,,
2026-27,wvball,Presidents Athletic Conference (PAC),pac,Saint Vincent,"Oshnock, Allison",Allison,Oshnock,,30064,"Oshnock, Allison","OSHNOCK, ALLISON",Saint Vincent,F-30064,1315-4623,0,0,10,0,10,0,,,,,,,,,,,,,,,,,,,,,,,0,0,0,0,0,0,,,,,,
2026-27,wvball,Presidents Athletic Conference (PAC),pac,Saint Vincent,"Horchak, Preslee",Preslee,Horchak,,30064,"Horchak, Preslee","HORCHAK, PRESLEE",Saint Vincent,F-30064,1315-4622,2,0,14,0,14,0,.000,0,0,0,7,0,28,0,0,0,0,0,0,0,0,2,0,0,0,0,0.0,0,0.00,3.50,1.00,0.00,0.00,0.00,,,,,,
2026-27,wvball,Presidents Athletic Conference (PAC),pac,Saint Vincent,"Hardy, Elliot",Elliot,Hardy,,30064,"Hardy, Elliot","HARDY, ELLIOT",Saint Vincent,F-30064,1315-4621,1,0,29,0,29,0,.333,3,0,1,0,0,0,0,0,0,0,0,0,6,1,0,0,0,0,0,1,0,1.00,0.00,0.00,0.00,0.00,1.00,,,,,,
2026-27,wvball,Presidents Athletic Conference (PAC),pac,Saint Vincent,"Brisbane, Isabella",Isabella,Brisbane,,30064,"Brisbane, Isabella","BRISBANE, ISABELLA",Saint Vincent,F-30064,1315-4618,0,0,21,0,21,0,,,,,,,,,,,,,,,,,,,,,,,0,0,0,0,0,0,,,,,,
2026-27,wvball,Presidents Athletic Conference (PAC),pac,Saint Vincent,"Burdge, Madyson",Madyson,Burdge,,30064,"Burdge, Madyson","BURDGE, MADYSON",Saint Vincent,F-30064,1315-4619,0,0,23,0,23,0,,,,,,,,,,,,,,,,,,,,,,,0,0,0,0,0,0,,,,,,
2026-27,wvball,Presidents Athletic Conference (PAC),pac,Saint Vincent,"Piraino, Maria",Maria,Piraino,,30064,"Piraino, Maria","PIRAINO, MARIA",Saint Vincent,F-30064,1315-4624,1,0,17,0,17,0,.000,0,0,0,0,0,0,0,0,0,0,0,0,0,0,0,0,0,0,0,0,0,0.00,0.00,0.00,0.00,0.00,0.00,,,,,,
2026-27,wvball,Presidents Athletic Conference (PAC),pac,Geneva,"Alexander, Daphne",Daphne,Alexander,,30084,"Alexander, Daphne","ALEXANDER, DAPHNE",Geneva,GEN,701-2119,15,4,27,0,27,0,.417,60,5,30,2,0,13,0,7,3,23,0,0,7,0,5,9,0,8,1,42,0,2.00,0.13,0.33,0.60,0.47,2.80,,,,,,
2026-27,wvball,Presidents Athletic Conference (PAC),pac,Geneva,"Lee, Gracyn",Gracyn,Lee,,30084,"Lee, Gracyn","LEE, GRACYN",Geneva,GEN,701-2122,10,1,17,0,17,0,.160,25,6,10,0,1,3,0,0,0,0,0,0,0,0,2,4,0,3,1,12.5,0,1.00,0.00,0.20,0.40,0.00,1.25,,,,,,
2026-27,wvball,Presidents Athletic Conference (PAC),pac,Geneva,"Seboe, Katie",Katie,Seboe,,30084,"Seboe, Katie","SEBOE, KATIE",Geneva,GEN,701-2124,19,4,26,0,26,0,.148,115,21,38,0,0,6,0,0,0,0,0,0,15,2,8,8,1,7,1,42.5,0,2.00,0.00,0.42,0.42,0.00,2.24,,,,,,
2026-27,wvball,Presidents Athletic Conference (PAC),pac,Geneva,"Goonewardene, Laura",Laura,Goonewardene,,30084,"Goonewardene, Laura","GOONEWARDENE, LAURA",Geneva,GEN,701-2357,19,0,2,0,2,0,.000,9,1,1,62,2,221,0,6,5,71,0,0,0,0,25,0,0,0,0,7,0,0.05,3.26,1.32,0.00,0.32,0.37,,,,,,
2026-27,wvball,Presidents Athletic Conference (PAC),pac,Geneva,"DeRuiter, Madi",Madi,DeRuiter,,30084,"DeRuiter, Madi","DERUITER, MADI",Geneva,GEN,701-2358,1,0,12,0,12,0,-1.000,1,1,0,0,0,1,0,0,0,2,0,0,0,0,0,0,0,0,0,0.0,0,0.00,0.00,0.00,0.00,0.00,0.00,,,,,,
2026-27,wvball,Presidents Athletic Conference (PAC),pac,Geneva,"Baird, Rachel",Rachel,Baird,,30084,"Baird, Rachel","BAIRD, RACHEL",Geneva,GEN,701-2525,19,0,20,0,20,0,.165,91,14,29,0,0,9,0,0,0,0,0,0,4,2,12,5,0,4,1,32,0,1.53,0.00,0.63,0.26,0.00,1.68,,,,,,
2026-27,wvball,Presidents Athletic Conference (PAC),pac,Geneva,"Land, Ruthie",Ruthie,Land,,30084,"Land, Ruthie","LAND, RUTHIE",Geneva,GEN,701-2529,15,1,10,0,10,0,-.118,17,4,2,0,2,9,0,8,4,43,0,0,62,10,45,0,0,0,0,10,0,0.13,0.00,3.00,0.00,0.53,0.67,,,,,,
2026-27,wvball,Presidents Athletic Conference (PAC),pac,Geneva,"George, Tirzah",Tirzah,George,,30084,"George, Tirzah","GEORGE, TIRZAH",Geneva,GEN,701-2449,0,0,14,0,14,0,,,,,,,,,,,,,,,,,,,,,,,0,0,0,0,0,0,,,,,,
2026-27,wvball,Presidents Athletic Conference (PAC),pac,Geneva,"Anderson, Kendall",Kendall,Anderson,,30084,"Anderson, Kendall","ANDERSON, KENDALL",Geneva,GEN,701-2524,18,3,8,0,8,0,.078,77,11,17,0,0,7,0,1,1,15,0,0,24,5,20,4,1,3,1,20.5,0,0.94,0.00,1.11,0.22,0.06,1.14,,,,,,
2026-27,wvball,Presidents Athletic Conference (PAC),pac,Geneva,"Kephart, Kyla",Kyla,Kephart,,30084,"Kephart, Kyla","KEPHART, KYLA",Geneva,GEN,701-2644,19,4,1,0,1,0,.214,14,1,4,73,6,252,0,5,6,59,0,0,3,0,30,0,0,0,0,9,0,0.21,3.84,1.58,0.00,0.26,0.47,,,,,,
2026-27,wvball,Presidents Athletic Conference (PAC),pac,Geneva,"Mitan, Amanda",Amanda,Mitan,,30084,"Mitan, Amanda","MITAN, AMANDA",Geneva,GEN,701-2645,15,3,3,0,3,0,.115,52,11,17,3,0,11,0,11,12,52,0,0,2,0,9,6,0,5,1,31.5,0,1.13,0.20,0.60,0.40,0.73,2.10,,,,,,
2026-27,wvball,Presidents Athletic Conference (PAC),pac,Geneva,"Borisuk, Chloe",Chloe,Borisuk,,30084,"Borisuk, Chloe","BORISUK, CHLOE",Geneva,GEN,701-2646,8,0,4,0,4,0,.000,0,0,0,2,0,5,0,5,6,26,0,0,9,2,4,0,0,0,0,5,0,0.00,0.25,0.50,0.00,0.63,0.63,,,,,,
2026-27,wvball,Presidents Athletic Conference (PAC),pac,Geneva,"Wolfe, Caitlyn",Caitlyn,Wolfe,,30084,"Wolfe, Caitlyn","WOLFE, CAITLYN",Geneva,GEN,701-2647,1,0,6,0,6,0,.000,0,0,0,0,0,0,0,0,0,0,0,0,4,1,1,0,0,0,0,0.0,0,0.00,0.00,1.00,0.00,0.00,0.00,,,,,,
2026-27,wvball,Presidents Athletic Conference (PAC),pac,Geneva,"Holdeman, Jane",Jane,Holdeman,,30084,"Holdeman, Jane","HOLDEMAN, JANE",Geneva,GEN,701-2648,5,0,7,0,7,0,.000,2,0,0,0,0,0,0,0,0,8,0,0,0,0,2,0,0,0,0,0,0,0.00,0.00,0.40,0.00,0.00,0.00,,,,,,
2026-27,wvball,Presidents Athletic Conference (PAC),pac,Geneva,"Crider, Vanessa",Vanessa,Crider,,30084,"Crider, Vanessa","CRIDER, VANESSA",Geneva,GEN,701-2649,19,0,9,0,9,0,.059,17,2,3,15,0,59,0,3,5,42,0,0,97,2,69,0,0,0,0,6,0,0.16,0.79,3.63,0.00,0.16,0.32,,,,,,
2026-27,wvball,Presidents Athletic Conference (PAC),pac,Geneva,"Elkins, Sarah",Sarah,Elkins,,30084,"Elkins, Sarah","ELKINS, SARAH",Geneva,GEN,701-2650,19,4,16,0,16,0,.000,126,27,27,4,2,22,0,7,11,61,0,0,96,4,57,4,0,2,2,37,0,1.42,0.21,3.00,0.21,0.37,1.95,,,,,,
2026-27,wvball,Presidents Athletic Conference (PAC),pac,Geneva,"Campbell, Bridget",Bridget,Campbell,,30084,"Campbell, Bridget","CAMPBELL, BRIDGET",Geneva,GEN,701-2651,0,0,18,0,18,0,,,,,,,,,,,,,,,,,,,,,,,0,0,0,0,0,0,,,,,,
2026-27,wvball,Presidents Athletic Conference (PAC),pac,Geneva,"McCauley, Josalin",Josalin,McCauley,,30084,"McCauley, Josalin","MCCAULEY, JOSALIN",Geneva,GEN,701-2652,0,0,21,0,21,0,,,,,,,,,,,,,,,,,,,,,,,0,0,0,0,0,0,,,,,,
2026-27,wvball,Presidents Athletic Conference (PAC),pac,Bethany,"Chesser, Megan",Megan,Chesser,,59,"Chesser, Megan","CHESSER, MEGAN",Bethany,BET,1313-2685,18,15,25,0,25,0,.333,66,6,28,0,0,6,0,10,4,58,0,0,0,0,7,9,1,4,5,45,0,1.56,0.00,0.39,0.50,0.56,2.50,,,,,,
2026-27,wvball,Presidents Athletic Conference (PAC),pac,Bethany,"Donelson, Madi",Madi,Donelson,,59,"Donelson, Madi","DONELSON, MADI",Bethany,BET,1313-2136,8,0,7,0,7,0,.000,1,0,0,1,0,4,0,1,2,18,0,0,24,4,14,0,0,0,0,1,0,0.00,0.13,1.75,0.00,0.13,0.13,,,,,,
2026-27,wvball,Presidents Athletic Conference (PAC),pac,Bethany,"Askew, Avery",Avery,Askew,,59,"Askew, Avery","ASKEW, AVERY",Bethany,BET,1313-2328,16,0,24,0,24,0,.111,9,1,2,11,1,34,0,7,9,34,0,0,64,5,51,0,0,0,0,9,0,0.13,0.69,3.19,0.00,0.44,0.56,,,,,,
2026-27,wvball,Presidents Athletic Conference (PAC),pac,Bethany,"French, Marissa",Marissa,French,,59,"French, Marissa","FRENCH, MARISSA",Bethany,BET,1313-2326,1,0,26,0,26,0,-.400,5,2,0,0,0,0,0,0,0,0,0,0,0,0,0,0,0,0,0,0,0,0.00,0.00,0.00,0.00,0.00,0.00,,,,,,
2026-27,wvball,Presidents Athletic Conference (PAC),pac,Bethany,"Hornyak, Shayleigh",Shayleigh,Hornyak,,59,"Hornyak, Shayleigh","HORNYAK, SHAYLEIGH",Bethany,BET,1313-2332,19,15,14,0,14,0,.054,112,22,28,1,2,11,0,0,0,0,0,0,25,3,11,6,0,4,2,32,0,1.47,0.05,0.58,0.32,0.00,1.68,,,,,,
2026-27,wvball,Presidents Athletic Conference (PAC),pac,Bethany,"Thomas, Ashton",Ashton,Thomas,,59,"Thomas, Ashton","THOMAS, ASHTON",Bethany,BET,1313-2310,19,15,23,0,23,0,.154,78,15,27,3,1,16,0,0,0,2,0,0,2,0,6,9,0,5,4,33.5,0,1.42,0.16,0.32,0.47,0.00,1.76,,,,,,
2026-27,wvball,Presidents Athletic Conference (PAC),pac,Bethany,"Evanko, Aleia",Aleia,Evanko,,59,"Evanko, Aleia","EVANKO, ALEIA",Bethany,BET,1313-2894,8,2,13,0,13,0,.500,4,0,2,25,2,82,0,6,2,27,0,0,0,0,11,0,0,0,0,8,0,0.25,3.13,1.38,0.00,0.75,1.00,,,,,,
2026-27,wvball,Presidents Athletic Conference (PAC),pac,Bethany,"Stokes, Presley",Presley,Stokes,,59,"Stokes, Presley","STOKES, PRESLEY",Bethany,BET,1313-2694,0,0,9,0,9,0,,,,,,,,,,,,,,,,,,,,,,,0,0,0,0,0,0,,,,,,
2026-27,wvball,Presidents Athletic Conference (PAC),pac,Bethany,"Perdue, Analesa",Analesa,Perdue,,59,"Perdue, Analesa","PERDUE, ANALESA",Bethany,BET,1313-2440,19,11,2,0,2,0,.042,95,21,25,0,1,8,0,0,0,0,0,0,41,9,13,3,0,2,1,27,0,1.32,0.00,0.68,0.16,0.00,1.42,,,,,,
2026-27,wvball,Presidents Athletic Conference (PAC),pac,Bethany,"Koprivec, Maddie",Maddie,Koprivec,,59,"Koprivec, Maddie","KOPRIVEC, MADDIE",Bethany,BET,1313-2441,11,0,1,0,1,0,-1.000,1,1,0,9,2,43,0,1,6,29,0,0,50,10,29,0,0,0,0,1,0,0.00,0.82,2.64,0.00,0.09,0.09,,,,,,
2026-27,wvball,Presidents Athletic Conference (PAC),pac,Bethany,"Poppelriter, Isabella",Isabella,Poppelriter,,59,"Poppelriter, Isabella","POPPELRITER, ISABELLA",Bethany,BET,1313-2443,16,0,6,0,6,0,-.250,4,1,0,0,1,11,0,16,10,66,0,0,45,4,29,0,0,0,0,16,0,0.00,0.00,1.81,0.00,1.00,1.00,,,,,,
2026-27,wvball,Presidents Athletic Conference (PAC),pac,Bethany,"Padavick, Grace",Grace,Padavick,,59,"Padavick, Grace","PADAVICK, GRACE",Bethany,BET,1313-2444,19,0,10,0,10,0,.154,13,1,3,53,4,154,0,6,5,65,0,0,0,0,26,0,0,0,0,9,0,0.16,2.79,1.37,0.00,0.32,0.47,,,,,,
2026-27,wvball,Presidents Athletic Conference (PAC),pac,Bethany,"Aiken, Gabrielle",Gabrielle,Aiken,,59,"Aiken, Gabrielle","AIKEN, GABRIELLE",Bethany,BET,1313-2445,1,0,17,0,17,0,.000,0,0,0,0,0,0,0,0,0,0,0,0,1,0,0,0,0,0,0,0,0,0.00,0.00,0.00,0.00,0.00,0.00,,,,,,
2026-27,wvball,Presidents Athletic Conference (PAC),pac,Bethany,"Smith, Layla",Layla,Smith,,59,"Smith, Layla","SMITH, LAYLA",Bethany,BET,1313-2447,17,0,22,0,22,0,.045,67,11,14,0,0,5,0,0,0,0,0,0,4,3,4,3,1,3,0,15.5,0,0.82,0.00,0.24,0.18,0.00,0.91,,,,,,
2026-27,wvball,Presidents Athletic Conference (PAC),pac,Bethany,"Pattison, Kyra",Kyra,Pattison,,59,"Pattison, Kyra","PATTISON, KYRA",Bethany,BET,1313-2448,0,0,46,0,46,0,,,,,,,,,,,,,,,,,,,,,,,0,0,0,0,0,0,,,,,,
2026-27,wvball,Presidents Athletic Conference (PAC),pac,Bethany,"Ketchum, Adison",Adison,Ketchum,,59,"Ketchum, Adison","KETCHUM, ADISON",Bethany,BET,1313-2689,2,0,4,0,4,0,.143,7,1,2,0,0,0,0,0,0,0,0,0,0,0,1,2,0,1,1,3.5,0,1.00,0.00,0.50,1.00,0.00,1.75,,,,,,
2026-27,wvball,Presidents Athletic Conference (PAC),pac,Bethany,"Brown, Molly",Molly,Brown,,59,"Brown, Molly","BROWN, MOLLY",Bethany,BET,1313-2683,19,15,3,0,3,0,-.034,89,26,23,0,1,16,0,2,2,47,0,0,78,7,32,2,1,1,1,26.5,0,1.21,0.00,1.68,0.11,0.11,1.39,,,,,,
2026-27,wvball,Presidents Athletic Conference (PAC),pac,Bethany,"Headley, Kenzie",Kenzie,Headley,,59,"Headley, Kenzie","HEADLEY, KENZIE",Bethany,BET,1313-2578,4,0,8,0,8,0,.375,8,0,3,0,0,0,0,0,0,0,0,0,0,0,0,2,0,2,0,4,0,0.75,0.00,0.00,0.50,0.00,1.00,,,,,,
2026-27,wvball,Presidents Athletic Conference (PAC),pac,Bethany,"Harris, Jasmine",Jasmine,Harris,,59,"Harris, Jasmine","HARRIS, JASMINE",Bethany,BET,1313-2688,2,0,11,0,11,0,.000,2,0,0,0,0,1,0,0,0,0,0,0,0,0,1,0,0,0,0,0,0,0.00,0.00,0.50,0.00,0.00,0.00,,,,,,
2026-27,wvball,Presidents Athletic Conference (PAC),pac,Bethany,"Kochasic, Mya",Mya,Kochasic,,59,"Kochasic, Mya","KOCHASIC, MYA",Bethany,BET,1313-2690,1,4,12,0,12,0,-1.000,2,2,0,0,0,0,0,0,0,0,0,0,3,0,1,0,0,0,0,0,0,0.00,0.00,1.00,0.00,0.00,0.00,,,,,,
2026-27,wvball,Presidents Athletic Conference (PAC),pac,Bethany,"Luft, Ava",Ava,Luft,,59,"Luft, Ava","LUFT, AVA",Bethany,BET,1313-2691,0,0,15,0,15,0,,,,,,,,,,,,,,,,,,,,,,,0,0,0,0,0,0,,,,,,
2026-27,wvball,Presidents Athletic Conference (PAC),pac,Bethany,"Burdette, Krislyn",Krislyn,Burdette,,59,"Burdette, Krislyn","BURDETTE, KRISLYN",Bethany,BET,1313-2684,0,0,16,0,16,0,,,,,,,,,,,,,,,,,,,,,,,0,0,0,0,0,0,,,,,,
2026-27,wvball,Presidents Athletic Conference (PAC),pac,Bethany,"Ebert, Chloe",Chloe,Ebert,,59,"Ebert, Chloe","EBERT, CHLOE",Bethany,BET,1313-2687,0,0,18,0,18,0,,,,,,,,,,,,,,,,,,,,,,,0,0,0,0,0,0,,,,,,
2026-27,wvball,Presidents Athletic Conference (PAC),pac,Bethany,"Wilson, Amara",Amara,Wilson,,59,"Wilson, Amara","WILSON, AMARA",Bethany,BET,1313-2696,0,0,19,0,19,0,,,,,,,,,,,,,,,,,,,,,,,0,0,0,0,0,0,,,,,,
2026-27,wvball,Presidents Athletic Conference (PAC),pac,Bethany,"Stewart, Haylee",Haylee,Stewart,,59,"Stewart, Haylee","STEWART, HAYLEE",Bethany,BET,1313-2693,1,0,27,0,27,0,.000,1,0,0,0,0,0,0,0,0,0,0,0,0,0,0,0,0,0,0,0,0,0.00,0.00,0.00,0.00,0.00,0.00,,,,,,
2026-27,wvball,Presidents Athletic Conference (PAC),pac,Bethany,"Marshall, Sophia",Sophia,Marshall,,59,"Marshall, Sophia","MARSHALL, SOPHIA",Bethany,BET,1313-2692,13,13,30,0,30,0,.000,3,0,0,39,2,144,0,6,0,45,0,0,0,0,20,0,0,0,0,6,0,0.00,3.00,1.54,0.00,0.46,0.46,,,,,,
2026-27,wvball,Presidents Athletic Conference (PAC),pac,Bethany,"Clutter, Annabelle",Annabelle,Clutter,,59,"Clutter, Annabelle","CLUTTER, ANNABELLE",Bethany,BET,1313-2686,2,0,31,0,31,0,.000,0,0,0,0,0,0,0,1,2,3,0,0,8,2,0,0,0,0,0,1,0,0.00,0.00,0.00,0.00,0.50,0.50,,,,,,
2026-27,wvball,Presidents Athletic Conference (PAC),pac,Bethany,"White, Chloe",Chloe,White,,59,"White, Chloe","WHITE, CHLOE",Bethany,BET,1313-2695,0,0,34,0,34,0,,,,,,,,,,,,,,,,,,,,,,,0,0,0,0,0,0,,,,,,
2026-27,wvball,Presidents Athletic Conference (PAC),pac,Waynesburg,"Baniaga, Ray",Ray,Baniaga,,1434,"Baniaga, Ray","BANIAGA, RAY",Waynesburg,WAY,0,4,0,20,0,20,0,.000,2,0,0,10,2,45,0,1,4,10,0,0,2,2,6,0,0,0,0,1,0,0.00,2.50,1.50,0.00,0.25,0.25,,,,,,
2026-27,wvball,Presidents Athletic Conference (PAC),pac,Waynesburg,"Kuhns, Peyton",Peyton,Kuhns,,1434,"Kuhns, Peyton","KUHNS, PEYTON",Waynesburg,WAY,0,9,2,3,0,3,0,-.200,5,1,0,2,0,16,0,0,0,0,0,0,25,3,18,0,0,0,0,0,0,0.00,0.22,2.00,0.00,0.00,0.00,,,,,,
2026-27,wvball,Presidents Athletic Conference (PAC),pac,Waynesburg,"Zadrozny, Kristina",Kristina,Zadrozny,,1434,"Zadrozny, Kristina","ZADROZNY, KRISTINA",Waynesburg,WAY,0,9,16,16,0,16,0,-.146,48,17,10,0,0,9,0,0,2,8,0,0,19,3,14,2,0,2,0,11,0,1.11,0.00,1.56,0.22,0.00,1.22,,,,,,
2026-27,wvball,Presidents Athletic Conference (PAC),pac,Waynesburg,"Thornton, Eliana",Eliana,Thornton,,1434,"Thornton, Eliana","THORNTON, ELIANA",Waynesburg,WAY,0,9,0,19,0,19,0,-.667,3,2,0,2,0,13,0,1,2,17,0,0,20,1,14,0,0,0,0,1,0,0.00,0.22,1.56,0.00,0.11,0.11,,,,,,
2026-27,wvball,Presidents Athletic Conference (PAC),pac,Waynesburg,"Ammons, Kenzie",Kenzie,Ammons,,1434,"Ammons, Kenzie","AMMONS, KENZIE",Waynesburg,WAY,0,0,0,12,0,12,0,,,,,,,,,,,,,,,,,,,,,,,0,0,0,0,0,0,,,,,,
2026-27,wvball,Presidents Athletic Conference (PAC),pac,Waynesburg,"Tyer, Alenah",Alenah,Tyer,,1434,"Tyer, Alenah","TYER, ALENAH",Waynesburg,WAY,0,0,0,6,0,6,0,,,,,,,,,,,,,,,,,,,,,,,0,0,0,0,0,0,,,,,,
2026-27,wvball,Presidents Athletic Conference (PAC),pac,Waynesburg,"King, Kennedi",Kennedi,King,,1434,"King, Kennedi","KING, KENNEDI",Waynesburg,WAY,0,0,0,1,0,1,0,,,,,,,,,,,,,,,,,,,,,,,0,0,0,0,0,0,,,,,,
2026-27,wvball,Presidents Athletic Conference (PAC),pac,Waynesburg,"Work, Audrey",Audrey,Work,,1434,"Work, Audrey","WORK, AUDREY",Waynesburg,WAY,0,9,16,17,0,17,0,.214,28,1,7,1,0,11,0,3,5,22,0,0,0,0,2,4,0,4,0,12,0,0.78,0.11,0.22,0.44,0.33,1.33,,,,,,
2026-27,wvball,Presidents Athletic Conference (PAC),pac,Waynesburg,"Cottis, Katie",Katie,Cottis,,1434,"Cottis, Katie","COTTIS, KATIE",Waynesburg,WAY,0,9,16,8,0,8,0,.119,42,8,13,0,0,13,0,0,4,22,0,0,21,9,6,0,0,0,0,13,0,1.44,0.00,0.67,0.00,0.00,1.44,,,,,,
2026-27,wvball,Presidents Athletic Conference (PAC),pac,Waynesburg,"Boyd, Mallory",Mallory,Boyd,,1434,"Boyd, Mallory","BOYD, MALLORY",Waynesburg,WAY,0,9,14,22,0,22,0,-.092,87,25,17,0,2,11,0,2,5,20,0,0,70,11,24,2,0,2,0,20,0,1.89,0.00,2.67,0.22,0.22,2.22,,,,,,
2026-27,wvball,Presidents Athletic Conference (PAC),pac,Waynesburg,"Zawislak, Shannon",Shannon,Zawislak,,1434,"Zawislak, Shannon","ZAWISLAK, SHANNON",Waynesburg,WAY,0,0,0,4,0,4,0,,,,,,,,,,,,,,,,,,,,,,,0,0,0,0,0,0,,,,,,
2026-27,wvball,Presidents Athletic Conference (PAC),pac,Waynesburg,"Brubaker, Halana",Halana,Brubaker,,1434,"Brubaker, Halana","BRUBAKER, HALANA",Waynesburg,WAY,0,0,0,5,0,5,0,,,,,,,,,,,,,,,,,,,,,,,0,0,0,0,0,0,,,,,,
2026-27,wvball,Presidents Athletic Conference (PAC),pac,Waynesburg,"Guinn, Bostyn",Bostyn,Guinn,,1434,"Guinn, Bostyn","GUINN, BOSTYN",Waynesburg,WAY,0,9,16,7,0,7,0,.000,21,3,3,34,3,137,0,0,0,19,0,0,2,2,17,2,0,2,0,4,0,0.33,3.78,1.89,0.22,0.00,0.44,,,,,,
2026-27,wvball,Presidents Athletic Conference (PAC),pac,Waynesburg,"Griffith, Mckenna",Mckenna,Griffith,,1434,"Griffith, Mckenna","GRIFFITH, MCKENNA",Waynesburg,WAY,0,0,0,9,0,9,0,,,,,,,,,,,,,,,,,,,,,,,0,0,0,0,0,0,,,,,,
2026-27,wvball,Presidents Athletic Conference (PAC),pac,Waynesburg,"Deras, Elianis",Elianis,Deras,,1434,"Deras, Elianis","DERAS, ELIANIS",Waynesburg,WAY,0,0,0,10,0,10,0,,,,,,,,,,,,,,,,,,,,,,,0,0,0,0,0,0,,,,,,
2026-27,wvball,Presidents Athletic Conference (PAC),pac,Waynesburg,"Wade, Jordan",Jordan,Wade,,1434,"Wade, Jordan","WADE, JORDAN",Waynesburg,WAY,0,9,16,11,0,11,0,.000,18,3,3,0,0,4,0,0,0,0,0,0,0,0,3,3,1,2,1,5,0,0.33,0.00,0.33,0.33,0.00,0.56,,,,,,
2026-27,wvball,Presidents Athletic Conference (PAC),pac,Waynesburg,"Shane, Izzy",Izzy,Shane,,1434,"Shane, Izzy","SHANE, IZZY",Waynesburg,WAY,0,0,0,13,0,13,0,,,,,,,,,,,,,,,,,,,,,,,0,0,0,0,0,0,,,,,,
2026-27,wvball,Presidents Athletic Conference (PAC),pac,Waynesburg,"Waugh, Shamere",Shamere,Waugh,,1434,"Waugh, Shamere","WAUGH, SHAMERE",Waynesburg,WAY,0,9,0,14,0,14,0,-.333,3,1,0,2,0,17,0,0,0,1,0,0,30,8,8,0,0,0,0,0,0,0.00,0.22,0.89,0.00,0.00,0.00,,,,,,
2026-27,wvball,Presidents Athletic Conference (PAC),pac,Waynesburg,"Beegle, Riley",Riley,Beegle,,1434,"Beegle, Riley","BEEGLE, RILEY",Waynesburg,WAY,0,0,0,18,0,18,0,,,,,,,,,,,,,,,,,,,,,,,0,0,0,0,0,0,,,,,,
2026-27,wvball,Presidents Athletic Conference (PAC),pac,Waynesburg,"Brownlee, Sarah",Sarah,Brownlee,,1434,"Brownlee, Sarah","BROWNLEE, SARAH",Waynesburg,WAY,0,0,0,21,0,21,0,,,,,,,,,,,,,,,,,,,,,,,0,0,0,0,0,0,,,,,,
2026-27,wvball,Presidents Athletic Conference (PAC),pac,Waynesburg,"Banks, Zardai",Zardai,Banks,,1434,"Banks, Zardai","BANKS, ZARDAI",Waynesburg,WAY,0,0,0,23,0,23,0,,,,,,,,,,,,,,,,,,,,,,,0,0,0,0,0,0,,,,,,
2026-27,wvball,Presidents Athletic Conference (PAC),pac,Waynesburg,"Francis, Lydia",Lydia,Francis,,1434,"Francis, Lydia","FRANCIS, LYDIA",Waynesburg,WAY,0,0,0,25,0,25,0,,,,,,,,,,,,,,,,,,,,,,,0,0,0,0,0,0,,,,,,
2026-27,wvball,Presidents Athletic Conference (PAC),pac,Waynesburg,"Chenault, Mckenzi",Mckenzi,Chenault,,1434,"Chenault, Mckenzi","CHENAULT, MCKENZI",Waynesburg,WAY,0,0,0,24,0,24,0,,,,,,,,,,,,,,,,,,,,,,,0,0,0,0,0,0,,,,,,
