season,sport,conference,conference_code,team,player_name,first_name,last_name,position,team_code,name,checkname,team_name,team_id,sdrm_id,games_played,games_started,uniform,year,code,matches_played,attack_stats,set_stats,serve_stats,defense_stats,block_stats,misc_stats,per_set_stats_kills,per_set_stats_assists,per_set_stats_digs,per_set_stats_blocks,per_set_stats_aces,per_set_stats_points,attack_stats_hitting_pct,attack_stats_attempts,attack_stats_errors,attack_stats_kills,set_stats_assists,set_stats_errors,set_stats_attempts,set_stats_set_pct,serve_stats_aces,serve_stats_errors,serve_stats_attempts,serve_stats_serve_pct,defense_stats_defense_pct,defense_stats_attempts,defense_stats_receptions,defense_stats_digs,block_stats_total,block_stats_errors,block_stats_assists,block_stats_solos,misc_stats_points,misc_stats_ball_handling_errors,composite_score,global_rank,rating
2026-27,wvball,St. Louis Intercollegiate Athletic Conference (SLIAC),sliac,Blackburn,"Sidwell, Maddie",Maddie,Sidwell,,64,"Sidwell, Maddie","SIDWELL, MADDIE",Blackburn,BLACKB,0,4,2,20,0,20,0,,,,,,,3.00,0.00,0.00,0.75,0.00,3.50,.474,19,3,12,0,0,2,0,0,0,0,0,0,0,0,0,3,0,2,1,14,0,7.454749648606119,1,99
2026-27,wvball,St. Louis Intercollegiate Athletic Conference (SLIAC),sliac,Greenville,"Grohmann, Abby",Abby,Grohmann,,1111,"Grohmann, Abby","GROHMANN, ABBY",Greenville,GRNVLU,1227-2302,14,3,25,0,25,0,,,,,,,3.71,0.21,2.79,0.14,0.21,4.00,.212,156,19,52,3,2,27,0,3,0,59,0,0,78,6,39,2,0,2,0,56,2,7.2085460911084915,2,99
2026-27,wvball,St. Louis Intercollegiate Athletic Conference (SLIAC),sliac,Blackburn,"Padgett, Abigail",Abigail,Padgett,,64,"Padgett, Abigail","PADGETT, ABIGAIL",Blackburn,BLACKB,0,4,1,7,0,7,0,,,,,,,2.50,0.25,1.25,0.50,0.75,3.50,.308,26,2,10,1,0,5,0,3,1,20,0,0,0,0,5,2,0,2,0,14,0,7.032761195362486,3,99
2026-27,wvball,St. Louis Intercollegiate Athletic Conference (SLIAC),sliac,Spalding,"Martinez, Paloma",Paloma,Martinez,,23260,"Martinez, Paloma","MARTINEZ, PALOMA",Spalding,SU,926-1518,7,2,12,0,12,0,,,,,,,2.29,0.00,0.00,0.86,0.43,3.29,.333,39,3,16,0,0,4,0,3,4,10,0,0,1,0,0,6,0,4,2,23,0,6.947519606888886,4,98
2026-27,wvball,St. Louis Intercollegiate Athletic Conference (SLIAC),sliac,Lyon,Keeley Beary,Keeley,Beary,,22989,Keeley Beary,"BEARY,KEELEY",Lyon,LC,783-5185,20,8,21,0,21,0,,,,,,,2.65,0.00,0.30,0.65,0.20,3.25,.324,105,19,53,0,0,9,0,4,2,39,0,0,2,0,6,13,3,10,3,65,0,6.358549728988705,5,98
2026-27,wvball,St. Louis Intercollegiate Athletic Conference (SLIAC),sliac,Spalding,"Minnis, Kylie",Kylie,Minnis,,23260,"Minnis, Kylie","MINNIS, KYLIE",Spalding,SU,926-1652,7,2,17,0,17,0,,,,,,,3.86,0.00,0.71,0.14,0.00,3.93,.234,64,12,27,0,2,5,0,0,0,0,0,0,19,1,5,1,0,1,0,27.5,0,5.62732910461648,6,98
2026-27,wvball,St. Louis Intercollegiate Athletic Conference (SLIAC),sliac,Eureka,"Stith, Keliah",Keliah,Stith,,218,"Stith, Keliah","STITH, KELIAH",Eureka,EUREKA,0,1,0,12,0,12,0,,,,,,,0.00,7.00,2.00,0.00,4.00,4.00,.000,1,0,0,7,0,13,0,4,0,9,0,0,0,0,2,0,0,0,0,4,0,5.558846364495265,7,97
2026-27,wvball,St. Louis Intercollegiate Athletic Conference (SLIAC),sliac,Greenville,"Company, Alyssa",Alyssa,Company,,1111,"Company, Alyssa","COMPANY, ALYSSA",Greenville,GRNVLU,1227-3003,14,3,9,0,9,0,,,,,,,1.86,0.00,0.71,0.86,0.00,2.39,.206,68,12,26,0,0,11,0,0,0,0,0,0,0,0,10,12,0,9,3,33.5,0,5.450918301115692,8,97
2026-27,wvball,St. Louis Intercollegiate Athletic Conference (SLIAC),sliac,Blackburn,"Giles, Kharma",Kharma,Giles,,64,"Giles, Kharma","GILES, KHARMA",Blackburn,BLACKB,0,3,0,14,0,14,0,,,,,,,2.33,0.33,2.67,0.33,0.00,2.67,.235,17,3,7,1,0,1,0,0,1,4,0,0,15,3,8,1,0,0,1,8.0,1,5.365464920844118,9,97
2026-27,wvball,St. Louis Intercollegiate Athletic Conference (SLIAC),sliac,Spalding,"Anderson, Adreonna",Adreonna,Anderson,,23260,"Anderson, Adreonna","ANDERSON, ADREONNA",Spalding,SU,926-1515,6,2,16,0,16,0,,,,,,,2.50,0.17,0.33,0.50,0.00,2.92,.367,30,4,15,1,1,5,0,0,0,0,0,0,0,0,2,3,1,1,2,17.5,0,5.243928117767541,10,96
2026-27,wvball,St. Louis Intercollegiate Athletic Conference (SLIAC),sliac,Westminster,"Sansone, Mackenzie",Mackenzie,Sansone,,1450,"Sansone, Mackenzie","SANSONE, MACKENZIE",Westminster,WESTMO,1216-1658,21,10,2,0,2,0,,,,,,,2.29,0.00,1.62,0.43,0.05,2.55,.243,136,15,48,0,1,27,0,1,1,34,0,0,7,0,34,9,0,9,0,53.5,0,5.1023982845739795,11,96
2026-27,wvball,St. Louis Intercollegiate Athletic Conference (SLIAC),sliac,Eureka,"LaBrayere, Ava",Ava,LaBrayere,,218,"LaBrayere, Ava","LABRAYERE, AVA",Eureka,EUREKA,0,1,0,8,0,8,0,,,,,,,4.00,0.00,0.00,0.00,0.00,4.00,.250,8,2,4,0,0,0,0,0,0,0,0,0,1,0,0,0,0,0,0,4,0,4.7505146940857905,12,96
2026-27,wvball,St. Louis Intercollegiate Athletic Conference (SLIAC),sliac,Spalding,"Reynolds, Sophi",Sophi,Reynolds,,23260,"Reynolds, Sophi","REYNOLDS, SOPHI",Spalding,SU,926-1520,7,2,23,0,23,0,,,,,,,1.29,5.14,2.29,0.43,0.86,2.43,.079,38,6,9,36,1,93,0,6,7,27,0,0,0,0,16,3,0,2,1,17,0,4.674319628396714,13,95
2026-27,wvball,St. Louis Intercollegiate Athletic Conference (SLIAC),sliac,Blackburn,"Painter, Gina",Gina,Painter,,64,"Painter, Gina","PAINTER, GINA",Blackburn,BLACKB,0,4,0,17,0,17,0,,,,,,,1.00,0.00,0.00,1.25,0.00,1.88,.059,17,3,4,0,0,2,0,0,0,0,0,0,0,0,0,5,0,3,2,7.5,0,4.666606742912581,14,95
2026-27,wvball,St. Louis Intercollegiate Athletic Conference (SLIAC),sliac,Westminster,"Hansen, Samantha",Samantha,Hansen,,1450,"Hansen, Samantha","HANSEN, SAMANTHA",Westminster,WESTMO,1216-1724,21,10,7,0,7,0,,,,,,,1.43,0.00,0.57,0.86,0.05,2.00,.189,90,13,30,0,1,4,0,1,4,34,0,0,1,0,12,18,1,14,4,42,0,4.632246545282559,15,94
2026-27,wvball,St. Louis Intercollegiate Athletic Conference (SLIAC),sliac,Blackburn,"Appel, Ella",Ella,Appel,,64,"Appel, Ella","APPEL, ELLA",Blackburn,BLACKB,0,4,2,12,0,12,0,,,,,,,2.50,0.00,3.75,0.00,0.00,2.50,.103,29,7,10,0,0,5,0,0,1,11,0,0,24,3,15,0,0,0,0,10,0,4.3827880947510724,16,94
2026-27,wvball,St. Louis Intercollegiate Athletic Conference (SLIAC),sliac,Blackburn,"Black, Rylea",Rylea,Black,,64,"Black, Rylea","BLACK, RYLEA",Blackburn,BLACKB,0,3,1,10,0,10,0,,,,,,,1.67,0.00,1.33,0.67,0.00,2.00,.095,21,3,5,0,0,1,0,0,2,11,0,0,0,0,4,2,0,2,0,6.0,0,4.248700350416602,17,94
2026-27,wvball,St. Louis Intercollegiate Athletic Conference (SLIAC),sliac,Westminster,"Overturf, Kellie",Kellie,Overturf,,1450,"Overturf, Kellie","OVERTURF, KELLIE",Westminster,WESTMO,1216-1727,21,10,34,0,34,0,,,,,,,1.05,0.05,0.19,0.81,0.00,1.45,.375,48,4,22,1,0,9,0,0,0,0,0,0,0,0,4,17,2,17,0,30.5,0,4.1403198678139335,18,93
2026-27,wvball,St. Louis Intercollegiate Athletic Conference (SLIAC),sliac,Greenville,"Reckling, Makenna",Makenna,Reckling,,1111,"Reckling, Makenna","RECKLING, MAKENNA",Greenville,GRNVLU,1227-2613,14,3,4,0,4,0,,,,,,,1.86,0.00,0.79,0.43,0.00,2.07,.358,53,7,26,0,0,5,0,0,0,0,0,0,0,0,11,6,0,6,0,29,1,4.13123800301993,19,93
2026-27,wvball,St. Louis Intercollegiate Athletic Conference (SLIAC),sliac,Eureka,"Loesch, Alena",Alena,Loesch,,218,"Loesch, Alena","LOESCH, ALENA",Eureka,EUREKA,0,8,4,26,0,26,0,,,,,,,2.38,0.13,1.25,0.13,0.25,2.69,.269,52,5,19,1,0,5,0,2,4,14,0,0,22,1,10,1,0,1,0,21.5,0,4.048169941340785,20,93
2026-27,wvball,St. Louis Intercollegiate Athletic Conference (SLIAC),sliac,Westminster,"Rowland, Paige",Paige,Rowland,,1450,"Rowland, Paige","ROWLAND, PAIGE",Westminster,WESTMO,1216-1657,21,4,3,0,3,0,,,,,,,1.95,0.14,0.86,0.67,0.00,2.33,.006,181,40,41,3,0,9,0,0,2,8,0,0,49,6,18,14,1,12,2,49,0,4.011326195545162,21,92
2026-27,wvball,St. Louis Intercollegiate Athletic Conference (SLIAC),sliac,Westminster,"Vogel, Erica",Erica,Vogel,,1450,"Vogel, Erica","VOGEL, ERICA",Westminster,WESTMO,1216-1916,21,10,10,0,10,0,,,,,,,2.57,0.10,0.71,0.33,0.00,2.74,.126,190,30,54,2,0,11,0,0,1,3,0,0,51,7,15,7,1,7,0,57.5,0,3.8667005436286366,22,92
2026-27,wvball,St. Louis Intercollegiate Athletic Conference (SLIAC),sliac,Blackburn,"Ward, Rean",Rean,Ward,,64,"Ward, Rean","WARD, REAN",Blackburn,BLACKB,0,3,1,18,0,18,0,,,,,,,2.33,0.00,3.00,0.00,0.00,2.33,.167,24,3,7,0,0,4,0,0,0,10,0,0,30,3,9,0,0,0,0,7.0,0,3.7957213803471976,23,92
2026-27,wvball,St. Louis Intercollegiate Athletic Conference (SLIAC),sliac,Spalding,"Hagan, Presley",Presley,Hagan,,23260,"Hagan, Presley","HAGAN, PRESLEY",Spalding,SU,926-1393,4,0,4,0,4,0,,,,,,,1.00,0.00,1.25,0.25,1.50,2.63,.040,25,3,4,0,1,2,0,6,0,17,0,0,2,0,5,1,0,1,0,10.5,0,3.552897743148881,24,91
2026-27,wvball,St. Louis Intercollegiate Athletic Conference (SLIAC),sliac,Greenville,"Webber, Keira",Keira,Webber,,1111,"Webber, Keira","WEBBER, KEIRA",Greenville,GRNVLU,1227-3010,5,1,3,0,3,0,,,,,,,1.40,0.00,0.20,0.40,0.00,1.60,.538,13,0,7,0,1,3,0,0,0,10,0,0,0,0,1,2,0,2,0,8.0,0,3.5043135274671604,25,91
2026-27,wvball,St. Louis Intercollegiate Athletic Conference (SLIAC),sliac,Greenville,"Slusser, Brooklynn",Brooklynn,Slusser,,1111,"Slusser, Brooklynn","SLUSSER, BROOKLYNN",Greenville,GRNVLU,1227-2616,10,3,11,0,11,0,,,,,,,1.50,0.20,0.70,0.70,0.10,2.05,.015,66,14,15,2,0,8,0,1,5,31,0,0,16,5,7,7,0,5,2,20.5,2,3.479591864678015,26,91
2026-27,wvball,St. Louis Intercollegiate Athletic Conference (SLIAC),sliac,Principia,"Galinis, Dana",Dana,Galinis,,555,"Galinis, Dana","GALINIS, DANA",Principia,Princ,1258-2372,10,4,22,0,22,0,,,,,,,1.40,0.70,2.30,0.40,0.10,1.85,-.034,88,17,14,7,1,35,0,1,5,22,0,0,42,14,23,4,0,1,3,18.5,0,2.9037645904821,27,90
2026-27,wvball,St. Louis Intercollegiate Athletic Conference (SLIAC),sliac,Greenville,"Ratermann, Emma",Emma,Ratermann,,1111,"Ratermann, Emma","RATERMANN, EMMA",Greenville,GRNVLU,1227-2304,9,2,30,0,30,0,,,,,,,0.78,10.00,1.78,0.44,0.33,1.33,.172,29,2,7,90,2,237,0,3,0,28,0,0,1,0,16,4,0,4,0,12,0,2.900884511268286,28,90
2026-27,wvball,St. Louis Intercollegiate Athletic Conference (SLIAC),sliac,Greenville,"Downey, Sierrah",Sierrah,Downey,,1111,"Downey, Sierrah","DOWNEY, SIERRAH",Greenville,GRNVLU,1227-2612,14,2,1,0,1,0,,,,,,,2.07,0.14,0.43,0.14,0.00,2.21,.354,65,6,29,2,1,7,0,0,0,0,0,0,0,0,6,2,0,0,2,31,1,2.8543018047897077,29,90
2026-27,wvball,St. Louis Intercollegiate Athletic Conference (SLIAC),sliac,Webster,"Howe,Reagan",Reagan,Howe,,759,"Howe,Reagan","HOWE,REAGAN",Webster,WEBSTER,1259-2432,11,5,06,0,06,0,,,,,,,2.00,0.09,0.64,0.18,0.00,2.14,.298,57,5,22,1,1,3,0,0,0,0,0,0,1,0,7,2,0,1,1,23.5,0,2.8480124607442985,30,89
2026-27,wvball,St. Louis Intercollegiate Athletic Conference (SLIAC),sliac,Eureka,"Alvarado, Joslyn",Joslyn,Alvarado,,218,"Alvarado, Joslyn","ALVARADO, JOSLYN",Eureka,EUREKA,0,9,4,11,0,11,0,,,,,,,1.33,0.11,0.56,0.22,0.67,2.11,.250,36,3,12,1,0,5,0,6,0,28,0,0,1,0,5,2,0,2,0,19,0,2.835126724517862,31,89
2026-27,wvball,St. Louis Intercollegiate Athletic Conference (SLIAC),sliac,Webster,"Tarlos,Eva",Eva,Tarlos,,759,"Tarlos,Eva","TARLOS,EVA",Webster,WEBSTER,1259-2230,12,5,15,0,15,0,,,,,,,1.67,0.00,0.33,0.42,0.08,2.00,.158,57,11,20,0,0,1,0,1,1,21,0,0,1,0,4,5,0,4,1,24,1,2.7404657358754063,32,89
2026-27,wvball,St. Louis Intercollegiate Athletic Conference (SLIAC),sliac,Eureka,"Kolff, Kendall",Kendall,Kolff,,218,"Kolff, Kendall","KOLFF, KENDALL",Eureka,EUREKA,0,9,0,23,0,23,0,,,,,,,2.22,0.22,0.89,0.00,0.33,2.56,.175,63,9,20,2,0,5,0,3,5,18,0,0,34,0,8,0,0,0,0,23,0,2.659008651144442,33,88
2026-27,wvball,St. Louis Intercollegiate Athletic Conference (SLIAC),sliac,Eureka,"Breen, Emma",Emma,Breen,,218,"Breen, Emma","BREEN, EMMA",Eureka,EUREKA,0,3,0,13,0,13,0,,,,,,,1.67,0.33,0.33,0.33,0.00,1.83,.273,11,2,5,1,0,2,0,0,0,0,0,0,0,0,1,1,0,1,0,5.5,0,2.6494748208573147,34,88
2026-27,wvball,St. Louis Intercollegiate Athletic Conference (SLIAC),sliac,Webster,"McGrath,Leah",Leah,McGrath,,759,"McGrath,Leah","MCGRATH,LEAH",Webster,WEBSTER,1259-2228,9,4,13,0,13,0,,,,,,,1.78,0.11,2.22,0.11,0.22,2.06,.026,78,14,16,1,0,3,0,2,1,16,0,0,51,6,20,1,0,1,0,18.5,0,2.603517165599282,35,88
2026-27,wvball,St. Louis Intercollegiate Athletic Conference (SLIAC),sliac,Webster,"Rennier,Catherine",Catherine,Rennier,,759,"Rennier,Catherine","RENNIER,CATHERINE",Webster,WEBSTER,1259-2323,12,5,10,0,10,0,,,,,,,1.08,0.00,0.50,0.58,0.33,1.75,.024,42,12,13,0,0,2,0,4,4,27,0,0,8,0,6,7,1,6,1,21,0,2.5037329130131325,36,87
2026-27,wvball,St. Louis Intercollegiate Athletic Conference (SLIAC),sliac,Eureka,"Grieff, Colby",Colby,Grieff,,218,"Grieff, Colby","GRIEFF, COLBY",Eureka,EUREKA,0,3,0,5,0,5,0,,,,,,,1.33,0.33,1.00,0.33,0.00,1.67,.250,8,2,4,1,0,1,0,0,0,1,0,0,5,0,3,1,0,0,1,5,0,2.474222749127188,37,87
2026-27,wvball,St. Louis Intercollegiate Athletic Conference (SLIAC),sliac,Eureka,"Sharp, Jessica",Jessica,Sharp,,218,"Sharp, Jessica","SHARP, JESSICA",Eureka,EUREKA,0,9,0,16,0,16,0,,,,,,,0.78,3.22,1.33,0.00,0.56,1.33,.545,11,1,7,29,0,84,0,5,9,33,0,0,0,0,12,0,0,0,0,12,0,2.458138797480469,38,87
2026-27,wvball,St. Louis Intercollegiate Athletic Conference (SLIAC),sliac,Spalding,"Terpening, Tia",Tia,Terpening,,23260,"Terpening, Tia","TERPENING, TIA",Spalding,SU,926-1519,7,0,22,0,22,0,,,,,,,0.14,0.00,3.14,0.00,0.43,0.57,.500,2,0,1,0,0,7,0,3,4,32,0,0,25,5,22,0,0,0,0,4,0,2.2974139640586646,39,86
2026-27,wvball,St. Louis Intercollegiate Athletic Conference (SLIAC),sliac,Lyon,Morgan Harrelson,Morgan,Harrelson,,22989,Morgan Harrelson,"HARRELSON,MORGAN",Lyon,LC,783-5186,19,8,24,0,24,0,,,,,,,1.79,0.05,0.05,0.42,0.00,2.16,.079,101,26,34,1,0,4,0,0,0,1,0,0,5,1,1,8,0,2,6,41,0,2.2691465459956452,40,86
2026-27,wvball,St. Louis Intercollegiate Athletic Conference (SLIAC),sliac,Webster,"Bystrom,Mea",Mea,Bystrom,,759,"Bystrom,Mea","BYSTROM,MEA",Webster,WEBSTER,1259-2431,12,1,05,0,05,0,,,,,,,1.67,0.08,0.50,0.33,0.00,1.83,.104,67,13,20,1,0,7,0,0,0,0,0,0,18,2,6,4,0,4,0,22,0,2.083167052725758,41,86
2026-27,wvball,St. Louis Intercollegiate Athletic Conference (SLIAC),sliac,Blackburn,"Perez, Marissa",Marissa,Perez,,64,"Perez, Marissa","PEREZ, MARISSA",Blackburn,BLACKB,0,5,0,19,0,19,0,,,,,,,0.20,0.00,3.40,0.00,0.00,0.20,.500,2,0,1,0,0,3,0,0,2,13,0,0,11,0,17,0,0,0,0,1,0,1.8227422154543076,42,85
2026-27,wvball,St. Louis Intercollegiate Athletic Conference (SLIAC),sliac,Lyon,Reyleigh Twist,Reyleigh,Twist,,22989,Reyleigh Twist,"TWIST,REYLEIGH",Lyon,LC,783-5191,20,8,34,0,34,0,,,,,,,1.55,0.00,2.15,0.00,0.15,1.70,.092,119,20,31,0,1,15,0,3,5,52,0,0,110,12,43,0,0,0,0,34,0,1.791442934805397,43,85
2026-27,wvball,St. Louis Intercollegiate Athletic Conference (SLIAC),sliac,Spalding,"Smith, Jobi",Jobi,Smith,,23260,"Smith, Jobi","SMITH, JOBI",Spalding,SU,926-1395,7,2,14,0,14,0,,,,,,,1.43,0.29,3.00,0.00,0.00,1.43,.029,35,9,10,2,0,13,0,0,2,14,0,0,32,2,21,0,0,0,0,10,0,1.693062184097724,44,85
2026-27,wvball,St. Louis Intercollegiate Athletic Conference (SLIAC),sliac,Spalding,"Kruer, Grace",Grace,Kruer,,23260,"Kruer, Grace","KRUER, GRACE",Spalding,SU,926-1651,6,0,24,0,24,0,,,,,,,1.17,0.00,0.33,0.17,0.00,1.25,.417,12,2,7,0,1,4,0,0,0,0,0,0,1,0,2,1,0,1,0,7.5,0,1.6411040312548513,45,84
2026-27,wvball,St. Louis Intercollegiate Athletic Conference (SLIAC),sliac,Eureka,"O'Donoghue, Cloee",Cloee,O'Donoghue,,218,"O'Donoghue, Cloee","O'DONOGHUE, CLOEE",Eureka,EUREKA,0,9,4,4,0,4,0,,,,,,,0.00,0.11,1.78,0.00,1.89,1.89,.000,0,0,0,1,0,5,0,17,3,55,0,0,26,1,16,0,0,0,0,17,0,1.6115277448925558,46,84
2026-27,wvball,St. Louis Intercollegiate Athletic Conference (SLIAC),sliac,Eureka,"Liaromatis, Lexi",Lexi,Liaromatis,,218,"Liaromatis, Lexi","LIAROMATIS, LEXI",Eureka,EUREKA,0,10,0,2,0,2,0,,,,,,,0.00,0.90,3.30,0.00,1.20,1.20,.000,2,0,0,9,0,42,0,12,3,42,0,0,38,3,33,0,0,0,0,12,0,1.5077869938283057,47,84
2026-27,wvball,St. Louis Intercollegiate Athletic Conference (SLIAC),sliac,Spalding,"Sprague, Isabelle",Isabelle,Sprague,,23260,"Sprague, Isabelle","SPRAGUE, ISABELLE",Spalding,SU,926-1506,2,0,1,0,1,0,,,,,,,1.50,0.00,0.00,0.00,0.00,1.50,.500,6,0,3,0,0,0,0,0,0,0,0,0,0,0,0,0,0,0,0,3,0,1.5071144393917002,48,84
2026-27,wvball,St. Louis Intercollegiate Athletic Conference (SLIAC),sliac,Eureka,"Brandon, Abigail",Abigail,Brandon,,218,"Brandon, Abigail","BRANDON, ABIGAIL",Eureka,EUREKA,0,8,4,15,0,15,0,,,,,,,1.00,0.00,0.38,0.38,0.00,1.31,.190,21,4,8,0,0,1,0,0,0,0,0,0,0,0,3,3,0,1,2,10.5,0,1.4352442888226467,49,83
2026-27,wvball,St. Louis Intercollegiate Athletic Conference (SLIAC),sliac,Spalding,"Wheatley, Jaylen",Jaylen,Wheatley,,23260,"Wheatley, Jaylen","WHEATLEY, JAYLEN",Spalding,SU,926-1517,7,0,18,0,18,0,,,,,,,0.14,0.43,4.86,0.00,0.14,0.29,.083,12,0,1,3,0,29,0,1,1,24,0,0,44,2,34,0,0,0,0,2,0,1.3498874523435231,50,83
2026-27,wvball,St. Louis Intercollegiate Athletic Conference (SLIAC),sliac,Webster,"Lewis,Karen",Karen,Lewis,,759,"Lewis,Karen","LEWIS,KAREN",Webster,WEBSTER,1259-2438,3,1,16,0,16,0,,,,,,,1.00,0.00,0.00,0.33,0.00,1.33,.286,7,1,3,0,1,2,0,0,0,0,0,0,1,0,0,1,0,0,1,4,0,1.312711726827168,51,83
2026-27,wvball,St. Louis Intercollegiate Athletic Conference (SLIAC),sliac,Eureka,"Beck, Chelsea",Chelsea,Beck,,218,"Beck, Chelsea","BECK, CHELSEA",Eureka,EUREKA,0,1,0,19,0,19,0,,,,,,,0.00,2.00,1.00,0.00,2.00,2.00,.000,1,0,0,2,0,5,0,2,0,5,0,0,1,0,1,0,0,0,0,2,0,1.2271251984217884,52,82
2026-27,wvball,St. Louis Intercollegiate Athletic Conference (SLIAC),sliac,Spalding,"Kasama, Shannon",Shannon,Kasama,,23260,"Kasama, Shannon","KASAMA, SHANNON",Spalding,SU,926-1513,1,0,21,0,21,0,,,,,,,2.00,0.00,0.00,0.00,0.00,2.00,.200,5,1,2,0,0,0,0,0,0,0,0,0,0,0,0,0,0,0,0,2.0,0,1.130536700243236,53,82
2026-27,wvball,St. Louis Intercollegiate Athletic Conference (SLIAC),sliac,Blackburn,"Frey, Kenadee",Kenadee,Frey,,64,"Frey, Kenadee","FREY, KENADEE",Blackburn,BLACKB,0,6,2,21,0,21,0,,,,,,,0.67,4.33,1.67,0.00,0.00,0.67,.429,7,1,4,26,2,114,0,0,2,18,0,0,0,0,10,0,0,0,0,4,0,1.0440411773491134,54,82
2026-27,wvball,St. Louis Intercollegiate Athletic Conference (SLIAC),sliac,Lyon,Ryan Russell,Ryan,Russell,,22989,Ryan Russell,"RUSSELL,RYAN",Lyon,LC,783-5179,20,1,10,0,10,0,,,,,,,1.10,0.00,0.45,0.35,0.00,1.28,.052,115,16,22,0,0,6,0,0,0,0,0,0,1,0,9,7,1,7,0,25.5,0,0.9525235925364363,55,81
2026-27,wvball,St. Louis Intercollegiate Athletic Conference (SLIAC),sliac,Principia,"Huber, Kylie",Kylie,Huber,,555,"Huber, Kylie","HUBER, KYLIE",Principia,Princ,1258-2483,10,4,20,0,20,0,,,,,,,0.70,0.00,1.50,0.20,0.10,0.95,.115,26,4,7,0,1,12,0,1,1,22,0,0,35,6,15,2,0,1,1,9.5,0,0.7915611704355983,56,81
2026-27,wvball,St. Louis Intercollegiate Athletic Conference (SLIAC),sliac,Principia,"Klouzek, Kaleigh",Kaleigh,Klouzek,,555,"Klouzek, Kaleigh","KLOUZEK, KALEIGH",Principia,Princ,1258-2612,10,4,23,0,23,0,,,,,,,1.00,1.40,2.20,0.00,0.30,1.30,.000,47,10,10,14,4,105,0,3,4,39,0,0,5,1,22,0,0,0,0,13,0,0.7812802536028498,57,81
2026-27,wvball,St. Louis Intercollegiate Athletic Conference (SLIAC),sliac,Eureka,"Dixon, Bre",Bre,Dixon,,218,"Dixon, Bre","DIXON, BRE",Eureka,EUREKA,0,7,0,6,0,6,0,,,,,,,1.00,0.29,0.86,0.29,0.00,1.21,.036,28,6,7,2,0,3,0,0,0,0,0,0,1,0,6,2,0,1,1,8.5,0,0.7424463624646144,58,80
2026-27,wvball,St. Louis Intercollegiate Athletic Conference (SLIAC),sliac,Webster,"Garcia,Cameron",Cameron,Garcia,,759,"Garcia,Cameron","GARCIA,CAMERON",Webster,WEBSTER,1259-2436,6,0,12,0,12,0,,,,,,,0.67,0.00,1.67,0.33,0.33,1.17,-.182,22,8,4,0,0,2,0,2,1,8,0,0,19,5,10,2,0,2,0,7,0,0.6669566239277365,59,80
2026-27,wvball,St. Louis Intercollegiate Athletic Conference (SLIAC),sliac,Lyon,Neveah Ghan,Neveah,Ghan,,22989,Neveah Ghan,"GHAN,NEVEAH",Lyon,LC,783-5192,18,3,35,0,35,0,,,,,,,1.17,0.00,0.61,0.28,0.00,1.36,-.038,79,24,21,0,0,5,0,0,0,0,0,0,108,10,11,5,0,3,2,24.5,0,0.4962432538700214,60,80
2026-27,wvball,St. Louis Intercollegiate Athletic Conference (SLIAC),sliac,Westminster,"VanOverschelde, Landrey",Landrey,VanOverschelde,,1450,"VanOverschelde, Landrey","VANOVERSCHELDE, LANDREY",Westminster,WESTMO,1216-1728,21,10,6,0,6,0,,,,,,,0.52,6.62,1.52,0.10,0.10,0.67,.219,32,4,11,139,11,424,0,2,7,87,0,0,1,0,32,2,0,2,0,14,0,0.45989644519558803,61,79
2026-27,wvball,St. Louis Intercollegiate Athletic Conference (SLIAC),sliac,Webster,"Price,Emma",Emma,Price,,759,"Price,Emma","PRICE,EMMA",Webster,WEBSTER,1259-2440,12,4,24,0,24,0,,,,,,,0.25,3.75,1.92,0.00,0.25,0.50,.286,7,1,3,45,2,109,0,3,4,30,0,0,3,0,23,0,0,0,0,6,0,0.3751349759252828,62,79
2026-27,wvball,St. Louis Intercollegiate Athletic Conference (SLIAC),sliac,Eureka,"Brown, Anslee",Anslee,Brown,,218,"Brown, Anslee","BROWN, ANSLEE",Eureka,EUREKA,0,1,0,25,0,25,0,,,,,,,2.00,0.00,0.00,0.00,0.00,2.00,.000,4,2,2,0,0,0,0,0,0,0,0,0,0,0,0,0,0,0,0,2,0,0.3103304681734101,63,79
2026-27,wvball,St. Louis Intercollegiate Athletic Conference (SLIAC),sliac,Webster,"Urbanski,Addison",Addison,Urbanski,,759,"Urbanski,Addison","URBANSKI,ADDISON",Webster,WEBSTER,1259-2433,8,0,07,0,07,0,,,,,,,0.13,3.75,1.63,0.50,0.25,0.69,-.200,10,3,1,30,3,80,0,2,2,20,0,0,0,0,13,4,0,3,1,5.5,0,0.28960097569572896,64,78
2026-27,wvball,St. Louis Intercollegiate Athletic Conference (SLIAC),sliac,Lyon,Pascha Wistrand,Pascha,Wistrand,,22989,Pascha Wistrand,"WISTRAND,PASCHA",Lyon,LC,783-5525,20,7,5,0,5,0,,,,,,,1.45,0.10,0.35,0.10,0.00,1.50,.035,86,26,29,2,1,5,0,0,0,0,0,0,3,1,7,2,0,2,0,30,0,0.24149393002552394,65,78
2026-27,wvball,St. Louis Intercollegiate Athletic Conference (SLIAC),sliac,Westminster,"Schnake, Haylie",Haylie,Schnake,,1450,"Schnake, Haylie","SCHNAKE, HAYLIE",Westminster,WESTMO,1216-1649,21,0,1,0,1,0,,,,,,,0.00,1.05,3.95,0.00,0.19,0.19,.000,0,0,0,22,2,79,0,4,0,63,0,0,145,11,83,0,0,0,0,4,0,0.18153430585767233,66,78
2026-27,wvball,St. Louis Intercollegiate Athletic Conference (SLIAC),sliac,Greenville,"Bonacorsi, Claudia",Claudia,Bonacorsi,,1111,"Bonacorsi, Claudia","BONACORSI, CLAUDIA",Greenville,GRNVLU,1227-2564,14,0,21,0,21,0,,,,,,,0.07,0.71,3.64,0.00,0.21,0.29,.000,10,1,1,10,0,40,0,3,6,48,0,0,78,3,51,0,0,0,0,4,0,0.10575465248062194,67,77
2026-27,wvball,St. Louis Intercollegiate Athletic Conference (SLIAC),sliac,Webster,"Hersberger,Carley",Carley,Hersberger,,759,"Hersberger,Carley","HERSBERGER,CARLEY",Webster,WEBSTER,1259-2322,7,0,03,0,03,0,,,,,,,1.14,0.00,0.29,0.14,0.00,1.21,.091,33,5,8,0,0,2,0,0,0,0,0,0,0,0,2,1,0,1,0,8.5,0,0.08339387745661392,68,77
2026-27,wvball,St. Louis Intercollegiate Athletic Conference (SLIAC),sliac,Blackburn,"Griffiths, Destiny",Destiny,Griffiths,,64,"Griffiths, Destiny","GRIFFITHS, DESTINY",Blackburn,BLACKB,0,3,1,3,0,3,0,,,,,,,1.00,0.00,1.00,0.00,0.00,1.00,.167,12,1,3,0,0,1,0,0,1,2,0,0,17,3,3,0,0,0,0,3.0,0,0.03342473620061309,69,77
2026-27,wvball,St. Louis Intercollegiate Athletic Conference (SLIAC),sliac,Blackburn,"Harper, Zara",Zara,Harper,,64,"Harper, Zara","HARPER, ZARA",Blackburn,BLACKB,0,4,1,25,0,25,0,,,,,,,0.50,0.00,1.00,0.25,0.00,0.63,.067,15,1,2,0,1,1,0,0,0,0,0,0,0,0,4,1,0,1,0,2.5,0,-0.06605425795235009,70,76
2026-27,wvball,St. Louis Intercollegiate Athletic Conference (SLIAC),sliac,Westminster,"Sutthoff, Sydney",Sydney,Sutthoff,,1450,"Sutthoff, Sydney","SUTTHOFF, SYDNEY",Westminster,WESTMO,1216-1914,21,0,11,0,11,0,,,,,,,0.05,1.48,0.95,0.00,0.67,0.71,.250,4,0,1,31,2,132,0,14,5,78,0,0,0,0,20,0,0,0,0,15,0,-0.0842419775048735,71,76
2026-27,wvball,St. Louis Intercollegiate Athletic Conference (SLIAC),sliac,Principia,"Meythaler, Kelli",Kelli,Meythaler,,555,"Meythaler, Kelli","MEYTHALER, KELLI",Principia,Princ,1258-2543,10,4,12,0,12,0,,,,,,,0.70,1.00,1.20,0.10,0.20,0.95,.020,51,6,7,10,4,69,0,2,3,23,0,0,24,7,12,1,0,1,0,9.5,0,-0.10818287258569156,72,76
2026-27,wvball,St. Louis Intercollegiate Athletic Conference (SLIAC),sliac,Blackburn,"Lowder, Ruby",Ruby,Lowder,,64,"Lowder, Ruby","LOWDER, RUBY",Blackburn,BLACKB,0,2,0,1,0,1,0,,,,,,,0.50,0.50,0.00,0.00,0.00,0.50,.500,2,0,1,1,0,1,0,0,0,1,0,0,0,0,0,0,0,0,0,1.0,0,-0.20034877852084887,73,75
2026-27,wvball,St. Louis Intercollegiate Athletic Conference (SLIAC),sliac,Principia,"Kibbe, Alex",Alex,Kibbe,,555,"Kibbe, Alex","KIBBE, ALEX",Principia,Princ,1258-2377,10,3,11,0,11,0,,,,,,,0.30,0.20,1.20,0.20,0.00,0.50,.077,13,2,3,2,0,15,0,0,0,0,0,0,39,12,12,2,0,0,2,5,0,-0.4502706796667238,74,75
2026-27,wvball,St. Louis Intercollegiate Athletic Conference (SLIAC),sliac,Blackburn,"Wright, Jessi",Jessi,Wright,,64,"Wright, Jessi","WRIGHT, JESSI",Blackburn,BLACKB,0,2,0,9,0,9,0,,,,,,,0.00,0.00,1.00,0.00,1.00,1.00,.000,0,0,0,0,0,0,0,2,1,5,0,0,2,0,2,0,0,0,0,2.0,0,-0.5658927435342263,75,75
2026-27,wvball,St. Louis Intercollegiate Athletic Conference (SLIAC),sliac,Eureka,"Snyder, Brooklyn",Brooklyn,Snyder,,218,"Snyder, Brooklyn","SNYDER, BROOKLYN",Eureka,EUREKA,0,2,0,21,0,21,0,,,,,,,1.50,0.00,0.50,0.00,0.00,1.50,-.100,10,4,3,0,0,0,0,0,1,1,0,0,0,0,1,0,0,0,0,3,0,-0.5806616157370535,76,74
2026-27,wvball,St. Louis Intercollegiate Athletic Conference (SLIAC),sliac,Eureka,"Whitsitt, Laynee",Laynee,Whitsitt,,218,"Whitsitt, Laynee","WHITSITT, LAYNEE",Eureka,EUREKA,0,9,4,7,0,7,0,,,,,,,0.78,0.11,0.67,0.11,0.00,0.89,.028,36,6,7,1,0,3,0,0,0,0,0,0,0,0,6,1,0,0,1,8,0,-0.6460201245731354,77,74
2026-27,wvball,St. Louis Intercollegiate Athletic Conference (SLIAC),sliac,Spalding,"Alo, Taimane",Taimane,Alo,,23260,"Alo, Taimane","ALO, TAIMANE",Spalding,SU,926-1509,7,2,8,0,8,0,,,,,,,0.00,5.00,2.14,0.00,0.43,0.43,.000,7,0,0,35,0,116,0,3,2,29,0,0,0,0,15,0,0,0,0,3,0,-0.737831748785104,78,74
2026-27,wvball,St. Louis Intercollegiate Athletic Conference (SLIAC),sliac,Principia,"Borton-Center, Sam",Sam,Borton-Center,,555,"Borton-Center, Sam","BORTON-CENTER, SAM",Principia,Princ,1258-2375,3,1,2,0,2,0,,,,,,,1.00,0.00,1.00,0.00,0.00,1.00,-.071,14,4,3,0,1,8,0,0,0,6,0,0,11,1,3,0,0,0,0,3.0,0,-0.9426206799624797,79,73
2026-27,wvball,St. Louis Intercollegiate Athletic Conference (SLIAC),sliac,Westminster,"Luketmeyer, Hannah",Hannah,Luketmeyer,,1450,"Luketmeyer, Hannah","LUKETMEYER, HANNAH",Westminster,WESTMO,1216-1648,21,6,15,0,15,0,,,,,,,0.00,0.05,2.29,0.00,0.24,0.24,.000,3,0,0,1,1,22,0,5,6,60,0,0,85,9,48,0,0,0,0,5,0,-0.9666523654325299,80,73
2026-27,wvball,St. Louis Intercollegiate Athletic Conference (SLIAC),sliac,Webster,"Filkins,Lexi",Lexi,Filkins,,759,"Filkins,Lexi","FILKINS,LEXI",Webster,WEBSTER,1259-2435,13,0,11,0,11,0,,,,,,,0.00,0.08,2.85,0.00,0.00,0.00,.000,5,0,0,1,1,23,0,0,0,15,0,0,56,1,37,0,0,0,0,0,0,-0.9793929134915627,81,73
2026-27,wvball,St. Louis Intercollegiate Athletic Conference (SLIAC),sliac,Westminster,"Starns, Bridgette",Bridgette,Starns,,1450,"Starns, Bridgette","STARNS, BRIDGETTE",Westminster,WESTMO,1216-1913,21,0,4,0,4,0,,,,,,,0.00,0.10,2.48,0.00,0.10,0.10,.000,0,0,0,2,1,24,0,2,8,65,0,0,77,7,52,0,0,0,0,2,0,-1.075994673695697,82,72
2026-27,wvball,St. Louis Intercollegiate Athletic Conference (SLIAC),sliac,Greenville,"Baldrige, Laney",Laney,Baldrige,,1111,"Baldrige, Laney","BALDRIGE, LANEY",Greenville,GRNVLU,1227-2301,13,0,23,0,23,0,,,,,,,0.31,0.08,1.00,0.00,0.00,0.31,.174,23,0,4,1,0,10,0,0,0,0,0,0,32,3,13,0,0,0,0,4,1,-1.1160176660366017,83,72
2026-27,wvball,St. Louis Intercollegiate Athletic Conference (SLIAC),sliac,Greenville,"Ruppert, Emily",Emily,Ruppert,,1111,"Ruppert, Emily","RUPPERT, EMILY",Greenville,GRNVLU,1227-2618,14,0,28,0,28,0,,,,,,,0.07,0.21,1.79,0.00,0.29,0.36,.000,3,1,1,3,2,22,0,4,2,53,0,0,58,2,25,0,0,0,0,5,0,-1.1303216841615746,84,72
2026-27,wvball,St. Louis Intercollegiate Athletic Conference (SLIAC),sliac,Blackburn,"Frey, Elexus",Elexus,Frey,,64,"Frey, Elexus","FREY, ELEXUS",Blackburn,BLACKB,0,5,0,16,0,16,0,,,,,,,0.00,0.80,2.60,0.00,0.00,0.00,.000,6,0,0,4,1,10,0,0,0,11,0,0,12,0,13,0,0,0,0,0,0,-1.1658142340319246,85,71
2026-27,wvball,St. Louis Intercollegiate Athletic Conference (SLIAC),sliac,Lyon,Ella Gardner,Ella,Gardner,,22989,Ella Gardner,"GARDNER,ELLA",Lyon,LC,783-5522,20,4,7,0,7,0,,,,,,,0.00,3.95,2.50,0.00,0.00,0.00,.000,22,0,0,79,2,157,0,0,7,64,0,0,1,0,50,0,0,0,0,0,0,-1.2403827622480694,86,71
2026-27,wvball,St. Louis Intercollegiate Athletic Conference (SLIAC),sliac,Webster,"Moleski,Kate",Kate,Moleski,,759,"Moleski,Kate","MOLESKI,KATE",Webster,WEBSTER,1259-2115,4,3,20,0,20,0,,,,,,,1.25,0.00,0.50,0.00,0.00,1.25,-.200,25,10,5,0,0,1,0,0,0,7,0,0,10,0,2,0,0,0,0,5,0,-1.4176305362501038,87,71
2026-27,wvball,St. Louis Intercollegiate Athletic Conference (SLIAC),sliac,Lyon,Sofia Santis,Sofia,Santis,,22989,Sofia Santis,"SANTIS,SOFIA",Lyon,LC,783-5188,20,4,27,0,27,0,,,,,,,0.05,0.00,2.10,0.00,0.60,0.65,-.308,13,5,1,0,0,8,0,12,3,91,0,0,107,11,42,0,0,0,0,13,0,-1.6405905464309436,88,70
2026-27,wvball,St. Louis Intercollegiate Athletic Conference (SLIAC),sliac,Westminster,"Herzing, Kendal",Kendal,Herzing,,1450,"Herzing, Kendal","HERZING, KENDAL",Westminster,WESTMO,1216-1725,13,0,14,0,14,0,,,,,,,0.62,0.00,0.23,0.23,0.00,0.73,-.205,44,17,8,0,0,1,0,0,0,0,0,0,2,0,3,3,0,3,0,9.5,0,-1.6439652731491796,89,70
2026-27,wvball,St. Louis Intercollegiate Athletic Conference (SLIAC),sliac,Lyon,Olivia Locke,Olivia,Locke,,22989,Olivia Locke,"LOCKE,OLIVIA",Lyon,LC,783-5183,20,0,19,0,19,0,,,,,,,0.00,1.00,3.20,0.00,0.10,0.10,-.273,11,3,0,20,1,31,0,2,2,24,0,0,86,8,64,0,0,0,0,2,0,-1.658682777314767,90,70
2026-27,wvball,St. Louis Intercollegiate Athletic Conference (SLIAC),sliac,Webster,"Bott,Lilly",Lilly,Bott,,759,"Bott,Lilly","BOTT,LILLY",Webster,WEBSTER,1259-2441,13,1,25,0,25,0,,,,,,,0.00,0.31,1.31,0.00,0.08,0.08,.000,5,0,0,4,0,18,0,1,7,32,0,0,38,4,17,0,0,0,0,1,0,-1.9843068126637102,91,69
2026-27,wvball,St. Louis Intercollegiate Athletic Conference (SLIAC),sliac,Blackburn,"Walch, Elise",Elise,Walch,,64,"Walch, Elise","WALCH, ELISE",Blackburn,BLACKB,0,6,0,2,0,2,0,,,,,,,0.00,3.83,1.50,0.00,0.00,0.00,.000,2,0,0,23,0,64,0,0,2,21,0,0,1,0,9,0,0,0,0,0,0,-1.9860680444095165,92,69
2026-27,wvball,St. Louis Intercollegiate Athletic Conference (SLIAC),sliac,Webster,"Leach,Jessie",Jessie,Leach,,759,"Leach,Jessie","LEACH,JESSIE",Webster,WEBSTER,1259-2117,9,0,19,0,19,0,,,,,,,0.00,0.00,1.22,0.00,0.11,0.11,.000,0,0,0,0,0,1,0,1,0,21,0,0,17,0,11,0,0,0,0,1,0,-1.9976279497995602,93,69
2026-27,wvball,St. Louis Intercollegiate Athletic Conference (SLIAC),sliac,Eureka,"Robinson, Kaitlyn",Kaitlyn,Robinson,,218,"Robinson, Kaitlyn","ROBINSON, KAITLYN",Eureka,EUREKA,0,9,4,3,0,3,0,,,,,,,0.00,3.67,1.89,0.00,0.56,0.56,-.333,3,1,0,33,1,122,0,5,2,32,0,0,1,0,17,0,0,0,0,5,0,-2.0568041132674444,94,68
2026-27,wvball,St. Louis Intercollegiate Athletic Conference (SLIAC),sliac,Blackburn,"Valentine, Mackenzie",Mackenzie,Valentine,,64,"Valentine, Mackenzie","VALENTINE, MACKENZIE",Blackburn,BLACKB,0,4,1,24,0,24,0,,,,,,,0.50,0.25,0.25,0.00,0.00,0.50,-.067,15,3,2,1,1,2,0,0,0,0,0,0,0,0,1,0,0,0,0,2,0,-2.339212125898443,95,68
2026-27,wvball,St. Louis Intercollegiate Athletic Conference (SLIAC),sliac,Westminster,"Hart, Liv",Liv,Hart,,1450,"Hart, Liv","HART, LIV",Westminster,WESTMO,1216-1653,2,0,12,0,12,0,,,,,,,0.00,1.00,1.00,0.00,0.00,0.00,.000,0,0,0,2,0,8,0,0,1,3,0,0,2,0,2,0,0,0,0,0,0,-2.3589106854902404,96,68
2026-27,wvball,St. Louis Intercollegiate Athletic Conference (SLIAC),sliac,Spalding,"Kobli, Ella",Ella,Kobli,,23260,"Kobli, Ella","KOBLI, ELLA",Spalding,SU,926-1516,1,0,13,0,13,0,,,,,,,0.00,0.00,1.00,0.00,0.00,0.00,.000,0,0,0,0,0,0,0,0,1,5,0,0,0,0,1,0,0,0,0,0.0,0,-2.3589106854902404,97,67
2026-27,wvball,St. Louis Intercollegiate Athletic Conference (SLIAC),sliac,Greenville,"Thompson, Hannah",Hannah,Thompson,,1111,"Thompson, Hannah","THOMPSON, HANNAH",Greenville,GRNVLU,1227-2614,6,1,5,0,5,0,,,,,,,0.00,4.17,1.00,0.00,0.00,0.00,.000,0,0,0,25,2,78,0,0,0,15,0,0,0,0,6,0,0,0,0,0,1,-2.3589106854902404,98,67
2026-27,wvball,St. Louis Intercollegiate Athletic Conference (SLIAC),sliac,Webster,"Bock,Maddie",Maddie,Bock,,759,"Bock,Maddie","BOCK,MADDIE",Webster,WEBSTER,1259-2325,13,0,22,0,22,0,,,,,,,0.00,0.46,0.62,0.00,0.08,0.08,.000,1,0,0,6,0,19,0,1,4,10,0,0,41,4,8,0,0,0,0,1,0,-2.498829657355109,99,67
2026-27,wvball,St. Louis Intercollegiate Athletic Conference (SLIAC),sliac,Webster,"Brown,Lauren",Lauren,Brown,,759,"Brown,Lauren","BROWN,LAUREN",Webster,WEBSTER,1259-2116,1,0,17,0,17,0,,,,,,,1.00,0.00,0.00,0.00,0.00,1.00,-.286,7,3,1,0,0,0,0,0,0,0,0,0,4,2,0,0,0,0,0,1,0,-2.5700276615989894,100,66
2026-27,wvball,St. Louis Intercollegiate Athletic Conference (SLIAC),sliac,Greenville,"Mapa, Brooke-Lynn",Brooke-Lynn,Mapa,,1111,"Mapa, Brooke-Lynn","MAPA, BROOKE-LYNN",Greenville,GRNVLU,1227-2568,11,0,10,0,10,0,,,,,,,0.00,0.00,0.27,0.00,0.18,0.18,.000,1,0,0,0,0,4,0,2,1,33,0,0,0,0,3,0,0,0,0,2,0,-2.580517711916014,101,66
2026-27,wvball,St. Louis Intercollegiate Athletic Conference (SLIAC),sliac,Webster,"Hendrix,Chloe",Chloe,Hendrix,,759,"Hendrix,Chloe","HENDRIX,CHLOE",Webster,WEBSTER,1259-2439,5,0,21,0,21,0,,,,,,,0.00,0.00,0.60,0.00,0.00,0.00,.000,2,0,0,0,0,0,0,0,3,9,0,0,1,0,3,0,0,0,0,0,0,-2.657184798354819,102,66
2026-27,wvball,St. Louis Intercollegiate Athletic Conference (SLIAC),sliac,Lyon,Jenna Good,Jenna,Good,,22989,Jenna Good,"GOOD,JENNA",Lyon,LC,783-5526,20,4,8,0,8,0,,,,,,,0.10,3.00,0.80,0.00,0.25,0.35,-.188,16,5,2,60,5,109,0,5,12,52,0,0,3,0,16,0,0,0,0,7,0,-2.6600407927879077,103,65
2026-27,wvball,St. Louis Intercollegiate Athletic Conference (SLIAC),sliac,Westminster,"Behrmann, Emma",Emma,Behrmann,,1450,"Behrmann, Emma","BEHRMANN, EMMA",Westminster,WESTMO,1216-1651,2,0,5,0,5,0,,,,,,,0.00,0.00,0.50,0.00,0.00,0.00,.000,0,0,0,0,1,9,0,0,0,4,0,0,0,0,1,0,0,0,0,0,0,-2.731753326570964,104,65
2026-27,wvball,St. Louis Intercollegiate Athletic Conference (SLIAC),sliac,Eureka,"Walker, Paige",Paige,Walker,,218,"Walker, Paige","WALKER, PAIGE",Eureka,EUREKA,0,1,0,18,0,18,0,,,,,,,0.00,1.00,4.00,0.00,0.00,0.00,-.667,3,2,0,1,0,2,0,0,1,3,0,0,3,1,4,0,0,0,0,0,0,-2.8572426229587675,105,65
2026-27,wvball,St. Louis Intercollegiate Athletic Conference (SLIAC),sliac,Principia,"Young, Nylah",Nylah,Young,,555,"Young, Nylah","YOUNG, NYLAH",Principia,Princ,1258-2481,10,0,8,0,8,0,,,,,,,0.00,0.00,0.30,0.00,0.00,0.00,.000,0,0,0,0,0,2,0,0,3,19,0,0,7,3,3,0,0,0,0,0,0,-2.8808903830032535,106,64
2026-27,wvball,St. Louis Intercollegiate Athletic Conference (SLIAC),sliac,Greenville,"Bailey, Shae",Shae,Bailey,,1111,"Bailey, Shae","BAILEY, SHAE",Greenville,GRNVLU,1227-3000,0,0,14,0,14,0,,,,,,,0,0,0,0,0,0,,,,,,,,,,,,,,,,,,,,,,,-2.886190638748466,107,64
2026-27,wvball,St. Louis Intercollegiate Athletic Conference (SLIAC),sliac,Greenville,"Chambers, Hope",Hope,Chambers,,1111,"Chambers, Hope","CHAMBERS, HOPE",Greenville,GRNVLU,1227-3002,0,0,24,0,24,0,,,,,,,0,0,0,0,0,0,,,,,,,,,,,,,,,,,,,,,,,-2.886190638748466,108,64
2026-27,wvball,St. Louis Intercollegiate Athletic Conference (SLIAC),sliac,Eureka,"Clark, Minnie",Minnie,Clark,,218,"Clark, Minnie","CLARK, MINNIE",Eureka,EUREKA,0,0,0,24,0,24,0,,,,,,,0,0,0,0,0,0,,,,,,,,,,,,,,,,,,,,,,,-2.886190638748466,109,63
2026-27,wvball,St. Louis Intercollegiate Athletic Conference (SLIAC),sliac,Eureka,"Doran, Lucy",Lucy,Doran,,218,"Doran, Lucy","DORAN, LUCY",Eureka,EUREKA,0,0,0,17,0,17,0,,,,,,,0,0,0,0,0,0,,,,,,,,,,,,,,,,,,,,,,,-2.886190638748466,110,63
2026-27,wvball,St. Louis Intercollegiate Athletic Conference (SLIAC),sliac,Westminster,"Edwards, Mckenna",Mckenna,Edwards,,1450,"Edwards, Mckenna","EDWARDS, MCKENNA",Westminster,WESTMO,1216-1652,0,0,16,0,16,0,,,,,,,0,0,0,0,0,0,,,,,,,,,,,,,,,,,,,,,,,-2.886190638748466,111,63
2026-27,wvball,St. Louis Intercollegiate Athletic Conference (SLIAC),sliac,Greenville,"Edwards, Meghan",Meghan,Edwards,,1111,"Edwards, Meghan","EDWARDS, MEGHAN",Greenville,GRNVLU,1227-3004,0,0,6,0,6,0,,,,,,,0,0,0,0,0,0,,,,,,,,,,,,,,,,,,,,,,,-2.886190638748466,112,62
2026-27,wvball,St. Louis Intercollegiate Athletic Conference (SLIAC),sliac,Eureka,"Glenn, Miranda",Miranda,Glenn,,218,"Glenn, Miranda","GLENN, MIRANDA",Eureka,EUREKA,0,0,0,22,0,22,0,,,,,,,0,0,0,0,0,0,,,,,,,,,,,,,,,,,,,,,,,-2.886190638748466,113,62
2026-27,wvball,St. Louis Intercollegiate Athletic Conference (SLIAC),sliac,Spalding,"Grundy, Makayliah",Makayliah,Grundy,,23260,"Grundy, Makayliah","GRUNDY, MAKAYLIAH",Spalding,SU,926-1392,0,0,2,0,2,0,,,,,,,0,0,0,0,0,0,,,,,,,,,,,,,,,,,,,,,,,-2.886190638748466,114,62
2026-27,wvball,St. Louis Intercollegiate Athletic Conference (SLIAC),sliac,Webster,"Hendrickson,Sydney",Sydney,Hendrickson,,759,"Hendrickson,Sydney","HENDRICKSON,SYDNEY",Webster,WEBSTER,1259-2430,0,0,02,0,02,0,,,,,,,0,0,0,0,0,0,,,,,,,,,,,,,,,,,,,,,,,-2.886190638748466,115,61
2026-27,wvball,St. Louis Intercollegiate Athletic Conference (SLIAC),sliac,Westminster,"Horstmann, Rylee",Rylee,Horstmann,,1450,"Horstmann, Rylee","HORSTMANN, RYLEE",Westminster,WESTMO,1216-1909,0,0,13,0,13,0,,,,,,,0,0,0,0,0,0,,,,,,,,,,,,,,,,,,,,,,,-2.886190638748466,116,61
2026-27,wvball,St. Louis Intercollegiate Athletic Conference (SLIAC),sliac,Westminster,"Klug, Lilia",Lilia,Klug,,1450,"Klug, Lilia","KLUG, LILIA",Westminster,WESTMO,1216-1910,0,0,19,0,19,0,,,,,,,0,0,0,0,0,0,,,,,,,,,,,,,,,,,,,,,,,-2.886190638748466,117,61
2026-27,wvball,St. Louis Intercollegiate Athletic Conference (SLIAC),sliac,Greenville,"LaMontagne, Katie",Katie,LaMontagne,,1111,"LaMontagne, Katie","LAMONTAGNE, KATIE",Greenville,GRNVLU,1227-2617,0,0,22,0,22,0,,,,,,,0,0,0,0,0,0,,,,,,,,,,,,,,,,,,,,,,,-2.886190638748466,118,61
2026-27,wvball,St. Louis Intercollegiate Athletic Conference (SLIAC),sliac,Westminster,"Lansaw, Elaina",Elaina,Lansaw,,1450,"Lansaw, Elaina","LANSAW, ELAINA",Westminster,WESTMO,1216-1726,0,0,8,0,8,0,,,,,,,0,0,0,0,0,0,,,,,,,,,,,,,,,,,,,,,,,-2.886190638748466,119,60
2026-27,wvball,St. Louis Intercollegiate Athletic Conference (SLIAC),sliac,Greenville,"Legendre, Kennedy",Kennedy,Legendre,,1111,"Legendre, Kennedy","LEGENDRE, KENNEDY",Greenville,GRNVLU,1227-2619,0,0,31,0,31,0,,,,,,,0,0,0,0,0,0,,,,,,,,,,,,,,,,,,,,,,,-2.886190638748466,120,60
2026-27,wvball,St. Louis Intercollegiate Athletic Conference (SLIAC),sliac,Greenville,"Li, Nadia",Nadia,Li,,1111,"Li, Nadia","LI, NADIA",Greenville,GRNVLU,1227-3007,0,0,2,0,2,0,,,,,,,0,0,0,0,0,0,,,,,,,,,,,,,,,,,,,,,,,-2.886190638748466,121,60
2026-27,wvball,St. Louis Intercollegiate Athletic Conference (SLIAC),sliac,Westminster,"McCabe, Ellie",Ellie,McCabe,,1450,"McCabe, Ellie","MCCABE, ELLIE",Westminster,WESTMO,1216-1911,0,0,26,0,26,0,,,,,,,0,0,0,0,0,0,,,,,,,,,,,,,,,,,,,,,,,-2.886190638748466,122,59
2026-27,wvball,St. Louis Intercollegiate Athletic Conference (SLIAC),sliac,Eureka,"McLean-Garcia, Kirra",Kirra,McLean-Garcia,,218,"McLean-Garcia, Kirra","MCLEAN-GARCIA, KIRRA",Eureka,EUREKA,0,0,0,14,0,14,0,,,,,,,0,0,0,0,0,0,,,,,,,,,,,,,,,,,,,,,,,-2.886190638748466,123,59
2026-27,wvball,St. Louis Intercollegiate Athletic Conference (SLIAC),sliac,Greenville,"Mcschooler, Mia",Mia,Mcschooler,,1111,"Mcschooler, Mia","MCSCHOOLER, MIA",Greenville,GRNVLU,1227-2569,0,0,7,0,7,0,,,,,,,0,0,0,0,0,0,,,,,,,,,,,,,,,,,,,,,,,-2.886190638748466,124,59
2026-27,wvball,St. Louis Intercollegiate Athletic Conference (SLIAC),sliac,Greenville,"Porter, Kaleya",Kaleya,Porter,,1111,"Porter, Kaleya","PORTER, KALEYA",Greenville,GRNVLU,1227-3008,0,0,8,0,8,0,,,,,,,0,0,0,0,0,0,,,,,,,,,,,,,,,,,,,,,,,-2.886190638748466,125,58
2026-27,wvball,St. Louis Intercollegiate Athletic Conference (SLIAC),sliac,Westminster,"Rhodes, Annika",Annika,Rhodes,,1450,"Rhodes, Annika","RHODES, ANNIKA",Westminster,WESTMO,1216-1656,0,0,27,0,27,0,,,,,,,0,0,0,0,0,0,,,,,,,,,,,,,,,,,,,,,,,-2.886190638748466,126,58
2026-27,wvball,St. Louis Intercollegiate Athletic Conference (SLIAC),sliac,Greenville,"Rittenhouse, Claire",Claire,Rittenhouse,,1111,"Rittenhouse, Claire","RITTENHOUSE, CLAIRE",Greenville,GRNVLU,1227-2620,0,0,33,0,33,0,,,,,,,0,0,0,0,0,0,,,,,,,,,,,,,,,,,,,,,,,-2.886190638748466,127,58
2026-27,wvball,St. Louis Intercollegiate Athletic Conference (SLIAC),sliac,Westminster,"Scheve, Elena",Elena,Scheve,,1450,"Scheve, Elena","SCHEVE, ELENA",Westminster,WESTMO,1216-1593,0,0,25,0,25,0,,,,,,,0,0,0,0,0,0,,,,,,,,,,,,,,,,,,,,,,,-2.886190638748466,128,57
2026-27,wvball,St. Louis Intercollegiate Athletic Conference (SLIAC),sliac,Spalding,"Sciarra, Gianna",Gianna,Sciarra,,23260,"Sciarra, Gianna","SCIARRA, GIANNA",Spalding,SU,926-1681,0,0,11,0,11,0,,,,,,,0,0,0,0,0,0,,,,,,,,,,,,,,,,,,,,,,,-2.886190638748466,129,57
2026-27,wvball,St. Louis Intercollegiate Athletic Conference (SLIAC),sliac,Webster,"Stroup,Julia",Julia,Stroup,,759,"Stroup,Julia","STROUP,JULIA",Webster,WEBSTER,1259-2434,0,0,09,0,09,0,,,,,,,0,0,0,0,0,0,,,,,,,,,,,,,,,,,,,,,,,-2.886190638748466,130,57
2026-27,wvball,St. Louis Intercollegiate Athletic Conference (SLIAC),sliac,Westminster,"Thompson, Gabrielle",Gabrielle,Thompson,,1450,"Thompson, Gabrielle","THOMPSON, GABRIELLE",Westminster,WESTMO,1216-1915,0,0,23,0,23,0,,,,,,,0,0,0,0,0,0,,,,,,,,,,,,,,,,,,,,,,,-2.886190638748466,131,56
2026-27,wvball,St. Louis Intercollegiate Athletic Conference (SLIAC),sliac,Spalding,"Wilson, Hannah",Hannah,Wilson,,23260,"Wilson, Hannah","WILSON, HANNAH",Spalding,SU,926-1507,0,0,3,0,3,0,,,,,,,0,0,0,0,0,0,,,,,,,,,,,,,,,,,,,,,,,-2.886190638748466,132,56
2026-27,wvball,St. Louis Intercollegiate Athletic Conference (SLIAC),sliac,Westminster,"Zastrow, Olivia",Olivia,Zastrow,,1450,"Zastrow, Olivia","ZASTROW, OLIVIA",Westminster,WESTMO,1216-1661,0,0,20,0,20,0,,,,,,,0,0,0,0,0,0,,,,,,,,,,,,,,,,,,,,,,,-2.886190638748466,133,56
2026-27,wvball,St. Louis Intercollegiate Athletic Conference (SLIAC),sliac,Lyon,Zoey Craig,Zoey,Craig,,22989,Zoey Craig,"CRAIG,ZOEY",Lyon,LC,783-4170,0,0,25,0,25,0,,,,,,,0,0,0,0,0,0,,,,,,,,,,,,,,,,,,,,,,,-2.886190638748466,134,55
2026-27,wvball,St. Louis Intercollegiate Athletic Conference (SLIAC),sliac,Lyon,"Carothers, Claire",Claire,Carothers,,22989,"Carothers, Claire","CAROTHERS, CLAIRE",Lyon,LC,0,2,0,20,0,20,0,,,,,,,0.00,0.00,0.00,0.00,0.00,0.00,.000,0,0,0,0,0,2,0,0,0,0,0,0,1,0,0,0,0,0,0,0.0,0,-3.1045959676516874,135,55
2026-27,wvball,St. Louis Intercollegiate Athletic Conference (SLIAC),sliac,Webster,"Delkic,Hana",Hana,Delkic,,759,"Delkic,Hana","DELKIC,HANA",Webster,WEBSTER,1259-2437,1,0,14,0,14,0,,,,,,,0.00,0.00,0.00,0.00,0.00,0.00,.000,1,0,0,0,0,0,0,0,0,0,0,0,0,0,0,0,0,0,0,0,0,-3.1045959676516874,136,55
2026-27,wvball,St. Louis Intercollegiate Athletic Conference (SLIAC),sliac,Blackburn,"Hasslemann, Camille",Camille,Hasslemann,,64,"Hasslemann, Camille","HASSLEMANN, CAMILLE",Blackburn,BLACKB,0,1,0,22,0,22,0,,,,,,,0.00,0.00,0.00,0.00,0.00,0.00,.000,0,0,0,0,0,0,0,0,0,0,0,0,0,0,0,0,0,0,0,0.0,0,-3.1045959676516874,137,54
2026-27,wvball,St. Louis Intercollegiate Athletic Conference (SLIAC),sliac,Spalding,"Smith, Audrey",Audrey,Smith,,23260,"Smith, Audrey","SMITH, AUDREY",Spalding,SU,926-1514,2,0,15,0,15,0,,,,,,,0.00,0.00,0.00,0.00,0.00,0.00,.000,0,0,0,0,0,0,0,0,0,5,0,0,0,0,0,0,0,0,0,0.0,0,-3.1045959676516874,138,54
2026-27,wvball,St. Louis Intercollegiate Athletic Conference (SLIAC),sliac,Spalding,"Watson, Brooks",Brooks,Watson,,23260,"Watson, Brooks","WATSON, BROOKS",Spalding,SU,926-1397,3,0,7,0,7,0,,,,,,,0.00,0.00,0.00,0.00,0.00,0.00,.000,0,0,0,0,0,0,0,0,0,8,0,0,0,0,0,0,0,0,0,0.0,0,-3.1045959676516874,139,54
2026-27,wvball,St. Louis Intercollegiate Athletic Conference (SLIAC),sliac,Westminster,"White, Sophia",Sophia,White,,1450,"White, Sophia","WHITE, SOPHIA",Westminster,WESTMO,1216-1917,2,0,17,0,17,0,,,,,,,0.00,0.00,0.00,0.00,0.00,0.00,.000,0,0,0,0,0,0,0,0,1,1,0,0,0,0,0,0,0,0,0,0,0,-3.1045959676516874,140,53
2026-27,wvball,St. Louis Intercollegiate Athletic Conference (SLIAC),sliac,Lyon,Payton Ashley,Payton,Ashley,,22989,Payton Ashley,"ASHLEY,PAYTON",Lyon,LC,783-5521,3,0,12,0,12,0,,,,,,,0.33,0.00,0.00,0.00,0.00,0.33,-.143,7,2,1,0,0,4,0,0,0,0,0,0,0,0,0,0,0,0,0,1,0,-3.127580561670472,141,53
2026-27,wvball,St. Louis Intercollegiate Athletic Conference (SLIAC),sliac,Lyon,Chaney McCance,Chaney,McCance,,22989,Chaney McCance,"MCCANCE,CHANEY",Lyon,LC,783-5250,11,0,26,0,26,0,,,,,,,0.00,0.18,1.82,0.00,0.36,0.36,-.500,2,1,0,2,0,6,0,4,0,27,0,0,2,0,20,0,0,0,0,4,0,-3.1524778751882527,142,53
2026-27,wvball,St. Louis Intercollegiate Athletic Conference (SLIAC),sliac,Webster,"Szarka,Shalamar",Shalamar,Szarka,,759,"Szarka,Shalamar","SZARKA,SHALAMAR",Webster,WEBSTER,1259-2321,7,1,08,0,08,0,,,,,,,0.00,2.00,1.57,0.00,0.29,0.29,-.500,2,1,0,14,0,64,0,2,3,19,0,0,0,0,11,0,0,0,0,2,0,-3.4644104516655356,143,52
2026-27,wvball,St. Louis Intercollegiate Athletic Conference (SLIAC),sliac,Greenville,"Stolte, Kinley",Kinley,Stolte,,1111,"Stolte, Kinley","STOLTE, KINLEY",Greenville,GRNVLU,1227-3009,6,0,27,0,27,0,,,,,,,0.00,2.67,0.83,0.00,0.00,0.00,-.250,4,1,0,16,0,58,0,0,0,12,0,0,0,0,5,0,0,0,0,0,1,-3.510934973544969,144,52
2026-27,wvball,St. Louis Intercollegiate Athletic Conference (SLIAC),sliac,Blackburn,"Sullivan, Shyanne",Shyanne,Sullivan,,64,"Sullivan, Shyanne","SULLIVAN, SHYANNE",Blackburn,BLACKB,0,3,0,13,0,13,0,,,,,,,0.00,0.00,1.00,0.00,0.33,0.33,-.500,4,2,0,0,0,4,0,1,0,4,0,0,3,0,3,0,0,0,0,1.0,0,-3.81773034481932,145,52
2026-27,wvball,St. Louis Intercollegiate Athletic Conference (SLIAC),sliac,Lyon,Marae Pounds,Marae,Pounds,,22989,Marae Pounds,"POUNDS,MARAE",Lyon,LC,783-5523,4,1,3,0,3,0,,,,,,,0.00,0.00,0.00,0.00,0.00,0.00,-.250,12,3,0,0,0,0,0,0,0,0,0,0,13,4,0,0,1,0,0,0,0,-4.12985375773897,146,51
2026-27,wvball,St. Louis Intercollegiate Athletic Conference (SLIAC),sliac,Principia,"Stalnaker, Lydia",Lydia,Stalnaker,,555,"Stalnaker, Lydia","STALNAKER, LYDIA",Principia,Princ,1258-2421,10,4,6,0,6,0,,,,,,,0.00,0.10,1.00,0.10,0.00,0.05,-.667,3,2,0,1,0,7,0,0,12,17,0,0,41,11,10,1,0,1,0,0.5,0,-4.62855617710782,147,51
2026-27,wvball,St. Louis Intercollegiate Athletic Conference (SLIAC),sliac,Westminster,"Brandt, Kylee",Kylee,Brandt,,1450,"Brandt, Kylee","BRANDT, KYLEE",Westminster,WESTMO,1216-1907,3,0,22,0,22,0,,,,,,,0.00,0.00,0.00,0.00,0.00,0.00,-.500,2,1,0,0,0,1,0,0,0,0,0,0,4,0,0,0,0,0,0,0,0,-5.155111547826252,148,51
2026-27,wvball,St. Louis Intercollegiate Athletic Conference (SLIAC),sliac,Lyon,Paige Molloy,Paige,Molloy,,22989,Paige Molloy,"MOLLOY,PAIGE",Lyon,LC,783-5524,1,0,4,0,4,0,,,,,,,0.00,0.00,0.00,0.00,0.00,0.00,-.750,4,3,0,0,0,0,0,0,0,0,0,0,1,0,0,0,0,0,0,0.0,0,-6.180369337913534,149,50
