conference_code,conference,season,sport,team,player_name,class_year,position,uniform,games_played,games_started,goal_stats_shootout_goals,goal_stats_free_positiong_goals,goal_stats_game_tying_goals,goal_stats_empty_net_goals,goal_stats_overtime_goals,goal_stats_first_goals,goal_stats_unassisted_goals,goal_stats_short_handed_goals,goal_stats_power_play_goals,goal_stats_game_winning_goals,penalty_stats_number,penalty_stats_minutes,penalty_stats_fouls,penalty_stats_green_cards,penalty_stats_yellow_cards,penalty_stats_red_cards,penalty_stats_match,penalty_stats_major,penalty_stats_minor,misc_stats_powerplay_opps,misc_stats_powerplay_goals,misc_stats_faceoffs_won,misc_stats_faceoffs_lost,misc_stats_ground_balls,misc_stats_draw_controls,misc_stats_turnovers,misc_stats_caused_turnovers,misc_stats_minutes_played,misc_stats_seconds,misc_stats_faceoffs_taken,misc_stats_penalty_killing_pct,shot_stats_shots_on_goal,shot_stats_shots,shot_stats_free_position_shots,shot_stats_points,shot_stats_assists,shot_stats_goals,shot_stats_shots_on_goal_pct,goalie_stats_games_played,goalie_stats_minutes,goalie_stats_goals_allowed,goalie_stats_saves,goalie_stats_shutouts,goalie_stats_win,goalie_stats_loss,goalie_stats_tie,goalie_stats_powerplay_goals_allowed,goalie_stats_shorthanded_goals_allowed,goalie_stats_emptynet_goals_allowed,goalie_stats_shots_faced,goalie_stats_goals_against_avg,goalie_stats_save_pct,z_shot_stats_points,z_shot_stats_goals,z_shot_stats_assists,z_misc_stats_ground_balls,z_misc_stats_caused_turnovers,z_misc_stats_turnovers,z_penalty_stats_minutes,composite_score,rank,rating
usa_south_athletic_confe,USA South Athletic Conference,2025-26,wlax,Meredith,Reese Walker,,,,22,22,0.0,11.0,0.0,0.0,0.0,3.0,44.0,1.0,6.0,4.0,0.0,0.0,0.0,4.0,3.0,0.0,0.0,0.0,0.0,0.0,0.0,0.0,0.0,39.0,1.0,38.0,42.0,1283:00,10.0,0.0,1.0,107.0,141.0,25.0,173.0,98.0,75.0,0.759,,,,,,,,,,,,,,,6.038172103064672,3.8802795371006082,8.168885804684209,1.6135446637466602,3.5094469946948306,1.579100793468616,0.0,15.765872976169103,1,99
usa_south_athletic_confe,USA South Athletic Conference,2025-26,wlax,Meredith,Kenzie Todd,,,,21,21,0.0,12.0,0.0,0.0,0.0,1.0,35.0,0.0,2.0,3.0,0.0,0.0,0.0,9.0,5.0,0.0,0.0,0.0,0.0,0.0,0.0,0.0,0.0,32.0,12.0,58.0,13.0,1230:00,51.0,0.0,1.0,102.0,149.0,25.0,121.0,51.0,70.0,0.685,,,,,,,,,,,,,,,4.0480465638437915,3.5803727625256565,4.044072388051658,1.1346030080428418,0.4794293869921656,3.035068332230512,0.0,9.013377831118774,2,95
usa_south_athletic_confe,USA South Athletic Conference,2025-26,wlax,Piedmont,Ava Trankina,,,,19,19,0.0,9.0,0.0,0.0,0.0,2.0,19.0,1.0,7.0,0.0,0.0,0.0,0.0,9.0,0.0,0.0,0.0,0.0,0.0,0.0,0.0,0.0,0.0,55.0,71.0,29.0,29.0,1116:00,52.0,0.0,1.0,51.0,63.0,10.0,82.0,40.0,42.0,0.81,,,,,,,,,,,,,,,2.555452409428131,1.9008948249059248,3.078690524584465,2.708268448212531,2.151163239517774,0.923915401025763,0.0,7.319514982470783,3,93
usa_south_athletic_confe,USA South Athletic Conference,2025-26,wlax,Methodist,Mikayla Ramos,,,,19,19,0.0,1.0,0.0,0.0,0.0,4.0,26.0,1.0,2.0,6.0,0.0,0.0,0.0,1.0,1.0,0.0,0.0,0.0,0.0,0.0,0.0,0.0,0.0,25.0,0.0,38.0,7.0,1069:00,52.0,0.0,1.0,65.0,83.0,5.0,87.0,48.0,39.0,0.783,,,,,,,,,,,,,,,2.7468106343532157,1.7209507601609535,3.7807864252878782,0.6556613523390233,-0.14747080770493756,1.579100793468616,0.0,6.290938586186272,4,91
usa_south_athletic_confe,USA South Athletic Conference,2025-26,wlax,Meredith,Lauryn Turner,,,,21,21,0.0,12.0,0.0,0.0,0.0,2.0,38.0,2.0,4.0,2.0,0.0,0.0,0.0,2.0,3.0,0.0,0.0,0.0,0.0,0.0,0.0,0.0,0.0,33.0,4.0,27.0,16.0,1226:00,32.0,0.0,1.0,82.0,98.0,19.0,80.0,22.0,58.0,0.837,,,,,,,,,,,,,,,2.478909119458097,2.8605965035457714,1.4989747480017863,1.2030232445719586,0.7928794843407172,0.7783186471495733,0.0,6.104112005709937,5,90
usa_south_athletic_confe,USA South Athletic Conference,2025-26,wlax,Southern Virginia,Ellie Patterson,,,,18,18,0.0,17.0,0.0,0.0,0.0,2.0,33.0,1.0,7.0,2.0,0.0,0.0,0.0,9.0,4.0,0.0,0.0,0.0,0.0,0.0,0.0,0.0,0.0,45.0,49.0,27.0,32.0,1080:00,0.0,0.0,1.0,66.0,83.0,30.0,71.0,24.0,47.0,0.795,,,,,,,,,,,,,,,2.1344643145929445,2.2008015994808767,1.6744987231776396,2.0240660829213617,2.4646133368663254,0.7783186471495733,0.0,6.10253106747847,6,89
usa_south_athletic_confe,USA South Athletic Conference,2025-26,wlax,Methodist,Kennedy Martin,,,,19,19,0.0,8.0,0.0,0.0,0.0,2.0,25.0,1.0,4.0,2.0,0.0,0.0,0.0,14.0,5.0,0.0,0.0,0.0,0.0,0.0,0.0,0.0,0.0,73.0,109.0,41.0,57.0,1108:00,8.0,0.0,1.0,58.0,73.0,14.0,59.0,23.0,36.0,0.795,,,,,,,,,,,,,,,1.6752045747727413,1.5410066954159825,1.5867367355897128,3.9398327057366354,5.076697481437589,1.7974959242829005,0.0,6.0046863324574336,7,88
usa_south_athletic_confe,USA South Athletic Conference,2025-26,wlax,Piedmont,Aly Reece,,,,19,19,0.0,3.0,0.0,0.0,0.0,0.0,7.0,0.0,5.0,1.0,0.0,0.0,0.0,2.0,0.0,0.0,0.0,0.0,0.0,0.0,0.0,0.0,0.0,14.0,2.0,38.0,12.0,1142:00,24.0,0.0,1.0,39.0,46.0,6.0,78.0,47.0,31.0,0.848,,,,,,,,,,,,,,,2.402365829488063,1.2410999208410303,3.6930244376999513,-0.09696124948126278,0.3749460212093151,1.579100793468616,0.0,5.432117986681822,8,87
usa_south_athletic_confe,USA South Athletic Conference,2025-26,wlax,Piedmont,Merryn Bumpass,,,,19,18,0.0,8.0,0.0,0.0,0.0,3.0,17.0,3.0,8.0,4.0,0.0,0.0,0.0,5.0,1.0,0.0,0.0,0.0,0.0,0.0,0.0,0.0,0.0,30.0,0.0,19.0,16.0,1059:00,40.0,0.0,1.0,87.0,109.0,15.0,66.0,14.0,52.0,0.798,,,,,,,,,,,,,,,1.94310608966786,2.500708374055829,0.7968788472983735,0.997762534984608,0.7928794843407172,0.19593163164481503,0.0,4.9603079351610555,9,87
usa_south_athletic_confe,USA South Athletic Conference,2025-26,wlax,Southern Virginia,Makenzie Mickelsen,,,,18,18,0.0,13.0,0.0,0.0,0.0,1.0,32.0,2.0,5.0,2.0,0.0,0.0,0.0,6.0,4.0,0.0,0.0,0.0,0.0,0.0,0.0,0.0,0.0,39.0,101.0,33.0,22.0,1070:00,8.0,0.0,1.0,69.0,83.0,19.0,66.0,16.0,50.0,0.831,,,,,,,,,,,,,,,1.94310608966786,2.380745664225848,0.9724028224742268,1.6135446637466602,1.4197796790378203,1.2151089087781421,0.0,4.952338336104585,10,86
usa_south_athletic_confe,USA South Athletic Conference,2025-26,wlax,Piedmont,Savannah Limehouse,,,,17,14,0.0,9.0,0.0,0.0,0.0,2.0,19.0,1.0,6.0,2.0,0.0,0.0,0.0,2.0,5.0,0.0,1.0,1.0,0.0,0.0,0.0,0.0,0.0,40.0,60.0,32.0,29.0,840:00,8.0,0.0,1.0,75.0,88.0,16.0,62.0,11.0,51.0,0.852,,,,,,,,,,,,,,,1.7900195097277922,2.4407270191408386,0.5335928845345937,1.681964900275777,2.151163239517774,1.1423105318400473,0.0,4.809130373416725,11,85
usa_south_athletic_confe,USA South Athletic Conference,2025-26,wlax,Methodist,Kaitlyn Coleman,,,,19,19,0.0,10.0,0.0,0.0,0.0,2.0,33.0,1.0,6.0,2.0,0.0,0.0,0.0,7.0,3.0,0.0,0.0,0.0,0.0,0.0,0.0,0.0,0.0,38.0,51.0,30.0,30.0,1108:00,8.0,0.0,1.0,89.0,118.0,25.0,61.0,9.0,52.0,0.754,,,,,,,,,,,,,,,1.7517478647427753,2.500708374055829,0.3580689093587406,1.5451244272175433,2.2556466053006243,0.9967137779638577,0.0,4.744508599108463,12,84
usa_south_athletic_confe,USA South Athletic Conference,2025-26,wlax,Greensboro,Brynly ManWaring,,,,15,14,0.0,13.0,0.0,0.0,0.0,1.0,39.0,2.0,10.0,1.0,0.0,0.0,0.0,2.0,5.0,0.0,0.0,0.0,0.0,0.0,0.0,0.0,0.0,34.0,44.0,49.0,28.0,834:00,25.0,0.0,1.0,80.0,104.0,22.0,67.0,19.0,48.0,0.769,,,,,,,,,,,,,,,1.981377734652877,2.2607829543958675,1.2356887852380067,1.2714434811010755,2.046679873734923,2.379882939787659,0.0,4.698470078371912,13,84
usa_south_athletic_confe,USA South Athletic Conference,2025-26,wlax,Brevard,Xan Hill,,,,15,15,0.0,9.0,0.0,0.0,0.0,2.0,29.0,2.0,4.0,1.0,0.0,0.0,0.0,13.0,14.0,0.0,0.0,0.0,0.0,0.0,0.0,0.0,0.0,16.0,24.0,42.0,11.0,900:00,0.0,0.0,1.0,74.0,96.0,21.0,70.0,27.0,43.0,0.771,,,,,,,,,,,,,,,2.0961926696079276,1.9608761798209153,1.9377846859414194,0.03987922357697106,0.2704626554264645,1.8702943012209952,0.0,4.366327736836285,14,83
usa_south_athletic_confe,USA South Athletic Conference,2025-26,wlax,Meredith,Bailey Swails,,,,21,21,0.0,2.0,0.0,0.0,0.0,1.0,13.0,1.0,5.0,1.0,0.0,0.0,0.0,6.0,3.0,0.0,0.0,0.0,0.0,0.0,0.0,0.0,0.0,27.0,61.0,18.0,23.0,1229:00,50.0,0.0,1.0,74.0,89.0,12.0,56.0,7.0,49.0,0.831,,,,,,,,,,,,,,,1.5603896398176906,2.320764309310858,0.18254493418288734,0.7925018253972572,1.5242630448206709,0.12313325470672025,0.0,4.190558700377089,15,83
usa_south_athletic_confe,USA South Athletic Conference,2025-26,wlax,Brevard,Emily Denaga,,,,15,15,0.0,7.0,0.0,0.0,0.0,1.0,19.0,2.0,7.0,3.0,0.0,0.0,0.0,4.0,9.0,0.0,0.0,0.0,0.0,0.0,0.0,0.0,0.0,28.0,85.0,26.0,24.0,900:00,0.0,0.0,1.0,81.0,102.0,15.0,58.0,7.0,51.0,0.794,,,,,,,,,,,,,,,1.6369329297877244,2.4407270191408386,0.18254493418288734,0.8609220619263741,1.6287464106035214,0.7055202702114786,0.0,4.181988432702793,16,82
usa_south_athletic_confe,USA South Athletic Conference,2025-26,wlax,Piedmont,Carson Bezold,,,,19,18,0.0,1.0,0.0,0.0,0.0,1.0,2.0,0.0,7.0,0.0,0.0,0.0,0.0,1.0,0.0,0.0,0.0,0.0,0.0,0.0,0.0,0.0,0.0,17.0,3.0,23.0,10.0,1082:00,24.0,0.0,1.0,30.0,38.0,4.0,60.0,35.0,25.0,0.789,,,,,,,,,,,,,,,1.7134762197577582,0.8812117913510877,2.639880586644832,0.10829946010608797,0.16597928964361403,0.4871251393971942,0.0,4.153795632656044,17,81
usa_south_athletic_confe,USA South Athletic Conference,2025-26,wlax,Meredith,Ava Spradley,,,,22,22,0.0,12.0,0.0,0.0,0.0,7.0,31.0,1.0,6.0,2.0,0.0,0.0,0.0,2.0,1.0,0.0,0.0,0.0,0.0,0.0,0.0,0.0,0.0,20.0,101.0,26.0,15.0,1306:00,1.0,0.0,1.0,67.0,100.0,24.0,61.0,14.0,47.0,0.67,,,,,,,,,,,,,,,1.7517478647427753,2.2008015994808767,0.7968788472983735,0.31356016969343875,0.6883961185578666,0.7055202702114786,0.0,4.088583115827138,18,81
usa_south_athletic_confe,USA South Athletic Conference,2025-26,wlax,Southern Virginia,Kenzie Poulsen,,,,16,16,0.0,9.0,0.0,0.0,0.0,2.0,29.0,2.0,5.0,5.0,0.0,0.0,0.0,6.0,4.0,0.0,0.0,0.0,0.0,0.0,0.0,0.0,0.0,20.0,2.0,34.0,11.0,951:00,6.0,0.0,1.0,91.0,105.0,19.0,65.0,13.0,52.0,0.867,,,,,,,,,,,,,,,1.904834444682843,2.500708374055829,0.709116859710447,0.31356016969343875,0.2704626554264645,1.2879072857162368,0.0,4.061826878974295,19,80
usa_south_athletic_confe,USA South Athletic Conference,2025-26,wlax,Meredith,Mabe Allison june,,,,20,19,0.0,13.0,0.0,0.0,0.0,3.0,23.0,2.0,7.0,3.0,0.0,0.0,0.0,3.0,1.0,0.0,0.0,0.0,0.0,0.0,0.0,0.0,0.0,21.0,2.0,19.0,12.0,1110:00,26.0,0.0,1.0,74.0,84.0,21.0,59.0,10.0,49.0,0.881,,,,,,,,,,,,,,,1.6752045747727413,2.320764309310858,0.44583089694666717,0.38198040622255564,0.3749460212093151,0.19593163164481503,0.0,3.9926029256557296,20,80
usa_south_athletic_confe,USA South Athletic Conference,2025-26,wlax,Piedmont,Clara Welch,,,,19,16,0.0,3.0,0.0,0.0,0.0,2.0,14.0,2.0,7.0,2.0,0.0,0.0,0.0,4.0,5.0,0.0,0.0,0.0,0.0,0.0,0.0,0.0,0.0,41.0,61.0,22.0,19.0,962:00,24.0,0.0,1.0,54.0,67.0,8.0,52.0,11.0,41.0,0.806,,,,,,,,,,,,,,,1.4073030598776228,1.8409134699909344,0.5335928845345937,1.7503851368048942,1.1063295816892686,0.4143267624590994,0.0,3.9448325656091945,21,79
usa_south_athletic_confe,USA South Athletic Conference,2025-26,wlax,Piedmont,Laura Crone,,,,19,18,0.0,1.0,0.0,0.0,0.0,0.0,2.0,2.0,6.0,0.0,0.0,0.0,0.0,5.0,2.0,0.0,0.0,0.0,0.0,0.0,0.0,0.0,0.0,23.0,3.0,35.0,15.0,1082:00,16.0,0.0,1.0,39.0,49.0,4.0,58.0,32.0,26.0,0.796,,,,,,,,,,,,,,,1.6369329297877244,0.9411931462660782,2.3765946238810525,0.5188208792807895,0.6883961185578666,1.3607056626543317,0.0,3.8713865178071885,22,79
usa_south_athletic_confe,USA South Athletic Conference,2025-26,wlax,Greensboro,Rosanna Espinosa-Pon,,,,17,17,0.0,4.0,0.0,0.0,0.0,0.0,23.0,1.0,7.0,1.0,0.0,0.0,0.0,11.0,4.0,0.0,0.0,0.0,0.0,0.0,0.0,0.0,0.0,40.0,65.0,27.0,38.0,972:00,44.0,0.0,1.0,68.0,110.0,13.0,44.0,5.0,39.0,0.618,,,,,,,,,,,,,,,1.1011298999974872,1.7209507601609535,0.007020959007034135,1.681964900275777,3.0915135315634283,0.7783186471495733,0.0,3.603521250123106,23,78
usa_south_athletic_confe,USA South Athletic Conference,2025-26,wlax,Methodist,Maddie Hagler,,,,19,19,0.0,4.0,0.0,0.0,0.0,0.0,7.0,3.0,4.0,0.0,0.0,0.0,0.0,1.0,0.0,0.0,0.0,0.0,0.0,0.0,0.0,0.0,0.0,15.0,2.0,9.0,9.0,1108:00,8.0,0.0,1.0,56.0,75.0,8.0,46.0,9.0,37.0,0.747,,,,,,,,,,,,,,,1.1776731899675212,1.6009880503309728,0.3580689093587406,-0.028541012952145863,0.06149592386076349,-0.5320521377361328,0.0,2.931819195150456,24,78
usa_south_athletic_confe,USA South Athletic Conference,2025-26,wlax,Methodist,Layla Wiesenfeld,,,,19,19,0.0,2.0,0.0,0.0,0.0,2.0,10.0,0.0,2.0,0.0,0.0,0.0,0.0,4.0,8.0,0.0,0.0,0.0,0.0,0.0,0.0,0.0,0.0,31.0,9.0,19.0,15.0,1061:00,41.0,0.0,1.0,58.0,66.0,8.0,40.0,4.0,36.0,0.879,,,,,,,,,,,,,,,0.9480433200574195,1.5410066954159825,-0.08074102858089247,1.0661827715137249,0.6883961185578666,0.19593163164481503,0.0,2.572330970747133,25,77
usa_south_athletic_confe,USA South Athletic Conference,2025-26,wlax,Huntingdon,Kate Hudson,,,,13,13,0.0,6.0,0.0,0.0,0.0,2.0,39.0,0.0,3.0,1.0,0.0,0.0,0.0,5.0,3.0,0.0,0.0,0.0,0.0,0.0,0.0,0.0,0.0,27.0,61.0,46.0,16.0,780:00,0.0,0.0,1.0,74.0,99.0,19.0,49.0,5.0,44.0,0.747,,,,,,,,,,,,,,,1.292488124922572,2.0208575347359057,0.007020959007034135,0.7925018253972572,0.7928794843407172,2.1614878089733742,0.0,2.5251080933482632,26,77
usa_south_athletic_confe,USA South Athletic Conference,2025-26,wlax,Piedmont,Lovette Choloh,,,,19,3,0.0,11.0,0.0,0.0,0.0,1.0,23.0,0.0,3.0,2.0,0.0,0.0,0.0,13.0,7.0,0.0,0.0,2.0,0.0,0.0,0.0,0.0,0.0,30.0,67.0,32.0,25.0,228:00,16.0,0.0,1.0,61.0,88.0,24.0,39.0,8.0,31.0,0.693,,,,,,,,,,,,,,,0.9097716750724026,1.2410999208410303,0.27030692177081395,0.997762534984608,1.7332297763863718,1.1423105318400473,0.0,2.4542399376600716,27,77
usa_south_athletic_confe,USA South Athletic Conference,2025-26,wlax,Meredith,Elle White,,,,18,5,0.0,3.0,0.0,0.0,0.0,0.0,12.0,1.0,3.0,1.0,0.0,0.0,0.0,3.0,0.0,0.0,0.0,0.0,0.0,0.0,0.0,0.0,0.0,11.0,2.0,8.0,5.0,280:00,11.0,0.0,1.0,34.0,51.0,5.0,39.0,12.0,27.0,0.667,,,,,,,,,,,,,,,0.9097716750724026,1.0011745011810687,0.6213548721225204,-0.30222195906861354,-0.3564375392706386,-0.6048505146742277,0.0,2.1900020428709372,28,76
usa_south_athletic_confe,USA South Athletic Conference,2025-26,wlax,Pfeiffer,Skyla Jo Charette,,,,12,12,0.0,4.0,0.0,0.0,0.0,0.0,26.0,0.0,4.0,0.0,0.0,0.0,0.0,6.0,7.0,0.0,0.0,0.0,0.0,0.0,0.0,0.0,0.0,13.0,10.0,37.0,12.0,734:00,94.0,0.0,1.0,58.0,71.0,7.0,44.0,15.0,29.0,0.817,,,,,,,,,,,,,,,1.1011298999974872,1.1211372110110496,0.8846408348863002,-0.1653814860103797,0.3749460212093151,1.5063024165305212,0.0,2.0776366471742085,29,76
usa_south_athletic_confe,USA South Athletic Conference,2025-26,wlax,Methodist,Rylie Sturgill,,,,19,18,0.0,1.0,0.0,0.0,0.0,2.0,7.0,0.0,5.0,1.0,0.0,0.0,0.0,1.0,0.0,0.0,0.0,0.0,0.0,0.0,0.0,0.0,0.0,40.0,6.0,15.0,12.0,1031:00,58.0,0.0,1.0,47.0,52.0,8.0,30.0,3.0,27.0,0.904,,,,,,,,,,,,,,,0.5653268702072503,1.0011745011810687,-0.16850301616881908,1.681964900275777,0.3749460212093151,-0.09526187610756412,0.0,1.903492386722485,30,75
usa_south_athletic_confe,USA South Athletic Conference,2025-26,wlax,Methodist,Macey Blackburn,,,,16,6,0.0,0.0,0.0,0.0,0.0,0.0,6.0,1.0,2.0,0.0,0.0,0.0,0.0,0.0,1.0,0.0,0.0,0.0,0.0,0.0,0.0,0.0,0.0,9.0,0.0,25.0,4.0,360:00,0.0,0.0,1.0,23.0,32.0,1.0,37.0,25.0,12.0,0.719,,,,,,,,,,,,,,,0.8332283851023687,0.1014541774562124,1.7622607107655661,-0.43906243212684737,-0.46092090505348915,0.6327218932733838,0.0,1.6248904661397803,31,75
usa_south_athletic_confe,USA South Athletic Conference,2025-26,wlax,Brevard,Arianna Casertano,,,,15,15,0.0,6.0,0.0,0.0,0.0,4.0,10.0,5.0,5.0,2.0,0.0,0.0,0.0,4.0,8.0,0.0,0.0,0.0,0.0,0.0,0.0,0.0,0.0,16.0,21.0,23.0,6.0,900:00,0.0,0.0,1.0,47.0,64.0,7.0,35.0,10.0,25.0,0.734,,,,,,,,,,,,,,,0.7566850951323348,0.8812117913510877,0.44583089694666717,0.03987922357697106,-0.2519541734877881,0.4871251393971942,0.0,1.515263615343749,32,75
usa_south_athletic_confe,USA South Athletic Conference,2025-26,wlax,Huntingdon,Reagan Barrett,,,,13,13,0.0,3.0,0.0,0.0,0.0,1.0,17.0,1.0,2.0,0.0,0.0,0.0,0.0,6.0,3.0,0.0,0.0,0.0,0.0,0.0,0.0,0.0,0.0,16.0,22.0,26.0,5.0,780:00,0.0,0.0,1.0,45.0,60.0,4.0,34.0,11.0,23.0,0.75,,,,,,,,,,,,,,,0.718413450147318,0.7612490815211069,0.5335928845345937,0.03987922357697106,-0.3564375392706386,0.7055202702114786,0.0,1.3237521317457275,33,74
usa_south_athletic_confe,USA South Athletic Conference,2025-26,wlax,N.C. Wesleyan,Maxima Iglesias,,,,12,12,0.0,2.0,0.0,0.0,0.0,0.0,22.0,0.0,2.0,0.0,0.0,0.0,0.0,2.0,4.0,0.0,0.0,0.0,0.0,0.0,0.0,0.0,0.0,27.0,31.0,51.0,21.0,717:00,63.0,0.0,1.0,37.0,46.0,7.0,31.0,8.0,23.0,0.804,,,,,,,,,,,,,,,0.6035985151922671,0.7612490815211069,0.27030692177081395,0.7925018253972572,1.3152963132549698,2.5254796936638484,0.0,1.0239601897788513,34,74
usa_south_athletic_confe,USA South Athletic Conference,2025-26,wlax,Methodist,Brooke Murrell,,,,19,19,0.0,3.0,0.0,0.0,0.0,0.0,6.0,0.0,0.0,0.0,0.0,0.0,0.0,6.0,2.0,0.0,0.0,0.0,0.0,0.0,0.0,0.0,0.0,60.0,27.0,19.0,36.0,1054:00,62.0,0.0,1.0,7.0,12.0,3.0,7.0,1.0,6.0,0.583,,,,,,,,,,,,,,,-0.31492096444813933,-0.2584339520337301,-0.3440269913446723,3.0503696308581154,2.8825467999977277,0.19593163164481503,0.0,0.9390152565824328,35,73
usa_south_athletic_confe,USA South Athletic Conference,2025-26,wlax,Meredith,Logan Campbell,,,,22,1,0.0,4.0,0.0,0.0,0.0,1.0,5.0,0.0,3.0,0.0,0.0,0.0,0.0,4.0,3.0,0.0,0.0,0.0,0.0,0.0,0.0,0.0,0.0,18.0,34.0,16.0,12.0,108:00,44.0,0.0,1.0,38.0,58.0,12.0,24.0,3.0,21.0,0.655,,,,,,,,,,,,,,,0.3356970002971486,0.6412863716911261,-0.16850301616881908,0.1767196966352049,0.3749460212093151,-0.022463499169469325,0.0,0.9052591013530199,36,73
usa_south_athletic_confe,USA South Athletic Conference,2025-26,wlax,Southern Virginia,Mia Richards,,,,18,18,0.0,2.0,0.0,0.0,0.0,2.0,8.0,0.0,1.0,0.0,0.0,0.0,0.0,4.0,3.0,0.0,0.0,0.0,0.0,0.0,0.0,0.0,0.0,35.0,29.0,35.0,16.0,1060:00,57.0,0.0,1.0,30.0,40.0,6.0,23.0,6.0,17.0,0.75,,,,,,,,,,,,,,,0.29742535531213166,0.40136095203116445,0.09478294659496074,1.3398637176301926,0.7928794843407172,1.3607056626543317,0.0,0.780402875083076,37,73
usa_south_athletic_confe,USA South Athletic Conference,2025-26,wlax,Greensboro,Keira Fenyo,,,,17,17,0.0,2.0,0.0,0.0,0.0,1.0,6.0,2.0,4.0,1.0,0.0,0.0,0.0,4.0,0.0,0.0,0.0,0.0,0.0,0.0,0.0,0.0,0.0,26.0,27.0,39.0,15.0,1020:00,0.0,0.0,1.0,38.0,49.0,6.0,25.0,6.0,19.0,0.776,,,,,,,,,,,,,,,0.3739686452821655,0.5213236618611453,0.09478294659496074,0.7240815888681402,0.6883961185578666,1.6518991704067107,0.0,0.6203592814526719,38,72
usa_south_athletic_confe,USA South Athletic Conference,2025-26,wlax,Southern Virginia,Sydney Bastian,,,,18,18,0.0,3.0,0.0,0.0,0.0,0.0,6.0,0.0,0.0,0.0,0.0,0.0,0.0,1.0,3.0,0.0,0.0,0.0,0.0,0.0,0.0,0.0,0.0,41.0,17.0,34.0,31.0,1080:00,0.0,0.0,1.0,13.0,20.0,8.0,14.0,5.0,9.0,0.65,,,,,,,,,,,,,,,-0.04701944955302078,-0.07848988728875883,0.007020959007034135,1.7503851368048942,2.3601299710834747,1.2879072857162368,0.0,0.613094930000912,39,72
usa_south_athletic_confe,USA South Athletic Conference,2025-26,wlax,Piedmont,Kaylee Moreland,,,,19,19,0.0,0.0,0.0,0.0,0.0,0.0,1.0,0.0,1.0,1.0,0.0,0.0,0.0,2.0,0.0,0.0,0.0,1.0,0.0,0.0,0.0,0.0,0.0,43.0,2.0,7.0,18.0,1142:00,24.0,0.0,1.0,5.0,6.0,0.0,9.0,5.0,4.0,0.833,,,,,,,,,,,,,,,-0.23837767447810546,-0.3783966618637109,0.007020959007034135,1.887225609863128,1.0018462159064183,-0.6776488916123224,0.0,0.6016007717116425,40,72
usa_south_athletic_confe,USA South Athletic Conference,2025-26,wlax,Meredith,Sophie LeClaire,,,,22,22,0.0,0.0,0.0,0.0,0.0,0.0,0.0,0.0,0.0,0.0,0.0,0.0,0.0,6.0,4.0,0.0,0.0,0.0,0.0,0.0,0.0,0.0,0.0,40.0,3.0,5.0,27.0,1306:00,1.0,0.0,1.0,7.0,8.0,1.0,6.0,3.0,3.0,0.875,,,,,,,,,,,,,,,-0.3531926094331563,-0.4383780167787013,-0.16850301616881908,1.681964900275777,1.9421965079520727,-0.823245645488512,0.0,0.594699546489469,41,71
usa_south_athletic_confe,USA South Athletic Conference,2025-26,wlax,Brevard,Kelsey Hamrick,,,,14,14,0.0,0.0,0.0,0.0,0.0,1.0,5.0,0.0,0.0,0.0,0.0,0.0,0.0,0.0,4.0,0.0,0.0,0.0,0.0,0.0,0.0,0.0,0.0,32.0,34.0,40.0,19.0,840:00,0.0,0.0,1.0,20.0,23.0,3.0,20.0,11.0,9.0,0.87,,,,,,,,,,,,,,,0.18261042035708083,-0.07848988728875883,0.5335928845345937,1.1346030080428418,1.1063295816892686,1.7246975473448056,0.0,0.4757342876820001,42,71
usa_south_athletic_confe,USA South Athletic Conference,2025-26,wlax,Southern Virginia,Reagan Bullock,,,,16,13,0.0,4.0,0.0,0.0,0.0,0.0,11.0,1.0,0.0,0.0,0.0,0.0,0.0,1.0,1.0,0.0,0.0,0.0,0.0,0.0,0.0,0.0,0.0,14.0,11.0,22.0,10.0,770:00,1.0,0.0,1.0,28.0,42.0,12.0,22.0,7.0,15.0,0.667,,,,,,,,,,,,,,,0.2591537103271147,0.28139824220118365,0.18254493418288734,-0.09696124948126278,0.16597928964361403,0.4143267624590994,0.0,0.46702846508114837,43,71
usa_south_athletic_confe,USA South Athletic Conference,2025-26,wlax,William Peace,Mary Langer,,,,10,10,0.0,6.0,0.0,0.0,1.0,1.0,14.0,0.0,3.0,2.0,0.0,0.0,0.0,1.0,2.0,0.0,0.0,0.0,0.0,0.0,0.0,0.0,0.0,14.0,28.0,29.0,7.0,602:00,23.0,0.0,1.0,33.0,47.0,10.0,24.0,4.0,20.0,0.702,,,,,,,,,,,,,,,0.3356970002971486,0.5813050167761357,-0.08074102858089247,-0.09696124948126278,-0.14747080770493756,0.923915401025763,0.0,0.30132651614526706,44,70
usa_south_athletic_confe,USA South Athletic Conference,2025-26,wlax,Greensboro,Regan Dailey,,,,17,16,0.0,0.0,0.0,0.0,0.0,0.0,5.0,0.0,2.0,1.0,0.0,0.0,0.0,7.0,2.0,0.0,0.0,0.0,0.0,0.0,0.0,0.0,0.0,15.0,8.0,22.0,11.0,960:00,0.0,0.0,1.0,26.0,38.0,5.0,19.0,7.0,12.0,0.684,,,,,,,,,,,,,,,0.1443387753720639,0.1014541774562124,0.18254493418288734,-0.028541012952145863,0.2704626554264645,0.4143267624590994,0.0,0.2601293590237108,45,70
usa_south_athletic_confe,USA South Athletic Conference,2025-26,wlax,Brevard,Alyse Moore,,,,15,15,0.0,0.0,0.0,0.0,0.0,0.0,1.0,0.0,0.0,0.0,0.0,0.0,0.0,1.0,4.0,0.0,0.0,0.0,0.0,0.0,0.0,0.0,0.0,29.0,2.0,3.0,31.0,900:00,0.0,0.0,1.0,4.0,9.0,0.0,3.0,0.0,3.0,0.444,,,,,,,,,,,,,,,-0.4680075443882071,-0.4383780167787013,-0.4317889789325989,0.929342298455491,2.3601299710834747,-0.9688423993647016,0.0,0.25341639754358314,46,70
usa_south_athletic_confe,USA South Athletic Conference,2025-26,wlax,Meredith,Madison Dean,,,,20,16,0.0,2.0,0.0,0.0,0.0,0.0,3.0,0.0,2.0,1.0,0.0,0.0,0.0,4.0,0.0,0.0,0.0,0.0,0.0,0.0,0.0,0.0,0.0,20.0,136.0,12.0,14.0,960:00,0.0,0.0,1.0,25.0,34.0,4.0,14.0,1.0,13.0,0.735,,,,,,,,,,,,,,,-0.04701944955302078,0.1614355323712028,-0.3440269913446723,0.31356016969343875,0.5839127527750161,-0.3136570069218485,0.0,0.23601476191194676,47,69
usa_south_athletic_confe,USA South Athletic Conference,2025-26,wlax,Brevard,Madi Norris,,,,15,15,0.0,5.0,0.0,0.0,0.0,1.0,9.0,2.0,3.0,0.0,0.0,0.0,0.0,9.0,2.0,0.0,0.0,0.0,0.0,0.0,0.0,0.0,0.0,28.0,3.0,46.0,15.0,900:00,0.0,0.0,1.0,23.0,39.0,11.0,22.0,8.0,14.0,0.59,,,,,,,,,,,,,,,0.2591537103271147,0.22141688728619321,0.27030692177081395,0.8609220619263741,0.6883961185578666,2.1614878089733742,0.0,0.2257023959515615,48,69
usa_south_athletic_confe,USA South Athletic Conference,2025-26,wlax,Southern Virginia,Paysen Grandy,,,,17,17,0.0,3.0,0.0,0.0,0.0,0.0,6.0,2.0,0.0,0.0,0.0,0.0,0.0,0.0,1.0,0.0,0.0,0.0,0.0,0.0,0.0,0.0,0.0,12.0,2.0,18.0,6.0,1020:00,0.0,0.0,1.0,22.0,32.0,4.0,20.0,3.0,17.0,0.688,,,,,,,,,,,,,,,0.18261042035708083,0.40136095203116445,-0.16850301616881908,-0.23380172253949663,-0.2519541734877881,0.12313325470672025,0.0,0.1907669999729656,49,69
usa_south_athletic_confe,USA South Athletic Conference,2025-26,wlax,Methodist,Ainsley McGinn,,,,19,19,0.0,0.0,0.0,0.0,0.0,0.0,2.0,0.0,0.0,0.0,0.0,0.0,0.0,2.0,3.0,0.0,0.0,0.0,0.0,0.0,0.0,0.0,0.0,51.0,13.0,19.0,17.0,1106:00,15.0,0.0,1.0,7.0,9.0,0.0,6.0,2.0,4.0,0.778,,,,,,,,,,,,,,,-0.3531926094331563,-0.3783966618637109,-0.2562650037567457,2.4345875020960634,0.8973628501235676,0.19593163164481503,0.0,0.08591701145411636,50,68
usa_south_athletic_confe,USA South Athletic Conference,2025-26,wlax,Brevard,Grace Blanton,,,,15,15,0.0,3.0,0.0,0.0,0.0,0.0,4.0,0.0,0.0,0.0,0.0,0.0,0.0,1.0,1.0,0.0,0.0,0.0,0.0,0.0,0.0,0.0,0.0,38.0,1.0,19.0,17.0,900:00,0.0,0.0,1.0,7.0,7.0,4.0,8.0,4.0,4.0,1.0,,,,,,,,,,,,,,,-0.2766493194631224,-0.3783966618637109,-0.08074102858089247,1.5451244272175433,0.8973628501235676,0.19593163164481503,0.0,0.01848816158369128,51,68
usa_south_athletic_confe,USA South Athletic Conference,2025-26,wlax,Methodist,Hailey Smith,,,,0,0,0.0,0.0,0.0,0.0,0.0,0.0,0.0,0.0,0.0,0.0,0.0,0.0,0.0,0.0,0.0,0.0,0.0,0.0,0.0,0.0,0.0,0.0,0.0,0.0,0.0,0.0,0.0,00:00,0.0,0.0,1.0,0.0,0.0,0.0,0.0,0.0,0.0,0.0,,,,,,,,,,,,,,,-0.5828224793432579,-0.6183220815236725,-0.4317889789325989,-1.0548445608888997,-0.8788543681848913,-1.187237530178986,0.0,-0.0,52,68
usa_south_athletic_confe,USA South Athletic Conference,2025-26,wlax,Pfeiffer,Analise Robinson,,,,0,0,0.0,0.0,0.0,0.0,0.0,0.0,0.0,0.0,0.0,0.0,0.0,0.0,0.0,0.0,0.0,0.0,0.0,0.0,0.0,0.0,0.0,0.0,0.0,0.0,0.0,0.0,0.0,00:00,0.0,0.0,1.0,0.0,0.0,0.0,0.0,0.0,0.0,0.0,,,,,,,,,,,,,,,-0.5828224793432579,-0.6183220815236725,-0.4317889789325989,-1.0548445608888997,-0.8788543681848913,-1.187237530178986,0.0,-0.0,53,67
usa_south_athletic_confe,USA South Athletic Conference,2025-26,wlax,Southern Virginia,Avery Prout,,,,0,0,0.0,0.0,0.0,0.0,0.0,0.0,0.0,0.0,0.0,0.0,0.0,0.0,0.0,0.0,0.0,0.0,0.0,0.0,0.0,0.0,0.0,0.0,0.0,0.0,0.0,0.0,0.0,00:00,0.0,0.0,1.0,0.0,0.0,0.0,0.0,0.0,0.0,0.0,,,,,,,,,,,,,,,-0.5828224793432579,-0.6183220815236725,-0.4317889789325989,-1.0548445608888997,-0.8788543681848913,-1.187237530178986,0.0,-0.0,54,67
usa_south_athletic_confe,USA South Athletic Conference,2025-26,wlax,Southern Virginia,Addy Newman,,,,0,0,0.0,0.0,0.0,0.0,0.0,0.0,0.0,0.0,0.0,0.0,0.0,0.0,0.0,0.0,0.0,0.0,0.0,0.0,0.0,0.0,0.0,0.0,0.0,0.0,0.0,0.0,0.0,00:00,0.0,0.0,1.0,0.0,0.0,0.0,0.0,0.0,0.0,0.0,,,,,,,,,,,,,,,-0.5828224793432579,-0.6183220815236725,-0.4317889789325989,-1.0548445608888997,-0.8788543681848913,-1.187237530178986,0.0,-0.0,55,67
usa_south_athletic_confe,USA South Athletic Conference,2025-26,wlax,Methodist,Abigail Wilson,,,,13,0,0.0,3.0,0.0,0.0,0.0,0.0,5.0,0.0,0.0,0.0,0.0,0.0,0.0,0.0,0.0,0.0,0.0,0.0,0.0,0.0,0.0,0.0,0.0,13.0,1.0,7.0,3.0,54:00,26.0,0.0,1.0,11.0,14.0,5.0,14.0,7.0,7.0,0.786,,,,,,,,,,,,,,,-0.04701944955302078,-0.19845259711873967,0.18254493418288734,-0.1653814860103797,-0.5654042708363396,-0.6776488916123224,0.0,-0.02617624372907823,56,66
usa_south_athletic_confe,USA South Athletic Conference,2025-26,wlax,Piedmont,Amanda Barrett,,,,19,8,0.0,0.0,0.0,0.0,0.0,0.0,2.0,0.0,1.0,0.0,0.0,0.0,0.0,8.0,2.0,0.0,1.0,0.0,0.0,0.0,0.0,0.0,0.0,16.0,34.0,16.0,12.0,482:00,16.0,0.0,1.0,9.0,10.0,0.0,13.0,5.0,8.0,0.9,,,,,,,,,,,,,,,-0.08529109453803771,-0.13847124220374923,0.007020959007034135,0.03987922357697106,0.3749460212093151,-0.022463499169469325,0.0,-0.05772044389243963,57,66
usa_south_athletic_confe,USA South Athletic Conference,2025-26,wlax,Meredith,Katherine Couch,,,,22,22,0.0,0.0,0.0,0.0,0.0,0.0,1.0,0.0,0.0,0.0,0.0,0.0,0.0,3.0,2.0,0.0,0.0,0.0,0.0,0.0,0.0,0.0,0.0,26.0,15.0,7.0,24.0,1306:00,1.0,0.0,1.0,4.0,6.0,0.0,4.0,0.0,4.0,0.667,,,,,,,,,,,,,,,-0.4297358994031901,-0.3783966618637109,-0.4317889789325989,0.7240815888681402,1.6287464106035214,-0.6776488916123224,0.0,-0.057797557660550614,58,66
usa_south_athletic_confe,USA South Athletic Conference,2025-26,wlax,Methodist,Erika Henry,,,,15,12,0.0,2.0,0.0,0.0,0.0,1.0,3.0,0.0,3.0,0.0,0.0,0.0,0.0,0.0,1.0,0.0,0.0,0.0,0.0,0.0,0.0,0.0,0.0,5.0,2.0,26.0,10.0,688:00,8.0,0.0,1.0,22.0,25.0,5.0,19.0,7.0,12.0,0.88,,,,,,,,,,,,,,,0.1443387753720639,0.1014541774562124,0.18254493418288734,-0.712743378243315,0.16597928964361403,0.7055202702114786,0.0,-0.09295376339944683,59,66
usa_south_athletic_confe,USA South Athletic Conference,2025-26,wlax,Southern Virginia,Mariela Perez,,,,16,16,0.0,4.0,0.0,0.0,0.0,0.0,7.0,1.0,2.0,0.0,0.0,0.0,0.0,7.0,8.0,0.0,0.0,0.0,0.0,0.0,0.0,0.0,0.0,39.0,5.0,28.0,20.0,960:00,0.0,0.0,1.0,10.0,11.0,4.0,9.0,0.0,9.0,0.909,,,,,,,,,,,,,,,-0.23837767447810546,-0.07848988728875883,-0.4317889789325989,1.6135446637466602,1.2108129474721192,0.8511170240876681,0.0,-0.09656139583136525,60,65
usa_south_athletic_confe,USA South Athletic Conference,2025-26,wlax,Pfeiffer,Vanessa Garcia-Flore,,,,1,1,0.0,0.0,0.0,0.0,0.0,0.0,0.0,0.0,0.0,0.0,0.0,0.0,0.0,0.0,0.0,0.0,0.0,0.0,0.0,0.0,0.0,0.0,0.0,2.0,0.0,0.0,1.0,60:00,0.0,0.0,1.0,0.0,0.0,0.0,0.0,0.0,0.0,0.0,,,,,,,,,,,,,,,-0.5828224793432579,-0.6183220815236725,-0.4317889789325989,-0.9180040878306658,-0.7743710024020407,-1.187237530178986,0.0,-0.14125499448132328,61,65
usa_south_athletic_confe,USA South Athletic Conference,2025-26,wlax,N.C. Wesleyan,Butler,,,,1,1,0.0,0.0,0.0,0.0,0.0,0.0,0.0,0.0,0.0,0.0,0.0,0.0,0.0,1.0,0.0,0.0,0.0,0.0,0.0,0.0,0.0,0.0,0.0,3.0,1.0,1.0,1.0,60,0.0,0.0,1.0,0.0,0.0,0.0,0.0,0.0,0.0,0.0,,,,,,,,,,,,,,,-0.5828224793432579,-0.6183220815236725,-0.4317889789325989,-0.8495838513015489,-0.7743710024020407,-1.1144391532408913,0.0,-0.14211432246297356,62,65
usa_south_athletic_confe,USA South Athletic Conference,2025-26,wlax,Methodist,Arina Andreeva,,,,1,0,0.0,0.0,0.0,0.0,0.0,0.0,0.0,0.0,0.0,0.0,0.0,0.0,0.0,0.0,0.0,0.0,0.0,0.0,0.0,0.0,0.0,0.0,0.0,1.0,0.0,0.0,0.0,00:00,0.0,0.0,1.0,0.0,0.0,0.0,0.0,0.0,0.0,0.0,,,,,,,,,,,,,,,-0.5828224793432579,-0.6183220815236725,-0.4317889789325989,-0.9864243243597828,-0.8788543681848913,-1.187237530178986,0.0,-0.14644210255068232,63,64
usa_south_athletic_confe,USA South Athletic Conference,2025-26,wlax,N.C. Wesleyan,Messer,,,,1,0,0.0,0.0,0.0,0.0,0.0,0.0,0.0,0.0,0.0,0.0,0.0,0.0,0.0,0.0,0.0,0.0,0.0,0.0,0.0,0.0,0.0,0.0,0.0,0.0,0.0,0.0,0.0,0,0.0,0.0,1.0,0.0,0.0,0.0,0.0,0.0,0.0,0.0,,,,,,,,,,,,,,,-0.5828224793432579,-0.6183220815236725,-0.4317889789325989,-1.0548445608888997,-0.8788543681848913,-1.187237530178986,0.0,-0.14849470964655584,64,64
usa_south_athletic_confe,USA South Athletic Conference,2025-26,wlax,N.C. Wesleyan,Demanche,,,,1,0,0.0,0.0,0.0,0.0,0.0,0.0,0.0,0.0,0.0,0.0,0.0,0.0,0.0,0.0,0.0,0.0,0.0,0.0,0.0,0.0,0.0,0.0,0.0,0.0,0.0,0.0,0.0,0,0.0,0.0,1.0,0.0,0.0,0.0,0.0,0.0,0.0,0.0,,,,,,,,,,,,,,,-0.5828224793432579,-0.6183220815236725,-0.4317889789325989,-1.0548445608888997,-0.8788543681848913,-1.187237530178986,0.0,-0.14849470964655584,65,64
usa_south_athletic_confe,USA South Athletic Conference,2025-26,wlax,Pfeiffer,Vanessa G.-Flores,,,,1,1,0.0,0.0,0.0,0.0,0.0,0.0,0.0,0.0,0.0,0.0,0.0,0.0,0.0,0.0,0.0,0.0,0.0,0.0,0.0,0.0,0.0,0.0,0.0,0.0,0.0,0.0,0.0,60,0.0,0.0,1.0,0.0,0.0,0.0,0.0,0.0,0.0,0.0,,,,,,,,,,,,,,,-0.5828224793432579,-0.6183220815236725,-0.4317889789325989,-1.0548445608888997,-0.8788543681848913,-1.187237530178986,0.0,-0.14849470964655584,66,64
usa_south_athletic_confe,USA South Athletic Conference,2025-26,wlax,N.C. Wesleyan,Graham,,,,1,1,0.0,0.0,0.0,0.0,0.0,0.0,0.0,0.0,0.0,0.0,0.0,0.0,0.0,1.0,0.0,0.0,0.0,0.0,0.0,0.0,0.0,0.0,0.0,0.0,0.0,0.0,0.0,60,0.0,0.0,1.0,0.0,0.0,0.0,0.0,0.0,0.0,0.0,,,,,,,,,,,,,,,-0.5828224793432579,-0.6183220815236725,-0.4317889789325989,-1.0548445608888997,-0.8788543681848913,-1.187237530178986,0.0,-0.14849470964655584,67,63
usa_south_athletic_confe,USA South Athletic Conference,2025-26,wlax,N.C. Wesleyan,Villar,,,,1,0,0.0,0.0,0.0,0.0,0.0,0.0,0.0,0.0,0.0,0.0,0.0,0.0,0.0,0.0,0.0,0.0,0.0,0.0,0.0,0.0,0.0,0.0,0.0,0.0,0.0,0.0,0.0,0,0.0,0.0,1.0,0.0,0.0,0.0,0.0,0.0,0.0,0.0,,,,,,,,,,,,,,,-0.5828224793432579,-0.6183220815236725,-0.4317889789325989,-1.0548445608888997,-0.8788543681848913,-1.187237530178986,0.0,-0.14849470964655584,68,63
usa_south_athletic_confe,USA South Athletic Conference,2025-26,wlax,Huntingdon,Abby Byrd,,,,1,0,0.0,0.0,0.0,0.0,0.0,0.0,0.0,0.0,0.0,0.0,0.0,0.0,0.0,0.0,0.0,0.0,0.0,0.0,0.0,0.0,0.0,0.0,0.0,0.0,0.0,0.0,0.0,0,0.0,0.0,1.0,0.0,0.0,0.0,0.0,0.0,0.0,0.0,,,,,,,,,,,,,,,-0.5828224793432579,-0.6183220815236725,-0.4317889789325989,-1.0548445608888997,-0.8788543681848913,-1.187237530178986,0.0,-0.14849470964655584,69,63
usa_south_athletic_confe,USA South Athletic Conference,2025-26,wlax,N.C. Wesleyan,Brooklyn Covic,,,,1,0,0.0,0.0,0.0,0.0,0.0,0.0,0.0,0.0,0.0,0.0,0.0,0.0,0.0,0.0,0.0,0.0,0.0,0.0,0.0,0.0,0.0,0.0,0.0,0.0,0.0,0.0,0.0,18:00,22.0,0.0,1.0,0.0,0.0,0.0,0.0,0.0,0.0,0.0,,,,,,,,,,,,,,,-0.5828224793432579,-0.6183220815236725,-0.4317889789325989,-1.0548445608888997,-0.8788543681848913,-1.187237530178986,0.0,-0.14849470964655584,70,62
usa_south_athletic_confe,USA South Athletic Conference,2025-26,wlax,N.C. Wesleyan,Daniels,,,,1,1,0.0,0.0,0.0,0.0,0.0,0.0,0.0,0.0,0.0,0.0,0.0,0.0,0.0,0.0,0.0,0.0,0.0,0.0,0.0,0.0,0.0,0.0,0.0,1.0,0.0,1.0,0.0,60,0.0,0.0,1.0,0.0,0.0,0.0,0.0,0.0,0.0,0.0,1.0,60:00,20.0,10.0,0.0,0.0,0.0,0.0,0.0,0.0,0.0,38.0,20.0,0.333,-0.5828224793432579,-0.6183220815236725,-0.4317889789325989,-0.9864243243597828,-0.8788543681848913,-1.1144391532408913,0.0,-0.1493540376282061,71,62
usa_south_athletic_confe,USA South Athletic Conference,2025-26,wlax,Methodist,Jazmine Henry,,,,19,19,0.0,1.0,0.0,0.0,0.0,0.0,1.0,0.0,0.0,0.0,0.0,0.0,0.0,3.0,0.0,0.0,0.0,0.0,0.0,0.0,0.0,0.0,0.0,27.0,1.0,8.0,22.0,1065:00,33.0,0.0,1.0,2.0,3.0,1.0,3.0,1.0,2.0,0.667,,,,,,,,,,,,,,,-0.4680075443882071,-0.4983593716936917,-0.3440269913446723,0.7925018253972572,1.4197796790378203,-0.6048505146742277,0.0,-0.2018892784842167,72,62
usa_south_athletic_confe,USA South Athletic Conference,2025-26,wlax,Huntingdon,Payton Hill,,,,13,12,0.0,0.0,0.0,0.0,0.0,0.0,4.0,0.0,0.0,1.0,0.0,0.0,0.0,2.0,0.0,0.0,0.0,0.0,0.0,0.0,0.0,0.0,0.0,10.0,3.0,9.0,2.0,720:00,0.0,0.0,1.0,22.0,28.0,0.0,14.0,4.0,10.0,0.786,,,,,,,,,,,,,,,-0.04701944955302078,-0.018508532373768424,-0.08074102858089247,-0.3706421955977305,-0.6698876366191902,-0.5320521377361328,0.0,-0.21768309002928332,73,62
usa_south_athletic_confe,USA South Athletic Conference,2025-26,wlax,Huntingdon,Ruby Shields,,,,2,2,0.0,0.0,0.0,0.0,0.0,0.0,0.0,0.0,0.0,0.0,0.0,0.0,0.0,0.0,0.0,0.0,0.0,0.0,0.0,0.0,0.0,0.0,0.0,2.0,0.0,1.0,0.0,120:00,0.0,0.0,1.0,0.0,0.0,0.0,0.0,0.0,0.0,0.0,2.0,120:00,39.0,16.0,0.0,0.0,1.0,0.0,0.0,0.0,0.0,62.0,19.5,0.291,-0.5828224793432579,-0.6183220815236725,-0.4317889789325989,-0.9180040878306658,-0.8788543681848913,-1.1144391532408913,0.0,-0.2946028610646652,74,61
usa_south_athletic_confe,USA South Athletic Conference,2025-26,wlax,Huntingdon,Nariah Travis,,,,2,1,0.0,0.0,0.0,0.0,0.0,0.0,0.0,0.0,0.0,0.0,0.0,0.0,0.0,0.0,0.0,0.0,0.0,0.0,0.0,0.0,0.0,0.0,0.0,0.0,0.0,0.0,0.0,60:00,0.0,0.0,1.0,0.0,0.0,0.0,0.0,0.0,0.0,0.0,,,,,,,,,,,,,,,-0.5828224793432579,-0.6183220815236725,-0.4317889789325989,-1.0548445608888997,-0.8788543681848913,-1.187237530178986,0.0,-0.2969894192931117,75,61
usa_south_athletic_confe,USA South Athletic Conference,2025-26,wlax,Huntingdon,Amara Veng,,,,2,1,0.0,0.0,0.0,0.0,0.0,0.0,0.0,0.0,0.0,0.0,0.0,0.0,0.0,0.0,0.0,0.0,0.0,0.0,0.0,0.0,0.0,0.0,0.0,1.0,1.0,1.0,0.0,60:00,0.0,0.0,1.0,0.0,0.0,0.0,0.0,0.0,0.0,0.0,,,,,,,,,,,,,,,-0.5828224793432579,-0.6183220815236725,-0.4317889789325989,-0.9864243243597828,-0.8788543681848913,-1.1144391532408913,0.0,-0.2987080752564122,76,61
usa_south_athletic_confe,USA South Athletic Conference,2025-26,wlax,Brevard,Delaina Smallwood,,,,2,2,0.0,0.0,0.0,0.0,0.0,0.0,0.0,0.0,0.0,0.0,0.0,0.0,0.0,0.0,0.0,0.0,0.0,0.0,0.0,0.0,0.0,0.0,0.0,0.0,0.0,3.0,1.0,120:00,0.0,0.0,1.0,0.0,0.0,0.0,0.0,0.0,0.0,0.0,,,,,,,,,,,,,,,-0.5828224793432579,-0.6183220815236725,-0.4317889789325989,-1.0548445608888997,-0.7743710024020407,-0.9688423993647016,0.0,-0.30819202781128335,77,61
usa_south_athletic_confe,USA South Athletic Conference,2025-26,wlax,Meredith,Morgan Hall,,,,22,22,0.0,1.0,0.0,0.0,0.0,0.0,2.0,0.0,1.0,0.0,0.0,0.0,0.0,1.0,0.0,0.0,0.0,0.0,0.0,0.0,0.0,0.0,0.0,25.0,2.0,12.0,8.0,1306:00,1.0,0.0,1.0,11.0,17.0,2.0,8.0,1.0,7.0,0.647,,,,,,,,,,,,,,,-0.2766493194631224,-0.19845259711873967,-0.3440269913446723,0.6556613523390233,-0.04298744192208703,-0.3136570069218485,0.0,-0.3669653152055644,78,60
usa_south_athletic_confe,USA South Athletic Conference,2025-26,wlax,Huntingdon,Khrystal Graham,,,,13,13,0.0,2.0,0.0,0.0,0.0,1.0,9.0,0.0,1.0,1.0,0.0,0.0,0.0,4.0,6.0,0.0,0.0,0.0,0.0,0.0,0.0,0.0,0.0,29.0,2.0,31.0,11.0,748:00,8.0,0.0,1.0,23.0,29.0,8.0,12.0,2.0,10.0,0.793,,,,,,,,,,,,,,,-0.12356273952305465,-0.018508532373768424,-0.2562650037567457,0.929342298455491,0.2704626554264645,1.0695121549019526,0.0,-0.3856184438479858,79,60
usa_south_athletic_confe,USA South Athletic Conference,2025-26,wlax,Huntingdon,Mackenzie Fulcher,,,,3,3,0.0,0.0,0.0,0.0,0.0,0.0,0.0,0.0,0.0,0.0,0.0,0.0,0.0,2.0,1.0,0.0,0.0,0.0,0.0,0.0,0.0,0.0,0.0,6.0,0.0,3.0,4.0,180:00,0.0,0.0,1.0,1.0,1.0,0.0,0.0,0.0,0.0,1.0,,,,,,,,,,,,,,,-0.5828224793432579,-0.6183220815236725,-0.4317889789325989,-0.6443231417141981,-0.46092090505348915,-0.9688423993647016,0.0,-0.3971306052298323,80,60
usa_south_athletic_confe,USA South Athletic Conference,2025-26,wlax,Pfeiffer,Cerys Reid,,,,13,13,0.0,2.0,0.0,0.0,0.0,0.0,9.0,0.0,0.0,1.0,0.0,0.0,0.0,3.0,0.0,0.0,0.0,0.0,0.0,0.0,0.0,0.0,0.0,13.0,11.0,43.0,7.0,794:00,94.0,0.0,1.0,29.0,44.0,3.0,21.0,3.0,18.0,0.659,,,,,,,,,,,,,,,0.22088206534209778,0.46134230694615486,-0.16850301616881908,-0.1653814860103797,-0.14747080770493756,1.94309267815909,0.0,-0.3990889597973829,81,60
usa_south_athletic_confe,USA South Athletic Conference,2025-26,wlax,Meredith,Gabrielle Romano,,,,7,2,0.0,0.0,0.0,0.0,0.0,1.0,1.0,1.0,1.0,1.0,0.0,0.0,0.0,0.0,1.0,0.0,0.0,0.0,0.0,0.0,0.0,0.0,0.0,2.0,0.0,3.0,2.0,120:00,0.0,0.0,1.0,19.0,22.0,5.0,10.0,2.0,8.0,0.864,,,,,,,,,,,,,,,-0.20010602949308853,-0.13847124220374923,-0.2562650037567457,-0.9180040878306658,-0.6698876366191902,-0.9688423993647016,0.0,-0.4053693584324202,82,59
usa_south_athletic_confe,USA South Athletic Conference,2025-26,wlax,Brevard,Lex MacLauchlin,,,,3,3,0.0,0.0,0.0,0.0,0.0,0.0,0.0,0.0,0.0,0.0,0.0,0.0,0.0,1.0,0.0,0.0,0.0,0.0,0.0,0.0,0.0,0.0,0.0,7.0,0.0,4.0,3.0,180:00,0.0,0.0,1.0,0.0,0.0,0.0,0.0,0.0,0.0,0.0,3.0,120:00,13.0,10.0,0.0,3.0,0.0,0.0,0.0,0.0,0.0,31.0,6.5,0.435,-0.5828224793432579,-0.6183220815236725,-0.4317889789325989,-0.5759029051850812,-0.5654042708363396,-0.8960440224266067,0.0,-0.40911209209523963,83,59
usa_south_athletic_confe,USA South Athletic Conference,2025-26,wlax,Southern Virginia,Yazmin Manjarrez,,,,17,14,0.0,2.0,0.0,0.0,0.0,2.0,5.0,0.0,0.0,0.0,0.0,0.0,0.0,2.0,3.0,0.0,0.0,0.0,0.0,0.0,0.0,0.0,0.0,12.0,0.0,27.0,3.0,802:00,19.0,0.0,1.0,18.0,25.0,5.0,16.0,9.0,7.0,0.72,,,,,,,,,,,,,,,0.029523840417013097,-0.19845259711873967,0.3580689093587406,-0.23380172253949663,-0.5654042708363396,0.7783186471495733,0.0,-0.4296792575994405,84,59
usa_south_athletic_confe,USA South Athletic Conference,2025-26,wlax,Pfeiffer,Heather Gallimore,,,,3,3,0.0,0.0,0.0,0.0,0.0,0.0,0.0,0.0,0.0,0.0,0.0,0.0,0.0,1.0,1.0,0.0,0.0,0.0,0.0,0.0,0.0,0.0,0.0,0.0,0.0,0.0,1.0,182:00,23.0,0.0,1.0,0.0,1.0,0.0,0.0,0.0,0.0,0.0,1.0,59:27,6.0,6.0,0.0,2.0,0.0,0.0,0.0,0.0,0.0,17.0,6.06,0.5,-0.5828224793432579,-0.6183220815236725,-0.4317889789325989,-1.0548445608888997,-0.7743710024020407,-1.187237530178986,0.0,-0.4360806260192109,85,59
usa_south_athletic_confe,USA South Athletic Conference,2025-26,wlax,Huntingdon,Emma Howard,,,,3,2,0.0,0.0,0.0,0.0,0.0,0.0,0.0,0.0,0.0,0.0,0.0,0.0,0.0,1.0,0.0,0.0,0.0,0.0,0.0,0.0,0.0,0.0,0.0,3.0,0.0,2.0,0.0,102:00,19.0,0.0,1.0,0.0,0.0,0.0,0.0,0.0,0.0,0.0,,,,,,,,,,,,,,,-0.5828224793432579,-0.6183220815236725,-0.4317889789325989,-0.8495838513015489,-0.8788543681848913,-1.0416407763027964,0.0,-0.4444822755419487,86,58
usa_south_athletic_confe,USA South Athletic Conference,2025-26,wlax,Pfeiffer,Khamani Spencer,,,,5,4,0.0,0.0,0.0,0.0,0.0,0.0,1.0,0.0,0.0,0.0,0.0,0.0,0.0,0.0,0.0,0.0,0.0,0.0,0.0,0.0,0.0,0.0,0.0,11.0,7.0,9.0,7.0,252:00,63.0,0.0,1.0,8.0,11.0,1.0,3.0,0.0,3.0,0.727,,,,,,,,,,,,,,,-0.4680075443882071,-0.4383780167787013,-0.4317889789325989,-0.30222195906861354,-0.14747080770493756,-0.5320521377361328,0.0,-0.5215246090007997,87,58
usa_south_athletic_confe,USA South Athletic Conference,2025-26,wlax,Huntingdon,Karlie Honeycutt,,,,4,3,0.0,0.0,0.0,0.0,0.0,0.0,0.0,0.0,0.0,0.0,0.0,0.0,0.0,0.0,0.0,0.0,0.0,0.0,0.0,0.0,0.0,0.0,0.0,4.0,1.0,1.0,1.0,211:00,52.0,0.0,1.0,2.0,3.0,0.0,1.0,0.0,1.0,0.667,,,,,,,,,,,,,,,-0.5445508343582409,-0.5583407266086822,-0.4317889789325989,-0.781163614772432,-0.7743710024020407,-1.1144391532408913,0.0,-0.5257441699015963,88,58
usa_south_athletic_confe,USA South Athletic Conference,2025-26,wlax,Meredith,Regan Amiott,,,,20,19,0.0,0.0,0.0,0.0,0.0,0.0,1.0,0.0,0.0,0.0,0.0,0.0,0.0,0.0,2.0,0.0,0.0,0.0,0.0,0.0,0.0,0.0,0.0,26.0,0.0,7.0,14.0,1126:00,1.0,0.0,1.0,2.0,2.0,0.0,2.0,0.0,2.0,1.0,,,,,,,,,,,,,,,-0.506279189373224,-0.4983593716936917,-0.4317889789325989,0.7240815888681402,0.5839127527750161,-0.6776488916123224,0.0,-0.5437611128431208,89,58
usa_south_athletic_confe,USA South Athletic Conference,2025-26,wlax,Methodist,Lailah Espinal,,,,19,18,0.0,0.0,0.0,0.0,0.0,0.0,4.0,0.0,1.0,1.0,0.0,0.0,0.0,4.0,5.0,0.0,0.0,0.0,0.0,0.0,0.0,0.0,0.0,26.0,49.0,35.0,16.0,1022:00,17.0,0.0,1.0,21.0,31.0,5.0,10.0,3.0,7.0,0.677,,,,,,,,,,,,,,,-0.20010602949308853,-0.19845259711873967,-0.16850301616881908,0.7240815888681402,0.7928794843407172,1.3607056626543317,0.0,-0.5660141616053291,90,58
usa_south_athletic_confe,USA South Athletic Conference,2025-26,wlax,Pfeiffer,Emma LaFave,,,,12,12,0.0,1.0,0.0,0.0,0.0,1.0,3.0,0.0,1.0,0.0,0.0,0.0,0.0,5.0,1.0,0.0,0.0,0.0,0.0,0.0,0.0,0.0,0.0,20.0,20.0,25.0,11.0,734:00,94.0,0.0,1.0,19.0,22.0,2.0,10.0,2.0,8.0,0.864,,,,,,,,,,,,,,,-0.20010602949308853,-0.13847124220374923,-0.2562650037567457,0.31356016969343875,0.2704626554264645,0.6327218932733838,0.0,-0.5681504356591925,91,57
usa_south_athletic_confe,USA South Athletic Conference,2025-26,wlax,Piedmont,Savannah Ivie,,,,15,0,0.0,1.0,0.0,0.0,0.0,0.0,2.0,1.0,3.0,0.0,0.0,0.0,0.0,3.0,1.0,0.0,0.0,1.0,0.0,0.0,0.0,0.0,0.0,11.0,0.0,14.0,8.0,24:00,21.0,0.0,1.0,9.0,13.0,1.0,9.0,3.0,6.0,0.692,,,,,,,,,,,,,,,-0.23837767447810546,-0.2584339520337301,-0.16850301616881908,-0.30222195906861354,-0.04298744192208703,-0.1680602530456589,0.0,-0.5994156665022095,92,57
usa_south_athletic_confe,USA South Athletic Conference,2025-26,wlax,Huntingdon,Kadence Franklin,,,,5,5,0.0,0.0,0.0,0.0,0.0,0.0,0.0,0.0,0.0,0.0,0.0,0.0,0.0,0.0,0.0,0.0,0.0,0.0,0.0,0.0,0.0,0.0,0.0,2.0,0.0,2.0,2.0,292:00,19.0,0.0,1.0,0.0,0.0,0.0,0.0,0.0,0.0,0.0,,,,,,,,,,,,,,,-0.5828224793432579,-0.6183220815236725,-0.4317889789325989,-0.9180040878306658,-0.6698876366191902,-1.0416407763027964,0.0,-0.7197218183144268,93,57
usa_south_athletic_confe,USA South Athletic Conference,2025-26,wlax,Pfeiffer,Lola Cabaniss-Ali,,,,11,11,0.0,0.0,0.0,0.0,0.0,0.0,2.0,0.0,0.0,0.0,0.0,0.0,0.0,2.0,0.0,0.0,0.0,0.0,0.0,0.0,0.0,0.0,0.0,15.0,4.0,10.0,17.0,662:00,31.0,0.0,1.0,11.0,14.0,0.0,2.0,0.0,2.0,0.786,,,,,,,,,,,,,,,-0.506279189373224,-0.4983593716936917,-0.4317889789325989,-0.028541012952145863,0.8973628501235676,-0.45925376079803804,0.0,-0.7628709165103549,94,57
usa_south_athletic_confe,USA South Athletic Conference,2025-26,wlax,William Peace,Nari Johnson,,,,6,0,0.0,0.0,0.0,0.0,0.0,0.0,0.0,0.0,0.0,0.0,0.0,0.0,0.0,0.0,0.0,0.0,0.0,0.0,0.0,0.0,0.0,0.0,0.0,0.0,0.0,0.0,0.0,06:00,135.0,0.0,1.0,0.0,1.0,0.0,0.0,0.0,0.0,0.0,,,,,,,,,,,,,,,-0.5828224793432579,-0.6183220815236725,-0.4317889789325989,-1.0548445608888997,-0.8788543681848913,-1.187237530178986,0.0,-0.8909682578793349,95,56
usa_south_athletic_confe,USA South Athletic Conference,2025-26,wlax,Greensboro,Sydney Patton,,,,13,11,0.0,0.0,0.0,0.0,0.0,0.0,1.0,0.0,0.0,0.0,0.0,0.0,0.0,3.0,1.0,0.0,0.0,0.0,0.0,0.0,0.0,0.0,0.0,13.0,3.0,15.0,9.0,660:00,0.0,0.0,1.0,2.0,2.0,0.0,5.0,3.0,2.0,1.0,,,,,,,,,,,,,,,-0.39146425441817323,-0.4983593716936917,-0.16850301616881908,-0.1653814860103797,0.06149592386076349,-0.09526187610756412,0.0,-0.9011647812931594,96,56
usa_south_athletic_confe,USA South Athletic Conference,2025-26,wlax,Huntingdon,Savannah Pitts,,,,6,3,0.0,0.0,0.0,0.0,0.0,0.0,0.0,0.0,0.0,0.0,0.0,0.0,0.0,0.0,0.0,0.0,0.0,0.0,0.0,0.0,0.0,0.0,0.0,2.0,0.0,2.0,0.0,180:00,0.0,0.0,1.0,0.0,0.0,0.0,0.0,0.0,0.0,0.0,,,,,,,,,,,,,,,-0.5828224793432579,-0.6183220815236725,-0.4317889789325989,-0.9180040878306658,-0.8788543681848913,-1.0416407763027964,0.0,-0.9012801936591384,97,56
usa_south_athletic_confe,USA South Athletic Conference,2025-26,wlax,Pfeiffer,Victoria  Howard,,,,12,12,0.0,1.0,0.0,0.0,0.0,0.0,4.0,0.0,0.0,0.0,0.0,0.0,0.0,2.0,2.0,0.0,0.0,0.0,0.0,0.0,0.0,0.0,0.0,19.0,24.0,26.0,7.0,734:00,94.0,0.0,1.0,13.0,16.0,2.0,8.0,2.0,6.0,0.813,,,,,,,,,,,,,,,-0.2766493194631224,-0.2584339520337301,-0.2562650037567457,0.2451399331643218,-0.14747080770493756,0.7055202702114786,0.0,-0.9156893541666047,98,56
usa_south_athletic_confe,USA South Athletic Conference,2025-26,wlax,Southern Virginia,Aubrey Reynolds,,,,17,14,0.0,1.0,0.0,0.0,0.0,0.0,2.0,0.0,0.0,0.0,0.0,0.0,0.0,0.0,0.0,0.0,0.0,0.0,0.0,0.0,0.0,0.0,0.0,20.0,3.0,13.0,8.0,858:00,53.0,0.0,1.0,5.0,6.0,1.0,3.0,1.0,2.0,0.833,,,,,,,,,,,,,,,-0.4680075443882071,-0.4983593716936917,-0.3440269913446723,0.31356016969343875,-0.04298744192208703,-0.24085862998375368,0.0,-0.9299986653595241,99,55
usa_south_athletic_confe,USA South Athletic Conference,2025-26,wlax,Meredith,Ariana Rundgren,,,,20,7,0.0,0.0,0.0,0.0,0.0,0.0,3.0,0.0,1.0,0.0,0.0,0.0,0.0,0.0,1.0,0.0,0.0,0.0,0.0,0.0,0.0,0.0,0.0,8.0,0.0,1.0,5.0,456:00,47.0,0.0,1.0,4.0,4.0,0.0,3.0,0.0,3.0,1.0,,,,,,,,,,,,,,,-0.4680075443882071,-0.4383780167787013,-0.4317889789325989,-0.5074826686559643,-0.3564375392706386,-1.1144391532408913,0.0,-0.9343626441456114,100,55
usa_south_athletic_confe,USA South Athletic Conference,2025-26,wlax,Methodist,Ashley Fuentes,,,,19,19,0.0,0.0,0.0,0.0,0.0,0.0,0.0,0.0,0.0,0.0,0.0,0.0,0.0,0.0,0.0,0.0,0.0,0.0,0.0,0.0,0.0,0.0,0.0,39.0,0.0,15.0,2.0,895:00,23.0,0.0,1.0,0.0,2.0,0.0,1.0,1.0,0.0,0.0,19.0,805:23,126.0,99.0,0.0,13.0,7.0,0.0,16.0,2.0,0.0,288.0,9.39,0.44,-0.5445508343582409,-0.6183220815236725,-0.3440269913446723,1.6135446637466602,-0.6698876366191902,-0.09526187610756412,0.0,-0.958825534937183,101,55
usa_south_athletic_confe,USA South Athletic Conference,2025-26,wlax,Methodist,Allye Carter,,,,17,2,0.0,1.0,0.0,0.0,0.0,0.0,2.0,0.0,2.0,0.0,0.0,0.0,0.0,0.0,1.0,0.0,0.0,0.0,0.0,0.0,0.0,0.0,0.0,15.0,1.0,8.0,6.0,166:00,27.0,0.0,1.0,5.0,5.0,2.0,3.0,0.0,3.0,1.0,,,,,,,,,,,,,,,-0.4680075443882071,-0.4383780167787013,-0.4317889789325989,-0.028541012952145863,-0.2519541734877881,-0.6048505146742277,0.0,-0.9631705931262762,102,55
usa_south_athletic_confe,USA South Athletic Conference,2025-26,wlax,Brevard,Sofia Hardin,,,,15,15,0.0,0.0,0.0,0.0,0.0,0.0,0.0,0.0,0.0,0.0,0.0,0.0,0.0,0.0,0.0,0.0,0.0,0.0,0.0,0.0,0.0,0.0,0.0,7.0,0.0,8.0,0.0,900:00,0.0,0.0,1.0,6.0,11.0,2.0,6.0,5.0,1.0,0.545,,,,,,,,,,,,,,,-0.3531926094331563,-0.5583407266086822,0.007020959007034135,-0.5759029051850812,-0.8788543681848913,-0.6048505146742277,0.0,-0.9894374955564789,103,55
usa_south_athletic_confe,USA South Athletic Conference,2025-26,wlax,Meredith,Madi Horrell,,,,21,21,0.0,0.0,0.0,0.0,0.0,0.0,0.0,0.0,0.0,0.0,0.0,0.0,0.0,0.0,0.0,0.0,0.0,0.0,0.0,0.0,0.0,0.0,0.0,25.0,0.0,8.0,5.0,1179:00,89.0,0.0,1.0,0.0,0.0,0.0,0.0,0.0,0.0,0.0,21.0,825:08,104.0,92.0,1.0,17.0,4.0,0.0,4.0,2.0,0.0,243.0,7.56,0.469,-0.5828224793432579,-0.6183220815236725,-0.4317889789325989,0.6556613523390233,-0.3564375392706386,-0.6048505146742277,0.0,-1.0480250800248088,104,54
usa_south_athletic_confe,USA South Athletic Conference,2025-26,wlax,Greensboro,Kenzie Helton,,,,17,17,0.0,1.0,0.0,0.0,0.0,0.0,2.0,1.0,0.0,0.0,0.0,0.0,0.0,2.0,0.0,0.0,0.0,0.0,0.0,0.0,0.0,0.0,0.0,21.0,10.0,17.0,7.0,988:00,42.0,0.0,1.0,3.0,5.0,1.0,3.0,1.0,2.0,0.6,,,,,,,,,,,,,,,-0.4680075443882071,-0.4983593716936917,-0.3440269913446723,0.38198040622255564,-0.14747080770493756,0.05033487776862546,0.0,-1.0572950072365956,105,54
usa_south_athletic_confe,USA South Athletic Conference,2025-26,wlax,Southern Virginia,Gracie Blake,,,,14,7,0.0,1.0,0.0,0.0,0.0,0.0,1.0,0.0,1.0,0.0,0.0,0.0,0.0,1.0,0.0,0.0,0.0,0.0,0.0,0.0,0.0,0.0,0.0,12.0,3.0,7.0,6.0,492:00,92.0,0.0,1.0,4.0,4.0,1.0,2.0,1.0,1.0,1.0,,,,,,,,,,,,,,,-0.506279189373224,-0.5583407266086822,-0.3440269913446723,-0.23380172253949663,-0.2519541734877881,-0.6776488916123224,0.0,-1.0684378767646967,106,54
usa_south_athletic_confe,USA South Athletic Conference,2025-26,wlax,Greensboro,Madison Wildman,,,,16,15,0.0,0.0,0.0,0.0,0.0,0.0,1.0,0.0,1.0,0.0,0.0,0.0,0.0,1.0,0.0,0.0,0.0,0.0,0.0,0.0,0.0,0.0,0.0,2.0,2.0,22.0,2.0,900:00,0.0,0.0,1.0,6.0,8.0,1.0,10.0,6.0,4.0,0.75,,,,,,,,,,,,,,,-0.20010602949308853,-0.3783966618637109,0.09478294659496074,-0.9180040878306658,-0.6698876366191902,0.4143267624590994,0.0,-1.0785735186861813,107,54
usa_south_athletic_confe,USA South Athletic Conference,2025-26,wlax,William Peace,Maddie Bevens,,,,7,3,0.0,0.0,0.0,0.0,0.0,0.0,0.0,0.0,0.0,0.0,0.0,0.0,0.0,1.0,0.0,0.0,0.0,0.0,0.0,0.0,0.0,0.0,0.0,0.0,0.0,2.0,0.0,224:00,174.0,0.0,1.0,0.0,0.0,0.0,0.0,0.0,0.0,0.0,,,,,,,,,,,,,,,-0.5828224793432579,-0.6183220815236725,-0.4317889789325989,-1.0548445608888997,-0.8788543681848913,-1.0416407763027964,0.0,-1.080230058611224,108,54
usa_south_athletic_confe,USA South Athletic Conference,2025-26,wlax,Pfeiffer,Madeline Chadbourne,,,,13,13,0.0,2.0,0.0,0.0,0.0,0.0,5.0,0.0,1.0,0.0,0.0,0.0,0.0,0.0,1.0,0.0,0.0,0.0,0.0,0.0,0.0,0.0,0.0,17.0,9.0,22.0,8.0,794:00,94.0,0.0,1.0,10.0,11.0,2.0,5.0,0.0,5.0,0.909,1.0,00:33,0.0,0.0,0.0,0.0,0.0,0.0,0.0,0.0,0.0,0.0,0.0,0.0,-0.39146425441817323,-0.3184153069487205,-0.4317889789325989,0.10829946010608797,-0.04298744192208703,0.4143267624590994,0.0,-1.0945858847584085,109,53
usa_south_athletic_confe,USA South Athletic Conference,2025-26,wlax,Greensboro,Alexandra Carefoot,,,,14,13,0.0,1.0,0.0,0.0,0.0,0.0,3.0,0.0,1.0,0.0,0.0,0.0,0.0,7.0,7.0,0.0,0.0,0.0,0.0,0.0,0.0,0.0,0.0,12.0,18.0,27.0,3.0,693:00,76.0,0.0,1.0,14.0,21.0,2.0,9.0,3.0,6.0,0.667,,,,,,,,,,,,,,,-0.23837767447810546,-0.2584339520337301,-0.16850301616881908,-0.23380172253949663,-0.5654042708363396,0.7783186471495733,0.0,-1.1141662042958431,110,53
usa_south_athletic_confe,USA South Athletic Conference,2025-26,wlax,N.C. Wesleyan,Alaska Evans,,,,11,11,0.0,0.0,0.0,0.0,0.0,1.0,5.0,0.0,2.0,0.0,0.0,0.0,0.0,3.0,0.0,0.0,0.0,0.0,0.0,0.0,0.0,0.0,0.0,6.0,4.0,29.0,6.0,619:00,13.0,0.0,1.0,19.0,23.0,3.0,10.0,3.0,7.0,0.826,,,,,,,,,,,,,,,-0.20010602949308853,-0.19845259711873967,-0.16850301616881908,-0.6443231417141981,-0.2519541734877881,0.923915401025763,0.0,-1.1152695734771547,111,53
usa_south_athletic_confe,USA South Athletic Conference,2025-26,wlax,William Peace,Elise Langer,,,,11,11,0.0,1.0,0.0,0.0,0.0,2.0,3.0,0.0,3.0,0.0,0.0,0.0,0.0,0.0,0.0,0.0,0.0,0.0,0.0,0.0,0.0,0.0,0.0,9.0,16.0,35.0,3.0,662:00,23.0,0.0,1.0,12.0,25.0,2.0,12.0,5.0,7.0,0.48,,,,,,,,,,,,,,,-0.12356273952305465,-0.19845259711873967,0.007020959007034135,-0.43906243212684737,-0.5654042708363396,1.3607056626543317,0.0,-1.1230324218638112,112,53
usa_south_athletic_confe,USA South Athletic Conference,2025-26,wlax,Southern Virginia,Addison Newman,,,,12,10,0.0,0.0,0.0,0.0,0.0,0.0,1.0,0.0,0.0,0.0,0.0,0.0,0.0,0.0,0.0,0.0,0.0,0.0,0.0,0.0,0.0,0.0,0.0,11.0,0.0,4.0,5.0,600:00,0.0,0.0,1.0,5.0,7.0,2.0,1.0,0.0,1.0,0.714,,,,,,,,,,,,,,,-0.5445508343582409,-0.5583407266086822,-0.4317889789325989,-0.30222195906861354,-0.3564375392706386,-0.8960440224266067,0.0,-1.1326559414291386,113,52
usa_south_athletic_confe,USA South Athletic Conference,2025-26,wlax,Pfeiffer,Reagan Martinez,,,,13,13,0.0,1.0,0.0,0.0,0.0,0.0,2.0,0.0,0.0,0.0,0.0,0.0,0.0,2.0,6.0,0.0,1.0,0.0,0.0,0.0,0.0,0.0,0.0,15.0,21.0,24.0,15.0,794:00,94.0,0.0,1.0,6.0,9.0,2.0,3.0,0.0,3.0,0.667,,,,,,,,,,,,,,,-0.4680075443882071,-0.4383780167787013,-0.4317889789325989,-0.028541012952145863,0.6883961185578666,0.559923516335289,0.0,-1.1469751179163865,114,52
usa_south_athletic_confe,USA South Athletic Conference,2025-26,wlax,William Peace,Jas Kessler,,,,7,5,0.0,0.0,0.0,0.0,0.0,0.0,0.0,0.0,0.0,0.0,0.0,0.0,0.0,0.0,0.0,0.0,0.0,0.0,0.0,0.0,0.0,0.0,0.0,2.0,0.0,10.0,3.0,332:00,17.0,0.0,1.0,0.0,1.0,0.0,0.0,0.0,0.0,0.0,,,,,,,,,,,,,,,-0.5828224793432579,-0.6183220815236725,-0.4317889789325989,-0.9180040878306658,-0.5654042708363396,-0.45925376079803804,0.0,-1.1487374031671314,115,52
usa_south_athletic_confe,USA South Athletic Conference,2025-26,wlax,Brevard,Audrey Hanson,,,,12,12,0.0,0.0,0.0,0.0,0.0,0.0,1.0,1.0,0.0,0.0,0.0,0.0,0.0,4.0,3.0,0.0,0.0,0.0,0.0,0.0,0.0,0.0,0.0,6.0,1.0,13.0,7.0,720:00,0.0,0.0,1.0,3.0,5.0,1.0,4.0,2.0,2.0,0.6,,,,,,,,,,,,,,,-0.4297358994031901,-0.4983593716936917,-0.2562650037567457,-0.6443231417141981,-0.14747080770493756,-0.24085862998375368,0.0,-1.1490036322201047,116,52
usa_south_athletic_confe,USA South Athletic Conference,2025-26,wlax,Greensboro,Bethany McQuinn,,,,13,10,0.0,0.0,0.0,0.0,0.0,0.0,1.0,0.0,0.0,0.0,0.0,0.0,0.0,1.0,3.0,0.0,0.0,0.0,0.0,0.0,0.0,0.0,0.0,9.0,1.0,6.0,4.0,599:00,34.0,0.0,1.0,1.0,1.0,0.0,2.0,1.0,1.0,1.0,,,,,,,,,,,,,,,-0.506279189373224,-0.5583407266086822,-0.3440269913446723,-0.43906243212684737,-0.46092090505348915,-0.7504472685504172,0.0,-1.1635867583353745,117,52
usa_south_athletic_confe,USA South Athletic Conference,2025-26,wlax,Piedmont,Rachel Verner,,,,17,14,0.0,0.0,0.0,0.0,0.0,0.0,0.0,0.0,0.0,0.0,0.0,0.0,0.0,0.0,0.0,0.0,0.0,0.0,0.0,0.0,0.0,0.0,0.0,18.0,0.0,6.0,1.0,787:00,54.0,0.0,1.0,1.0,1.0,0.0,1.0,0.0,1.0,1.0,15.0,607:46,84.0,67.0,0.0,8.0,4.0,0.0,4.0,0.0,0.0,190.0,8.29,0.444,-0.5445508343582409,-0.5583407266086822,-0.4317889789325989,0.1767196966352049,-0.7743710024020407,-0.7504472685504172,0.0,-1.1725921852078895,118,51
usa_south_athletic_confe,USA South Athletic Conference,2025-26,wlax,Huntingdon,Taff Bradley,,,,13,13,0.0,1.0,0.0,0.0,0.0,0.0,1.0,0.0,0.0,0.0,0.0,0.0,0.0,0.0,0.0,0.0,0.0,0.0,0.0,0.0,0.0,0.0,0.0,28.0,18.0,24.0,11.0,780:00,0.0,0.0,1.0,2.0,8.0,2.0,1.0,0.0,1.0,0.25,,,,,,,,,,,,,,,-0.5445508343582409,-0.5583407266086822,-0.4317889789325989,0.8609220619263741,0.2704626554264645,0.559923516335289,0.0,-1.1780296922262699,119,51
usa_south_athletic_confe,USA South Athletic Conference,2025-26,wlax,Southern Virginia,Riley Fink,,,,16,13,0.0,1.0,0.0,0.0,0.0,0.0,1.0,0.0,0.0,0.0,0.0,0.0,0.0,1.0,0.0,0.0,0.0,0.0,0.0,0.0,0.0,0.0,0.0,5.0,0.0,5.0,5.0,746:00,20.0,0.0,1.0,1.0,1.0,1.0,2.0,1.0,1.0,1.0,,,,,,,,,,,,,,,-0.506279189373224,-0.5583407266086822,-0.3440269913446723,-0.712743378243315,-0.3564375392706386,-0.823245645488512,0.0,-1.1852266816602217,120,51
usa_south_athletic_confe,USA South Athletic Conference,2025-26,wlax,Huntingdon,Aryiana Reid,,,,8,7,0.0,0.0,0.0,0.0,0.0,0.0,0.0,0.0,0.0,0.0,0.0,0.0,0.0,0.0,1.0,0.0,0.0,0.0,0.0,0.0,0.0,0.0,0.0,3.0,0.0,2.0,0.0,420:00,0.0,0.0,1.0,0.0,0.0,0.0,0.0,0.0,0.0,0.0,,,,,,,,,,,,,,,-0.5828224793432579,-0.6183220815236725,-0.4317889789325989,-0.8495838513015489,-0.8788543681848913,-1.0416407763027964,0.0,-1.185286068111863,121,51
usa_south_athletic_confe,USA South Athletic Conference,2025-26,wlax,Greensboro,Saniya Price,,,,8,8,0.0,0.0,0.0,0.0,0.0,0.0,0.0,0.0,0.0,0.0,0.0,0.0,0.0,0.0,0.0,0.0,0.0,0.0,0.0,0.0,0.0,0.0,0.0,2.0,0.0,2.0,0.0,480:00,0.0,0.0,1.0,0.0,0.0,0.0,0.0,0.0,0.0,0.0,,,,,,,,,,,,,,,-0.5828224793432579,-0.6183220815236725,-0.4317889789325989,-0.9180040878306658,-0.8788543681848913,-1.0416407763027964,0.0,-1.2017069248788514,122,51
usa_south_athletic_confe,USA South Athletic Conference,2025-26,wlax,N.C. Wesleyan,Kelsi Oyer,,,,12,12,0.0,0.0,0.0,0.0,0.0,0.0,1.0,0.0,0.0,0.0,0.0,0.0,0.0,1.0,2.0,0.0,0.0,0.0,0.0,0.0,0.0,0.0,0.0,3.0,8.0,14.0,6.0,647:00,35.0,0.0,1.0,11.0,13.0,2.0,5.0,0.0,5.0,0.846,,,,,,,,,,,,,,,-0.39146425441817323,-0.3184153069487205,-0.4317889789325989,-0.8495838513015489,-0.2519541734877881,-0.1680602530456589,0.0,-1.2116860914485066,123,50
usa_south_athletic_confe,USA South Athletic Conference,2025-26,wlax,Brevard,Jayden Rahdert,,,,9,9,0.0,0.0,0.0,0.0,0.0,0.0,0.0,0.0,0.0,0.0,0.0,0.0,0.0,0.0,1.0,0.0,0.0,0.0,0.0,0.0,0.0,0.0,0.0,7.0,0.0,7.0,6.0,540:00,0.0,0.0,1.0,0.0,0.0,0.0,0.0,0.0,0.0,0.0,,,,,,,,,,,,,,,-0.5828224793432579,-0.6183220815236725,-0.4317889789325989,-0.5759029051850812,-0.2519541734877881,-0.6776488916123224,0.0,-1.2213269970947525,124,50
usa_south_athletic_confe,USA South Athletic Conference,2025-26,wlax,Piedmont,Mallory O'Brien,,,,18,17,0.0,0.0,0.0,0.0,0.0,0.0,0.0,0.0,0.0,0.0,0.0,0.0,0.0,0.0,0.0,0.0,0.0,0.0,0.0,0.0,0.0,0.0,0.0,9.0,2.0,5.0,6.0,1022:00,24.0,0.0,1.0,1.0,1.0,0.0,0.0,0.0,0.0,1.0,,,,,,,,,,,,,,,-0.5828224793432579,-0.6183220815236725,-0.4317889789325989,-0.43906243212684737,-0.2519541734877881,-0.823245645488512,0.0,-1.257739153304001,125,50
usa_south_athletic_confe,USA South Athletic Conference,2025-26,wlax,Huntingdon,Jamirah Davis,,,,9,8,0.0,0.0,0.0,0.0,0.0,0.0,0.0,0.0,0.0,0.0,0.0,0.0,0.0,0.0,0.0,0.0,0.0,0.0,0.0,0.0,0.0,0.0,0.0,3.0,0.0,1.0,1.0,480:00,0.0,0.0,1.0,0.0,0.0,0.0,0.0,0.0,0.0,0.0,,,,,,,,,,,,,,,-0.5828224793432579,-0.6183220815236725,-0.4317889789325989,-0.8495838513015489,-0.7743710024020407,-1.1144391532408913,0.0,-1.279028902166762,126,50
usa_south_athletic_confe,USA South Athletic Conference,2025-26,wlax,Greensboro,Laihla Stevens,,,,9,2,0.0,0.0,0.0,0.0,0.0,0.0,1.0,0.0,0.0,0.0,0.0,0.0,0.0,0.0,0.0,0.0,0.0,0.0,0.0,0.0,0.0,0.0,0.0,5.0,0.0,9.0,1.0,120:00,0.0,0.0,1.0,5.0,7.0,3.0,2.0,0.0,2.0,0.714,,,,,,,,,,,,,,,-0.506279189373224,-0.4983593716936917,-0.4317889789325989,-0.712743378243315,-0.7743710024020407,-0.5320521377361328,0.0,-1.2964791879721353,127,50
usa_south_athletic_confe,USA South Athletic Conference,2025-26,wlax,Piedmont,Noelle Poteete,,,,17,13,0.0,0.0,0.0,0.0,0.0,0.0,0.0,0.0,0.0,0.0,0.0,0.0,0.0,0.0,0.0,0.0,0.0,0.0,0.0,0.0,0.0,0.0,0.0,7.0,0.0,6.0,7.0,782:00,24.0,0.0,1.0,0.0,0.0,0.0,0.0,0.0,0.0,0.0,,,,,,,,,,,,,,,-0.5828224793432579,-0.6183220815236725,-0.4317889789325989,-0.5759029051850812,-0.14747080770493756,-0.7504472685504172,0.0,-1.296565636261854,128,49
usa_south_athletic_confe,USA South Athletic Conference,2025-26,wlax,William Peace,Jordan Juanes,,,,9,6,0.0,0.0,0.0,0.0,0.0,0.0,0.0,0.0,0.0,0.0,0.0,0.0,0.0,1.0,0.0,0.0,0.0,0.0,0.0,0.0,0.0,0.0,0.0,3.0,0.0,4.0,3.0,398:00,118.0,0.0,1.0,0.0,0.0,0.0,0.0,0.0,0.0,0.0,,,,,,,,,,,,,,,-0.5828224793432579,-0.6183220815236725,-0.4317889789325989,-0.8495838513015489,-0.5654042708363396,-0.8960440224266067,0.0,-1.3012301317371653,129,49
usa_south_athletic_confe,USA South Athletic Conference,2025-26,wlax,N.C. Wesleyan,Nicole Triassi,,,,12,12,0.0,0.0,0.0,0.0,0.0,1.0,1.0,0.0,1.0,0.0,0.0,0.0,0.0,1.0,1.0,0.0,0.0,0.0,0.0,0.0,0.0,0.0,0.0,3.0,22.0,28.0,4.0,693:00,24.0,0.0,1.0,19.0,28.0,3.0,9.0,0.0,9.0,0.679,,,,,,,,,,,,,,,-0.23837767447810546,-0.07848988728875883,-0.4317889789325989,-0.8495838513015489,-0.46092090505348915,0.8511170240876681,0.0,-1.3370201061035103,130,49
usa_south_athletic_confe,USA South Athletic Conference,2025-26,wlax,N.C. Wesleyan,Alison Zuniga,,,,10,10,0.0,0.0,0.0,0.0,0.0,0.0,1.0,0.0,0.0,0.0,0.0,0.0,0.0,2.0,0.0,0.0,0.0,0.0,0.0,0.0,0.0,0.0,0.0,0.0,0.0,3.0,1.0,577:00,80.0,0.0,1.0,2.0,2.0,0.0,2.0,1.0,1.0,1.0,,,,,,,,,,,,,,,-0.506279189373224,-0.5583407266086822,-0.3440269913446723,-1.0548445608888997,-0.7743710024020407,-0.9688423993647016,0.0,-1.3549983738428417,131,49
usa_south_athletic_confe,USA South Athletic Conference,2025-26,wlax,Greensboro,Fran Zabala,,,,16,9,0.0,0.0,0.0,0.0,0.0,0.0,0.0,0.0,0.0,0.0,0.0,0.0,0.0,2.0,4.0,0.0,0.0,0.0,0.0,0.0,0.0,0.0,0.0,4.0,0.0,4.0,5.0,571:00,18.0,0.0,1.0,0.0,0.0,0.0,0.0,0.0,0.0,0.0,,,,,,,,,,,,,,,-0.5828224793432579,-0.6183220815236725,-0.4317889789325989,-0.781163614772432,-0.3564375392706386,-0.8960440224266067,0.0,-1.3625951670572936,132,49
usa_south_athletic_confe,USA South Athletic Conference,2025-26,wlax,Piedmont,Jaiden Ramatowski,,,,16,14,0.0,0.0,0.0,0.0,0.0,0.0,0.0,0.0,1.0,0.0,0.0,0.0,0.0,0.0,2.0,0.0,0.0,0.0,0.0,0.0,0.0,0.0,0.0,3.0,2.0,2.0,1.0,815:00,47.0,0.0,1.0,2.0,2.0,0.0,1.0,0.0,1.0,1.0,,,,,,,,,,,,,,,-0.5445508343582409,-0.5583407266086822,-0.4317889789325989,-0.8495838513015489,-0.7743710024020407,-1.0416407763027964,0.0,-1.364005846487964,133,48
usa_south_athletic_confe,USA South Athletic Conference,2025-26,wlax,N.C. Wesleyan,Izzie Wooten,,,,9,9,0.0,0.0,0.0,0.0,0.0,0.0,0.0,0.0,0.0,0.0,0.0,0.0,0.0,0.0,0.0,0.0,0.0,0.0,0.0,0.0,0.0,0.0,0.0,1.0,0.0,3.0,1.0,531:00,31.0,0.0,1.0,1.0,1.0,0.0,0.0,0.0,0.0,1.0,,,,,,,,,,,,,,,-0.5828224793432579,-0.6183220815236725,-0.4317889789325989,-0.9864243243597828,-0.7743710024020407,-0.9688423993647016,0.0,-1.3683906612879135,134,48
usa_south_athletic_confe,USA South Athletic Conference,2025-26,wlax,N.C. Wesleyan,Jillian Stine,,,,11,11,0.0,0.0,0.0,0.0,0.0,0.0,0.0,0.0,0.0,0.0,0.0,0.0,0.0,0.0,0.0,0.0,0.0,0.0,0.0,0.0,0.0,0.0,0.0,16.0,0.0,12.0,4.0,660:00,0.0,0.0,1.0,0.0,0.0,0.0,0.0,0.0,0.0,0.0,11.0,660:00,202.0,111.0,0.0,0.0,11.0,0.0,1.0,1.0,0.0,410.0,18.36,0.355,-0.5828224793432579,-0.6183220815236725,-0.4317889789325989,0.03987922357697106,-0.46092090505348915,-0.3136570069218485,0.0,-1.3805821314892315,135,48
usa_south_athletic_confe,USA South Athletic Conference,2025-26,wlax,Southern Virginia,Mary Honore,,,,15,3,0.0,0.0,0.0,0.0,0.0,0.0,1.0,0.0,0.0,0.0,0.0,0.0,0.0,0.0,0.0,0.0,0.0,0.0,0.0,0.0,0.0,0.0,0.0,2.0,0.0,3.0,2.0,206:00,44.0,0.0,1.0,1.0,2.0,0.0,1.0,0.0,1.0,0.5,,,,,,,,,,,,,,,-0.5445508343582409,-0.5583407266086822,-0.4317889789325989,-0.9180040878306658,-0.6698876366191902,-0.9688423993647016,0.0,-1.382306258487082,136,48
usa_south_athletic_confe,USA South Athletic Conference,2025-26,wlax,Pfeiffer,Olivia Garver,,,,11,11,0.0,0.0,0.0,0.0,0.0,0.0,0.0,0.0,0.0,0.0,0.0,0.0,0.0,0.0,2.0,0.0,0.0,0.0,0.0,0.0,0.0,0.0,0.0,18.0,0.0,20.0,10.0,672:00,71.0,0.0,1.0,1.0,1.0,1.0,0.0,0.0,0.0,1.0,,,,,,,,,,,,,,,-0.5828224793432579,-0.6183220815236725,-0.4317889789325989,0.1767196966352049,0.16597928964361403,0.26873000858290985,0.0,-1.3844147373645335,137,48
usa_south_athletic_confe,USA South Athletic Conference,2025-26,wlax,Huntingdon,Colby Jones,,,,13,13,0.0,1.0,0.0,0.0,0.0,0.0,1.0,0.0,2.0,0.0,0.0,0.0,0.0,3.0,3.0,0.0,0.0,0.0,0.0,0.0,0.0,0.0,0.0,7.0,10.0,21.0,7.0,780:00,0.0,0.0,1.0,13.0,16.0,3.0,4.0,0.0,4.0,0.813,,,,,,,,,,,,,,,-0.4297358994031901,-0.3783966618637109,-0.4317889789325989,-0.5759029051850812,-0.14747080770493756,0.3415283855210046,0.0,-1.3883289822223854,138,48
usa_south_athletic_confe,USA South Athletic Conference,2025-26,wlax,Brevard,Briana Landman,,,,15,15,0.0,0.0,0.0,0.0,0.0,0.0,0.0,0.0,0.0,0.0,0.0,0.0,0.0,0.0,0.0,0.0,0.0,0.0,0.0,0.0,0.0,0.0,0.0,1.0,0.0,1.0,3.0,900:00,0.0,0.0,1.0,0.0,0.0,0.0,0.0,0.0,0.0,0.0,,,,,,,,,,,,,,,-0.5828224793432579,-0.6183220815236725,-0.4317889789325989,-0.9864243243597828,-0.5654042708363396,-1.1144391532408913,0.0,-1.3995053470774954,139,47
usa_south_athletic_confe,USA South Athletic Conference,2025-26,wlax,Piedmont,Tamar Tompkins,,,,12,6,0.0,0.0,0.0,0.0,0.0,0.0,0.0,0.0,0.0,0.0,0.0,0.0,0.0,0.0,0.0,0.0,0.0,0.0,0.0,0.0,0.0,0.0,0.0,5.0,0.0,6.0,5.0,362:00,16.0,0.0,1.0,0.0,0.0,0.0,0.0,0.0,0.0,0.0,,,,,,,,,,,,,,,-0.5828224793432579,-0.6183220815236725,-0.4317889789325989,-0.712743378243315,-0.3564375392706386,-0.7504472685504172,0.0,-1.4003077976490346,140,47
usa_south_athletic_confe,USA South Athletic Conference,2025-26,wlax,William Peace,Liv Kanalis,,,,11,11,0.0,0.0,0.0,0.0,0.0,0.0,0.0,0.0,0.0,0.0,0.0,0.0,0.0,6.0,2.0,0.0,0.0,0.0,0.0,0.0,0.0,0.0,0.0,11.0,7.0,20.0,14.0,658:00,76.0,0.0,1.0,1.0,2.0,2.0,0.0,0.0,0.0,0.5,,,,,,,,,,,,,,,-0.5828224793432579,-0.6183220815236725,-0.4317889789325989,-0.30222195906861354,0.5839127527750161,0.26873000858290985,0.0,-1.4027171951362585,141,47
usa_south_athletic_confe,USA South Athletic Conference,2025-26,wlax,Greensboro,Destiny Vaughans,,,,11,8,0.0,0.0,0.0,0.0,0.0,0.0,0.0,0.0,0.0,0.0,0.0,0.0,0.0,0.0,1.0,0.0,0.0,0.0,0.0,0.0,0.0,0.0,0.0,3.0,0.0,3.0,3.0,480:00,0.0,0.0,1.0,0.0,0.0,0.0,0.0,0.0,0.0,0.0,,,,,,,,,,,,,,,-0.5828224793432579,-0.6183220815236725,-0.4317889789325989,-0.8495838513015489,-0.5654042708363396,-0.9688423993647016,0.0,-1.4166919067105013,142,47
usa_south_athletic_confe,USA South Athletic Conference,2025-26,wlax,Greensboro,Genesis Chinchilla,,,,16,9,0.0,0.0,0.0,0.0,0.0,0.0,0.0,0.0,0.0,0.0,0.0,0.0,0.0,5.0,0.0,0.0,0.0,0.0,0.0,0.0,0.0,0.0,0.0,11.0,4.0,18.0,5.0,628:00,118.0,0.0,1.0,1.0,2.0,1.0,2.0,2.0,0.0,0.5,,,,,,,,,,,,,,,-0.506279189373224,-0.6183220815236725,-0.2562650037567457,-0.30222195906861354,-0.3564375392706386,0.12313325470672025,0.0,-1.427173508606348,143,47
usa_south_athletic_confe,USA South Athletic Conference,2025-26,wlax,Methodist,Jenifer Ferreira,,,,11,0,0.0,1.0,0.0,0.0,0.0,0.0,2.0,0.0,0.0,0.0,0.0,0.0,0.0,0.0,0.0,0.0,0.0,0.0,0.0,0.0,0.0,0.0,0.0,1.0,0.0,7.0,2.0,44:00,28.0,0.0,1.0,5.0,6.0,3.0,2.0,0.0,2.0,0.833,,,,,,,,,,,,,,,-0.506279189373224,-0.4983593716936917,-0.4317889789325989,-0.9864243243597828,-0.6698876366191902,-0.6776488916123224,0.0,-1.4330530036297595,144,46
usa_south_athletic_confe,USA South Athletic Conference,2025-26,wlax,Methodist,Victorianna Murray,,,,13,0,0.0,0.0,0.0,0.0,0.0,0.0,0.0,0.0,0.0,0.0,0.0,0.0,0.0,0.0,0.0,0.0,0.0,0.0,0.0,0.0,0.0,0.0,0.0,8.0,0.0,4.0,0.0,272:00,45.0,0.0,1.0,0.0,0.0,0.0,0.0,0.0,0.0,0.0,13.0,334:37,27.0,20.0,0.0,0.0,0.0,0.0,1.0,2.0,0.0,64.0,4.84,0.426,-0.5828224793432579,-0.6183220815236725,-0.4317889789325989,-0.5074826686559643,-0.8788543681848913,-0.8960440224266067,0.0,-1.4372159318966293,145,46
usa_south_athletic_confe,USA South Athletic Conference,2025-26,wlax,William Peace,Iyana Covington,,,,10,10,0.0,0.0,0.0,0.0,0.0,0.0,0.0,0.0,0.0,0.0,0.0,0.0,0.0,0.0,0.0,0.0,0.0,0.0,0.0,0.0,0.0,0.0,0.0,5.0,0.0,3.0,1.0,598:00,102.0,0.0,1.0,1.0,2.0,1.0,0.0,0.0,0.0,0.5,,,,,,,,,,,,,,,-0.5828224793432579,-0.6183220815236725,-0.4317889789325989,-0.712743378243315,-0.7743710024020407,-0.9688423993647016,0.0,-1.4383297842627414,146,46
usa_south_athletic_confe,USA South Athletic Conference,2025-26,wlax,Huntingdon,Kylie Jo Stevenson,,,,10,7,0.0,0.0,0.0,0.0,0.0,0.0,0.0,0.0,0.0,0.0,0.0,0.0,0.0,0.0,0.0,0.0,0.0,0.0,0.0,0.0,0.0,0.0,0.0,9.0,0.0,8.0,3.0,427:00,53.0,0.0,1.0,0.0,0.0,0.0,0.0,0.0,0.0,0.0,,,,,,,,,,,,,,,-0.5828224793432579,-0.6183220815236725,-0.4317889789325989,-0.43906243212684737,-0.5654042708363396,-0.6048505146742277,0.0,-1.4391322348342803,147,46
usa_south_athletic_confe,USA South Athletic Conference,2025-26,wlax,Meredith,Amelia Money,,,,16,1,0.0,0.0,0.0,0.0,0.0,0.0,0.0,0.0,0.0,0.0,0.0,0.0,0.0,0.0,0.0,0.0,0.0,0.0,0.0,0.0,0.0,0.0,0.0,5.0,0.0,2.0,0.0,81:00,16.0,0.0,1.0,0.0,0.0,0.0,0.0,0.0,0.0,0.0,16.0,480:53,17.0,18.0,0.0,1.0,0.0,0.0,0.0,0.0,0.0,46.0,2.12,0.514,-0.5828224793432579,-0.6183220815236725,-0.4317889789325989,-0.712743378243315,-0.8788543681848913,-1.0416407763027964,0.0,-1.4405554432223588,148,46
usa_south_athletic_confe,USA South Athletic Conference,2025-26,wlax,William Peace,Aryal Brandon,,,,11,11,0.0,0.0,0.0,0.0,0.0,0.0,0.0,0.0,0.0,0.0,0.0,0.0,0.0,0.0,0.0,0.0,0.0,0.0,0.0,0.0,0.0,0.0,0.0,35.0,0.0,28.0,4.0,662:00,23.0,0.0,1.0,0.0,0.0,0.0,0.0,0.0,0.0,0.0,11.0,660:23,173.0,111.0,0.0,2.0,9.0,0.0,0.0,0.0,0.0,383.0,15.72,0.391,-0.5828224793432579,-0.6183220815236725,-0.4317889789325989,1.3398637176301926,-0.46092090505348915,0.8511170240876681,0.0,-1.4564963956770716,149,46
usa_south_athletic_confe,USA South Athletic Conference,2025-26,wlax,Pfeiffer,Rylee  Honeycutt,,,,13,12,0.0,0.0,0.0,0.0,0.0,1.0,0.0,0.0,0.0,0.0,0.0,0.0,0.0,7.0,2.0,0.0,0.0,0.0,0.0,0.0,0.0,0.0,0.0,10.0,2.0,19.0,6.0,734:00,86.0,0.0,1.0,6.0,8.0,1.0,2.0,1.0,1.0,0.75,,,,,,,,,,,,,,,-0.506279189373224,-0.5583407266086822,-0.3440269913446723,-0.3706421955977305,-0.2519541734877881,0.19593163164481503,0.0,-1.4589222279850218,150,45
usa_south_athletic_confe,USA South Athletic Conference,2025-26,wlax,N.C. Wesleyan,Taylor Boulware,,,,11,10,0.0,0.0,0.0,0.0,0.0,0.0,0.0,0.0,0.0,0.0,0.0,0.0,0.0,1.0,0.0,0.0,0.0,0.0,0.0,0.0,0.0,0.0,0.0,2.0,0.0,2.0,1.0,596:00,90.0,0.0,1.0,0.0,0.0,0.0,0.0,0.0,0.0,0.0,,,,,,,,,,,,,,,-0.5828224793432579,-0.6183220815236725,-0.4317889789325989,-0.9180040878306658,-0.7743710024020407,-1.0416407763027964,0.0,-1.4707886463637088,151,45
usa_south_athletic_confe,USA South Athletic Conference,2025-26,wlax,William Peace,Sam Huff,,,,11,11,0.0,3.0,0.0,0.0,0.0,0.0,6.0,0.0,2.0,0.0,0.0,0.0,0.0,0.0,0.0,0.0,0.0,0.0,0.0,0.0,0.0,0.0,0.0,14.0,3.0,36.0,8.0,655:00,86.0,0.0,1.0,15.0,20.0,9.0,6.0,0.0,6.0,0.75,,,,,,,,,,,,,,,-0.3531926094331563,-0.2584339520337301,-0.4317889789325989,-0.09696124948126278,-0.04298744192208703,1.4335040395924266,0.0,-1.4775782795709351,152,45
usa_south_athletic_confe,USA South Athletic Conference,2025-26,wlax,Brevard,Kyla Smith-Fondall,,,,14,14,0.0,0.0,0.0,0.0,0.0,0.0,0.0,0.0,0.0,0.0,0.0,0.0,0.0,0.0,0.0,0.0,0.0,0.0,0.0,0.0,0.0,0.0,0.0,69.0,0.0,55.0,6.0,840:00,0.0,0.0,1.0,0.0,0.0,0.0,0.0,0.0,0.0,0.0,14.0,780:00,174.0,138.0,0.0,6.0,8.0,0.0,2.0,0.0,0.0,415.0,13.38,0.442,-0.5828224793432579,-0.6183220815236725,-0.4317889789325989,3.666151759620168,-0.2519541734877881,2.816673201416228,0.0,-1.4821424345417926,153,45
usa_south_athletic_confe,USA South Athletic Conference,2025-26,wlax,William Peace,Mackenzie Kirk,,,,11,11,0.0,0.0,0.0,0.0,0.0,0.0,0.0,0.0,0.0,0.0,0.0,0.0,0.0,1.0,0.0,0.0,0.0,0.0,0.0,0.0,0.0,0.0,0.0,27.0,0.0,36.0,15.0,662:00,23.0,0.0,1.0,0.0,1.0,0.0,0.0,0.0,0.0,0.0,,,,,,,,,,,,,,,-0.5828224793432579,-0.6183220815236725,-0.4317889789325989,0.7925018253972572,0.6883961185578666,1.4335040395924266,0.0,-1.5088646624654487,154,45
usa_south_athletic_confe,USA South Athletic Conference,2025-26,wlax,N.C. Wesleyan,Bri Garcia,,,,12,12,0.0,0.0,0.0,0.0,0.0,0.0,0.0,0.0,0.0,0.0,0.0,0.0,0.0,0.0,1.0,0.0,0.0,0.0,0.0,0.0,0.0,0.0,0.0,10.0,4.0,28.0,8.0,711:00,53.0,0.0,1.0,0.0,1.0,1.0,3.0,3.0,0.0,0.0,,,,,,,,,,,,,,,-0.4680075443882071,-0.6183220815236725,-0.16850301616881908,-0.3706421955977305,-0.04298744192208703,0.8511170240876681,0.0,-1.545153021816331,155,44
usa_south_athletic_confe,USA South Athletic Conference,2025-26,wlax,Piedmont,Ansli Cannon,,,,15,5,0.0,0.0,0.0,0.0,0.0,0.0,0.0,0.0,0.0,0.0,0.0,0.0,0.0,0.0,0.0,0.0,0.0,0.0,0.0,0.0,0.0,0.0,0.0,25.0,0.0,20.0,0.0,354:00,30.0,0.0,1.0,0.0,1.0,0.0,0.0,0.0,0.0,0.0,14.0,534:30,79.0,72.0,0.0,4.0,3.0,0.0,3.0,0.0,0.0,203.0,8.87,0.477,-0.5828224793432579,-0.6183220815236725,-0.4317889789325989,0.6556613523390233,-0.8788543681848913,0.26873000858290985,0.0,-1.5541823380019397,156,44
usa_south_athletic_confe,USA South Athletic Conference,2025-26,wlax,Piedmont,Erin Colbert,,,,11,5,0.0,0.0,0.0,0.0,0.0,0.0,0.0,0.0,0.0,0.0,0.0,0.0,0.0,1.0,1.0,0.0,0.0,1.0,0.0,0.0,0.0,0.0,0.0,6.0,0.0,8.0,1.0,300:00,0.0,0.0,1.0,0.0,0.0,0.0,0.0,0.0,0.0,0.0,,,,,,,,,,,,,,,-0.5828224793432579,-0.6183220815236725,-0.4317889789325989,-0.6443231417141981,-0.7743710024020407,-0.6048505146742277,0.0,-1.5634004671801958,157,44
usa_south_athletic_confe,USA South Athletic Conference,2025-26,wlax,Methodist,Kaylea Carter,,,,16,1,0.0,0.0,0.0,0.0,0.0,0.0,1.0,0.0,0.0,0.0,0.0,0.0,0.0,2.0,0.0,0.0,0.0,0.0,0.0,0.0,0.0,0.0,0.0,8.0,0.0,13.0,1.0,60:00,0.0,0.0,1.0,4.0,8.0,2.0,1.0,0.0,1.0,0.5,,,,,,,,,,,,,,,-0.5445508343582409,-0.5583407266086822,-0.4317889789325989,-0.5074826686559643,-0.7743710024020407,-0.24085862998375368,0.0,-1.581688350221906,158,44
usa_south_athletic_confe,USA South Athletic Conference,2025-26,wlax,William Peace,Egypt Carroll,,,,11,11,0.0,0.0,0.0,0.0,0.0,0.0,2.0,0.0,0.0,0.0,0.0,0.0,0.0,2.0,1.0,0.0,0.0,0.0,0.0,0.0,0.0,0.0,0.0,7.0,6.0,22.0,4.0,662:00,23.0,0.0,1.0,3.0,7.0,0.0,3.0,1.0,2.0,0.429,,,,,,,,,,,,,,,-0.4680075443882071,-0.4983593716936917,-0.3440269913446723,-0.5759029051850812,-0.46092090505348915,0.4143267624590994,0.0,-1.584291783739642,159,44
usa_south_athletic_confe,USA South Athletic Conference,2025-26,wlax,N.C. Wesleyan,Tamiya Rooks,,,,12,9,0.0,0.0,0.0,0.0,0.0,0.0,0.0,0.0,0.0,0.0,0.0,0.0,0.0,2.0,0.0,0.0,0.0,0.0,0.0,0.0,0.0,0.0,0.0,0.0,0.0,4.0,0.0,628:00,100.0,0.0,1.0,0.0,0.0,0.0,0.0,0.0,0.0,0.0,,,,,,,,,,,,,,,-0.5828224793432579,-0.6183220815236725,-0.4317889789325989,-1.0548445608888997,-0.8788543681848913,-0.8960440224266067,0.0,-1.60142449956651,160,44
usa_south_athletic_confe,USA South Athletic Conference,2025-26,wlax,William Peace,Kaitlyn Kucera,,,,11,9,0.0,0.0,0.0,0.0,0.0,0.0,0.0,0.0,0.0,0.0,0.0,0.0,0.0,1.0,0.0,0.0,0.0,0.0,0.0,0.0,0.0,0.0,0.0,2.0,0.0,6.0,0.0,573:00,81.0,0.0,1.0,0.0,0.0,0.0,0.0,0.0,0.0,0.0,,,,,,,,,,,,,,,-0.5828224793432579,-0.6183220815236725,-0.4317889789325989,-0.9180040878306658,-0.8788543681848913,-0.7504472685504172,0.0,-1.6186110591995158,161,43
usa_south_athletic_confe,USA South Athletic Conference,2025-26,wlax,Greensboro,Ashley Angel,,,,17,17,0.0,0.0,0.0,0.0,0.0,0.0,0.0,0.0,0.0,0.0,0.0,0.0,0.0,0.0,0.0,0.0,0.0,0.0,0.0,0.0,0.0,0.0,0.0,4.0,0.0,14.0,6.0,1020:00,0.0,0.0,1.0,0.0,0.0,0.0,0.0,0.0,0.0,0.0,,,,,,,,,,,,,,,-0.5828224793432579,-0.6183220815236725,-0.4317889789325989,-0.781163614772432,-0.2519541734877881,-0.1680602530456589,0.0,-1.6224436650748177,162,43
usa_south_athletic_confe,USA South Athletic Conference,2025-26,wlax,N.C. Wesleyan,Kiara Locklear,,,,12,11,0.0,0.0,0.0,0.0,0.0,0.0,0.0,0.0,0.0,0.0,0.0,0.0,0.0,0.0,0.0,0.0,0.0,0.0,0.0,0.0,0.0,0.0,0.0,1.0,0.0,6.0,0.0,683:00,91.0,0.0,1.0,0.0,0.0,0.0,0.0,0.0,0.0,0.0,,,,,,,,,,,,,,,-0.5828224793432579,-0.6183220815236725,-0.4317889789325989,-0.9864243243597828,-0.8788543681848913,-0.7504472685504172,0.0,-1.6391371301582507,163,43
usa_south_athletic_confe,USA South Athletic Conference,2025-26,wlax,Huntingdon,Bayleigh Pitts,,,,10,8,0.0,0.0,0.0,0.0,0.0,0.0,0.0,0.0,0.0,0.0,0.0,0.0,0.0,0.0,1.0,0.0,0.0,0.0,0.0,0.0,0.0,0.0,0.0,7.0,1.0,14.0,3.0,497:00,29.0,0.0,1.0,0.0,0.0,0.0,0.0,0.0,0.0,0.0,,,,,,,,,,,,,,,-0.5828224793432579,-0.6183220815236725,-0.4317889789325989,-0.5759029051850812,-0.5654042708363396,-0.1680602530456589,0.0,-1.654900481403178,164,43
usa_south_athletic_confe,USA South Athletic Conference,2025-26,wlax,N.C. Wesleyan,Anaya Sule,,,,10,6,0.0,0.0,0.0,0.0,0.0,0.0,0.0,0.0,0.0,0.0,0.0,0.0,0.0,0.0,0.0,0.0,0.0,0.0,0.0,0.0,0.0,0.0,0.0,1.0,0.0,9.0,2.0,429:00,68.0,0.0,1.0,0.0,0.0,0.0,0.0,0.0,0.0,0.0,,,,,,,,,,,,,,,-0.5828224793432579,-0.6183220815236725,-0.4317889789325989,-0.9864243243597828,-0.6698876366191902,-0.5320521377361328,0.0,-1.663805163014254,165,43
usa_south_athletic_confe,USA South Athletic Conference,2025-26,wlax,Pfeiffer,V. Garcia-Flores,,,,10,9,0.0,0.0,0.0,0.0,0.0,0.0,0.0,0.0,0.0,0.0,0.0,0.0,0.0,2.0,1.0,0.0,0.0,0.0,0.0,0.0,0.0,0.0,0.0,2.0,0.0,9.0,1.0,541:00,36.0,0.0,1.0,0.0,0.0,0.0,0.0,0.0,0.0,0.0,,,,,,,,,,,,,,,-0.5828224793432579,-0.6183220815236725,-0.4317889789325989,-0.9180040878306658,-0.7743710024020407,-0.5320521377361328,0.0,-1.674624101790374,166,43
usa_south_athletic_confe,USA South Athletic Conference,2025-26,wlax,William Peace,A'zori Anderson,,,,11,10,0.0,1.0,0.0,0.0,0.0,0.0,2.0,0.0,0.0,0.0,0.0,0.0,0.0,4.0,0.0,0.0,0.0,0.0,0.0,0.0,0.0,0.0,0.0,9.0,1.0,20.0,1.0,462:00,120.0,0.0,1.0,4.0,4.0,3.0,2.0,0.0,2.0,1.0,,,,,,,,,,,,,,,-0.506279189373224,-0.4983593716936917,-0.4317889789325989,-0.43906243212684737,-0.7743710024020407,0.26873000858290985,0.0,-1.678741005772827,167,42
usa_south_athletic_confe,USA South Athletic Conference,2025-26,wlax,William Peace,Rebecca Boyle,,,,11,11,0.0,0.0,0.0,0.0,0.0,0.0,0.0,0.0,0.0,0.0,0.0,0.0,0.0,0.0,0.0,0.0,0.0,0.0,0.0,0.0,0.0,0.0,0.0,0.0,0.0,8.0,1.0,655:00,32.0,0.0,1.0,0.0,1.0,0.0,0.0,0.0,0.0,0.0,,,,,,,,,,,,,,,-0.5828224793432579,-0.6183220815236725,-0.4317889789325989,-1.0548445608888997,-0.7743710024020407,-0.6048505146742277,0.0,-1.6865568929326062,168,42
usa_south_athletic_confe,USA South Athletic Conference,2025-26,wlax,N.C. Wesleyan,Alina Smith,,,,11,11,0.0,0.0,0.0,0.0,0.0,0.0,0.0,0.0,0.0,0.0,0.0,0.0,0.0,0.0,0.0,0.0,0.0,0.0,0.0,0.0,0.0,0.0,0.0,8.0,0.0,17.0,3.0,639:00,50.0,0.0,1.0,2.0,2.0,0.0,0.0,0.0,0.0,1.0,,,,,,,,,,,,,,,-0.5828224793432579,-0.6183220815236725,-0.4317889789325989,-0.5074826686559643,-0.5654042708363396,0.05033487776862546,0.0,-1.7217324627701567,169,42
usa_south_athletic_confe,USA South Athletic Conference,2025-26,wlax,Pfeiffer,Dakota Dominic,,,,12,12,0.0,0.0,0.0,0.0,0.0,0.0,0.0,0.0,0.0,0.0,0.0,0.0,0.0,0.0,0.0,0.0,0.0,0.0,0.0,0.0,0.0,0.0,0.0,19.0,0.0,25.0,3.0,734:00,94.0,0.0,1.0,0.0,0.0,0.0,0.0,0.0,0.0,0.0,12.0,719:28,213.0,108.0,0.0,2.0,10.0,0.0,15.0,5.0,0.0,417.0,17.76,0.336,-0.5828224793432579,-0.6183220815236725,-0.4317889789325989,0.2451399331643218,-0.5654042708363396,0.6327218932733838,0.0,-1.7289004884259742,170,42
usa_south_athletic_confe,USA South Athletic Conference,2025-26,wlax,Greensboro,D'Kayla Thomasson,,,,11,7,0.0,0.0,0.0,0.0,0.0,0.0,0.0,0.0,0.0,0.0,0.0,0.0,0.0,0.0,0.0,0.0,0.0,0.0,0.0,0.0,0.0,0.0,0.0,24.0,0.0,27.0,1.0,420:00,38.0,0.0,1.0,0.0,0.0,0.0,0.0,0.0,0.0,0.0,11.0,473:59,136.0,76.0,0.0,2.0,4.0,0.0,0.0,0.0,0.0,274.0,17.22,0.358,-0.5828224793432579,-0.6183220815236725,-0.4317889789325989,0.5872411158099065,-0.7743710024020407,0.7783186471495733,0.0,-1.7471988546524848,171,42
usa_south_athletic_confe,USA South Athletic Conference,2025-26,wlax,Huntingdon,Rebekah Wilson,,,,13,13,0.0,0.0,0.0,0.0,0.0,0.0,0.0,0.0,0.0,0.0,0.0,0.0,0.0,0.0,2.0,0.0,0.0,0.0,0.0,0.0,0.0,0.0,0.0,16.0,0.0,30.0,8.0,780:00,0.0,0.0,1.0,0.0,0.0,0.0,0.0,0.0,0.0,0.0,,,,,,,,,,,,,,,-0.5828224793432579,-0.6183220815236725,-0.4317889789325989,0.03987922357697106,-0.04298744192208703,0.9967137779638577,0.0,-1.7793504065040935,172,41
usa_south_athletic_confe,USA South Athletic Conference,2025-26,wlax,Huntingdon,Angelina Tran,,,,13,13,0.0,0.0,0.0,0.0,0.0,0.0,0.0,0.0,0.0,0.0,0.0,0.0,0.0,0.0,0.0,0.0,0.0,0.0,0.0,0.0,0.0,0.0,0.0,17.0,0.0,23.0,0.0,780:00,0.0,0.0,1.0,0.0,0.0,0.0,0.0,0.0,0.0,0.0,11.0,660:00,190.0,62.0,0.0,4.0,7.0,0.0,1.0,0.0,0.0,333.0,17.27,0.246,-0.5828224793432579,-0.6183220815236725,-0.4317889789325989,0.10829946010608797,-0.8788543681848913,0.4871251393971942,0.0,-1.805748957997534,173,41
usa_south_athletic_confe,USA South Athletic Conference,2025-26,wlax,Southern Virginia,Savanna Burnett,,,,18,18,0.0,0.0,0.0,0.0,0.0,0.0,0.0,0.0,0.0,0.0,0.0,0.0,0.0,0.0,0.0,0.0,0.0,0.0,0.0,0.0,0.0,0.0,0.0,24.0,0.0,32.0,0.0,1080:00,0.0,0.0,1.0,0.0,0.0,0.0,0.0,0.0,0.0,0.0,18.0,1080:00,192.0,100.0,0.0,11.0,8.0,0.0,4.0,0.0,0.0,400.0,10.67,0.342,-0.5828224793432579,-0.6183220815236725,-0.4317889789325989,0.5872411158099065,-0.8788543681848913,1.1423105318400473,0.0,-1.9241406182635297,174,41
usa_south_athletic_confe,USA South Athletic Conference,2025-26,wlax,Greensboro,Carly Walton,,,,15,11,0.0,0.0,0.0,0.0,0.0,0.0,0.0,0.0,0.0,0.0,0.0,0.0,0.0,2.0,0.0,0.0,0.0,0.0,0.0,0.0,0.0,0.0,0.0,16.0,0.0,33.0,6.0,708:00,25.0,0.0,1.0,0.0,0.0,0.0,0.0,0.0,0.0,0.0,14.0,546:01,151.0,94.0,0.0,3.0,7.0,0.0,5.0,1.0,0.0,298.0,16.59,0.384,-0.5828224793432579,-0.6183220815236725,-0.4317889789325989,0.03987922357697106,-0.2519541734877881,1.2151089087781421,0.0,-1.9293984782995173,175,41
usa_south_athletic_confe,USA South Athletic Conference,2025-26,wlax,Meredith,Brooke Blades,,,,0,0,,,,,,,,,,,,,,,,,,,,,,,,,,,,,,,,,,,,,,,,,,,,,,,,,,,,,,,,,,,,,176,41
usa_south_athletic_confe,USA South Athletic Conference,2025-26,wlax,Meredith,Casey Phelps,,,,0,0,,,,,,,,,,,,,,,,,,,,,,,,,,,,,,,,,,,,,,,,,,,,,,,,,,,,,,,,,,,,,177,41
usa_south_athletic_confe,USA South Athletic Conference,2025-26,wlax,Methodist,Amelia Fuentes,,,,0,0,,,,,,,,,,,,,,,,,,,,,,,,,,,,,,,,,,,,,,,,,,,,,,,,,,,,,,,,,,,,,178,40
usa_south_athletic_confe,USA South Athletic Conference,2025-26,wlax,Pfeiffer,Tita Victoria,,,,0,0,,,,,,,,,,,,,,,,,,,,,,,,,,,,,,,,,,,,,,,,,,,,,,,,,,,,,,,,,,,,,179,40
usa_south_athletic_confe,USA South Athletic Conference,2025-26,wlax,Southern Virginia,Clarissa Green,,,,0,0,,,,,,,,,,,,,,,,,,,,,,,,,,,,,,,,,,,,,,,,,,,,,,,,,,,,,,,,,,,,,180,40
usa_south_athletic_confe,USA South Athletic Conference,2025-26,wlax,William Peace,Leila Haynesworth,,,,0,0,,,,,,,,,,,,,,,,,,,,,,,,,,,,,,,,,,,,,,,,,,,,,,,,,,,,,,,,,,,,,181,40
